{"level":30,"time":1787748124420,"pid":29544,"hostname":"ELTECH","filters":{"page":1,"limit":10},"count":16,"msg":"Users fetched"}
{"level":30,"time":1787748125249,"pid":29544,"hostname":"ELTECH","filters":{"page":1,"limit":5},"count":16,"msg":"Users fetched"}
{"level":30,"time":1787748125336,"pid":29544,"hostname":"ELTECH","filters":{"limit":1000},"count":16,"msg":"Users fetched"}
{"level":30,"time":1787748128016,"pid":29544,"hostname":"ELTECH","filters":{"page":1,"limit":10},"count":16,"msg":"Users fetched"}
{"level":30,"time":1787748187068,"pid":29544,"hostname":"ELTECH","id":17,"msg":"User created"}
{"level":30,"time":1787748187130,"pid":29544,"hostname":"ELTECH","filters":{"page":1,"limit":10},"count":17,"msg":"Users fetched"}
{"level":30,"time":1787748187254,"pid":29544,"hostname":"ELTECH","filters":{"limit":1000},"count":17,"msg":"Users fetched"}
{"level":30,"time":1787748187303,"pid":29544,"hostname":"ELTECH","filters":{"page":1,"limit":5},"count":17,"msg":"Users fetched"}
{"level":30,"time":1787748187588,"pid":29544,"hostname":"ELTECH","filters":{"page":1,"limit":5},"count":17,"msg":"Users fetched"}
{"level":30,"time":1787748187600,"pid":29544,"hostname":"ELTECH","filters":{"limit":1000},"count":17,"msg":"Users fetched"}
{"level":30,"time":1787748187718,"pid":29544,"hostname":"ELTECH","filters":{"page":1,"limit":10},"count":17,"msg":"Users fetched"}
{"level":30,"time":1787748187732,"pid":29544,"hostname":"ELTECH","filters":{"page":1,"limit":10},"count":17,"msg":"Users fetched"}
{"level":30,"time":1787748192471,"pid":29544,"hostname":"ELTECH","filters":{"page":4,"limit":10},"count":17,"msg":"Users fetched"}
{"level":30,"time":1787748192483,"pid":29544,"hostname":"ELTECH","filters":{"page":4,"limit":5},"count":17,"msg":"Users fetched"}
{"level":30,"time":1787748198194,"pid":29544,"hostname":"ELTECH","id":17,"msg":"User fetched"}
{"level":30,"time":1787748214377,"pid":29544,"hostname":"ELTECH","userId":17,"addressId":24,"msg":"Address created"}
{"level":30,"time":1787748214647,"pid":29544,"hostname":"ELTECH","filters":{"page":4,"limit":10},"count":17,"msg":"Users fetched"}
{"level":30,"time":1787748214694,"pid":29544,"hostname":"ELTECH","filters":{"page":4,"limit":5},"count":17,"msg":"Users fetched"}
{"level":30,"time":1787748214706,"pid":29544,"hostname":"ELTECH","filters":{"limit":1000},"count":17,"msg":"Users fetched"}
{"level":30,"time":1787748214715,"pid":29544,"hostname":"ELTECH","id":17,"msg":"User fetched"}
{"level":30,"time":1787748214832,"pid":29544,"hostname":"ELTECH","filters":{"page":4,"limit":10},"count":17,"msg":"Users fetched"}
{"level":30,"time":1787748214832,"pid":29544,"hostname":"ELTECH","filters":{"limit":1000},"count":17,"msg":"Users fetched"}
{"level":30,"time":1787748214854,"pid":29544,"hostname":"ELTECH","filters":{"page":4,"limit":5},"count":17,"msg":"Users fetched"}
{"level":30,"time":1787748214953,"pid":29544,"hostname":"ELTECH","id":17,"msg":"User fetched"}
{"level":30,"time":1787748220470,"pid":29544,"hostname":"ELTECH","addressId":24,"msg":"Address fetched"}
{"level":30,"time":1787748224985,"pid":29544,"hostname":"ELTECH","addressId":24,"msg":"Address updated"}
{"level":30,"time":1787748225167,"pid":29544,"hostname":"ELTECH","filters":{"page":4,"limit":10},"count":17,"msg":"Users fetched"}
{"level":30,"time":1787748225229,"pid":29544,"hostname":"ELTECH","addressId":24,"msg":"Address fetched"}
{"level":30,"time":1787748225394,"pid":29544,"hostname":"ELTECH","filters":{"limit":1000},"count":17,"msg":"Users fetched"}
{"level":30,"time":1787748225418,"pid":29544,"hostname":"ELTECH","filters":{"page":4,"limit":5},"count":17,"msg":"Users fetched"}
{"level":30,"time":1787748225602,"pid":29544,"hostname":"ELTECH","id":17,"msg":"User fetched"}
{"level":30,"time":1787748225786,"pid":29544,"hostname":"ELTECH","filters":{"page":4,"limit":10},"count":17,"msg":"Users fetched"}
{"level":30,"time":1787748225792,"pid":29544,"hostname":"ELTECH","addressId":24,"msg":"Address fetched"}
{"level":30,"time":1787748225800,"pid":29544,"hostname":"ELTECH","filters":{"limit":1000},"count":17,"msg":"Users fetched"}
{"level":30,"time":1787748225869,"pid":29544,"hostname":"ELTECH","filters":{"page":4,"limit":5},"count":17,"msg":"Users fetched"}
{"level":30,"time":1787748225880,"pid":29544,"hostname":"ELTECH","id":17,"msg":"User fetched"}
{"level":30,"time":1787748235985,"pid":29544,"hostname":"ELTECH","filters":{"page":1,"limit":10},"count":17,"msg":"Users fetched"}
{"level":30,"time":1787748236044,"pid":29544,"hostname":"ELTECH","filters":{"page":1,"limit":5},"count":17,"msg":"Users fetched"}
{"level":30,"time":1787748240792,"pid":29544,"hostname":"ELTECH","id":1,"msg":"User fetched"}
{"level":30,"time":1787748247744,"pid":29544,"hostname":"ELTECH","id":1,"msg":"User updated"}
{"level":30,"time":1787748247835,"pid":29544,"hostname":"ELTECH","filters":{"page":1,"limit":10},"count":17,"msg":"Users fetched"}
{"level":30,"time":1787748247879,"pid":29544,"hostname":"ELTECH","filters":{"limit":1000},"count":17,"msg":"Users fetched"}
{"level":30,"time":1787748247884,"pid":29544,"hostname":"ELTECH","filters":{"page":1,"limit":5},"count":17,"msg":"Users fetched"}
{"level":30,"time":1787748247897,"pid":29544,"hostname":"ELTECH","id":1,"msg":"User fetched"}
{"level":30,"time":1787748248023,"pid":29544,"hostname":"ELTECH","filters":{"page":1,"limit":5},"count":17,"msg":"Users fetched"}
{"level":30,"time":1787748248034,"pid":29544,"hostname":"ELTECH","filters":{"limit":1000},"count":17,"msg":"Users fetched"}
{"level":30,"time":1787748248044,"pid":29544,"hostname":"ELTECH","id":1,"msg":"User fetched"}
{"level":30,"time":1787748248131,"pid":29544,"hostname":"ELTECH","filters":{"page":1,"limit":10},"count":17,"msg":"Users fetched"}
{"level":30,"time":1787748248147,"pid":29544,"hostname":"ELTECH","filters":{"page":1,"limit":10},"count":17,"msg":"Users fetched"}
{"level":30,"time":1787748250492,"pid":29544,"hostname":"ELTECH","filters":{"page":4,"limit":10},"count":17,"msg":"Users fetched"}
{"level":30,"time":1787748250594,"pid":29544,"hostname":"ELTECH","filters":{"page":4,"limit":5},"count":17,"msg":"Users fetched"}
{"level":30,"time":1787748253029,"pid":29544,"hostname":"ELTECH","id":17,"msg":"User fetched"}
{"level":30,"time":1787748257033,"pid":29544,"hostname":"ELTECH","id":17,"msg":"User updated"}
{"level":30,"time":1787748257083,"pid":29544,"hostname":"ELTECH","filters":{"page":4,"limit":10},"count":17,"msg":"Users fetched"}
{"level":30,"time":1787748257132,"pid":29544,"hostname":"ELTECH","id":17,"msg":"User fetched"}
{"level":30,"time":1787748257148,"pid":29544,"hostname":"ELTECH","filters":{"limit":1000},"count":17,"msg":"Users fetched"}
{"level":30,"time":1787748257167,"pid":29544,"hostname":"ELTECH","filters":{"page":4,"limit":5},"count":17,"msg":"Users fetched"}
{"level":30,"time":1787748257277,"pid":29544,"hostname":"ELTECH","filters":{"limit":1000},"count":17,"msg":"Users fetched"}
{"level":30,"time":1787748257280,"pid":29544,"hostname":"ELTECH","filters":{"page":4,"limit":5},"count":17,"msg":"Users fetched"}
{"level":30,"time":1787748257288,"pid":29544,"hostname":"ELTECH","id":17,"msg":"User fetched"}
{"level":30,"time":1787748257344,"pid":29544,"hostname":"ELTECH","filters":{"page":1,"limit":10},"count":17,"msg":"Users fetched"}
{"level":30,"time":1787748257355,"pid":29544,"hostname":"ELTECH","filters":{"page":1,"limit":10},"count":17,"msg":"Users fetched"}
{"level":30,"time":1787748257526,"pid":29544,"hostname":"ELTECH","filters":{"page":1,"limit":5},"count":17,"msg":"Users fetched"}
{"level":30,"time":1787748261322,"pid":29544,"hostname":"ELTECH","filters":{"page":4,"limit":10},"count":17,"msg":"Users fetched"}
{"level":30,"time":1787748264607,"pid":29544,"hostname":"ELTECH","filters":{"page":1,"limit":10},"count":17,"msg":"Users fetched"}
{"level":30,"time":1787748269033,"pid":29544,"hostname":"ELTECH","filters":{"page":1,"limit":10},"count":6,"msg":"Posts fetched"}
{"level":30,"time":1787748269111,"pid":29544,"hostname":"ELTECH","filters":{},"count":6,"msg":"Posts fetched"}
{"level":30,"time":1787748274554,"pid":29544,"hostname":"ELTECH","id":6,"msg":"Post fetched"}
{"level":30,"time":1787748284044,"pid":29544,"hostname":"ELTECH","id":6,"msg":"Post updated"}
{"level":30,"time":1787748284148,"pid":29544,"hostname":"ELTECH","filters":{"page":1,"limit":10},"count":6,"msg":"Posts fetched"}
{"level":30,"time":1787748284180,"pid":29544,"hostname":"ELTECH","id":6,"msg":"Post fetched"}
{"level":30,"time":1787748284201,"pid":29544,"hostname":"ELTECH","filters":{},"count":6,"msg":"Posts fetched"}
{"level":30,"time":1787748284218,"pid":29544,"hostname":"ELTECH","filters":{"page":1},"count":6,"msg":"Posts fetched"}
{"level":30,"time":1787748284362,"pid":29544,"hostname":"ELTECH","filters":{"page":1,"limit":10},"count":6,"msg":"Posts fetched"}
{"level":30,"time":1787748284394,"pid":29544,"hostname":"ELTECH","filters":{"page":1,"limit":10},"count":6,"msg":"Posts fetched"}
{"level":30,"time":1787748315583,"pid":29544,"hostname":"ELTECH","id":7,"content":"je suis d'accord","msg":"Comment created successfully"}
{"level":30,"time":1787748322260,"pid":29544,"hostname":"ELTECH","filters":{"limit":1000},"count":17,"msg":"Users fetched"}
{"level":30,"time":1787748327346,"pid":29544,"hostname":"ELTECH","id":8,"content":"test","msg":"Comment created successfully"}
{"level":30,"time":1787748332294,"pid":29544,"hostname":"ELTECH","filters":{"page":1,"limit":10},"count":6,"msg":"Posts fetched"}
{"level":30,"time":1787748335733,"pid":29544,"hostname":"ELTECH","filters":{"page":1,"limit":10},"count":17,"msg":"Users fetched"}
{"level":30,"time":1787748335800,"pid":29544,"hostname":"ELTECH","filters":{"page":1,"limit":5},"count":17,"msg":"Users fetched"}
{"level":30,"time":1787748339782,"pid":29544,"hostname":"ELTECH","filters":{"page":1,"limit":10},"count":6,"msg":"Posts fetched"}
{"level":30,"time":1787748348317,"pid":29544,"hostname":"ELTECH","filters":{"page":1,"limit":10},"count":6,"msg":"Posts fetched"}
{"level":30,"time":1787748348414,"pid":29544,"hostname":"ELTECH","filters":{},"count":6,"msg":"Posts fetched"}
{"level":30,"time":1787748381565,"pid":29544,"hostname":"ELTECH","filters":{"page":1,"limit":10},"count":6,"msg":"Posts fetched"}
{"level":30,"time":1787748403342,"pid":29544,"hostname":"ELTECH","id":6,"msg":"Post fetched"}
{"level":30,"time":1787748468103,"pid":29544,"hostname":"ELTECH","userId":2,"addressId":2,"msg":"Default address fetched"}
{"level":30,"time":1787748483485,"pid":29544,"hostname":"ELTECH","id":2,"msg":"User updated"}
{"level":30,"time":1787748488503,"pid":29544,"hostname":"ELTECH","userId":2,"filters":{"page":1,"limit":5},"count":7,"msg":"User addresses fetched"}
{"level":30,"time":1787748488526,"pid":29544,"hostname":"ELTECH","userId":2,"filters":{"limit":1000},"count":7,"msg":"User addresses fetched"}
{"level":30,"time":1787748507331,"pid":29544,"hostname":"ELTECH","addressId":8,"msg":"Address fetched"}
{"level":30,"time":1787748510066,"pid":29544,"hostname":"ELTECH","addressId":8,"msg":"Address updated"}
{"level":30,"time":1787748510162,"pid":29544,"hostname":"ELTECH","userId":2,"filters":{"page":1,"limit":5},"count":7,"msg":"User addresses fetched"}
{"level":30,"time":1787748510178,"pid":29544,"hostname":"ELTECH","addressId":8,"msg":"Address fetched"}
{"level":30,"time":1787748510190,"pid":29544,"hostname":"ELTECH","userId":2,"filters":{"limit":1000},"count":7,"msg":"User addresses fetched"}
{"level":30,"time":1787748510363,"pid":29544,"hostname":"ELTECH","userId":2,"filters":{"page":1,"limit":5},"count":7,"msg":"User addresses fetched"}
{"level":30,"time":1787748510373,"pid":29544,"hostname":"ELTECH","userId":2,"filters":{"limit":1000},"count":7,"msg":"User addresses fetched"}
{"level":30,"time":1787748510379,"pid":29544,"hostname":"ELTECH","addressId":8,"msg":"Address fetched"}
{"level":30,"time":1787748529510,"pid":29544,"hostname":"ELTECH","userId":2,"addressId":25,"msg":"Address created"}
{"level":30,"time":1787748529597,"pid":29544,"hostname":"ELTECH","userId":2,"filters":{"page":1,"limit":5},"count":8,"msg":"User addresses fetched"}
{"level":30,"time":1787748529610,"pid":29544,"hostname":"ELTECH","userId":2,"filters":{"limit":1000},"count":8,"msg":"User addresses fetched"}
{"level":30,"time":1787748529705,"pid":29544,"hostname":"ELTECH","userId":2,"filters":{"page":1,"limit":5},"count":8,"msg":"User addresses fetched"}
{"level":30,"time":1787748529711,"pid":29544,"hostname":"ELTECH","userId":2,"filters":{"limit":1000},"count":8,"msg":"User addresses fetched"}
{"level":30,"time":1787748535679,"pid":29544,"hostname":"ELTECH","userId":2,"filters":{"page":2,"limit":5},"count":8,"msg":"User addresses fetched"}
{"level":30,"time":1787748545928,"pid":29544,"hostname":"ELTECH","userId":2,"addressId":7,"msg":"Address deleted"}
{"level":30,"time":1787748546048,"pid":29544,"hostname":"ELTECH","userId":2,"filters":{"limit":1000},"count":7,"msg":"User addresses fetched"}
{"level":30,"time":1787748546063,"pid":29544,"hostname":"ELTECH","userId":2,"filters":{"page":1,"limit":5},"count":7,"msg":"User addresses fetched"}
{"level":30,"time":1787748546144,"pid":29544,"hostname":"ELTECH","userId":2,"filters":{"page":1,"limit":5},"count":7,"msg":"User addresses fetched"}
{"level":30,"time":1787748546148,"pid":29544,"hostname":"ELTECH","userId":2,"filters":{"limit":1000},"count":7,"msg":"User addresses fetched"}
{"level":30,"time":1787748550245,"pid":29544,"hostname":"ELTECH","userId":2,"addressId":5,"msg":"Address deleted"}
{"level":30,"time":1787748550293,"pid":29544,"hostname":"ELTECH","userId":2,"filters":{"page":1,"limit":5},"count":6,"msg":"User addresses fetched"}
{"level":30,"time":1787748550296,"pid":29544,"hostname":"ELTECH","userId":2,"filters":{"limit":1000},"count":6,"msg":"User addresses fetched"}
{"level":30,"time":1787748550390,"pid":29544,"hostname":"ELTECH","userId":2,"filters":{"page":1,"limit":5},"count":6,"msg":"User addresses fetched"}
{"level":30,"time":1787748550393,"pid":29544,"hostname":"ELTECH","userId":2,"filters":{"limit":1000},"count":6,"msg":"User addresses fetched"}
{"level":30,"time":1787748555244,"pid":29544,"hostname":"ELTECH","userId":2,"addressId":3,"msg":"Address deleted"}
{"level":30,"time":1787748555295,"pid":29544,"hostname":"ELTECH","userId":2,"filters":{"page":1,"limit":5},"count":5,"msg":"User addresses fetched"}
{"level":30,"time":1787748555310,"pid":29544,"hostname":"ELTECH","userId":2,"filters":{"limit":1000},"count":5,"msg":"User addresses fetched"}
{"level":30,"time":1787748555396,"pid":29544,"hostname":"ELTECH","userId":2,"filters":{"page":1,"limit":5},"count":5,"msg":"User addresses fetched"}
{"level":30,"time":1787748555400,"pid":29544,"hostname":"ELTECH","userId":2,"filters":{"limit":1000},"count":5,"msg":"User addresses fetched"}
{"level":30,"time":1787748571575,"pid":29544,"hostname":"ELTECH","userId":2,"addressId":8,"msg":"Default address fetched"}
{"level":30,"time":1787748618271,"pid":29544,"hostname":"ELTECH","userId":2,"addressId":8,"msg":"Default address fetched"}
{"level":30,"time":1787748623665,"pid":29544,"hostname":"ELTECH","msg":"Request to safe URL http://localhost:8081/api/v1/auth/login, skipping token interceptor"}
{"level":30,"time":1787748623884,"pid":29544,"hostname":"ELTECH","id":2,"email":"visitor@gmail.com","msg":"User signed in"}
{"level":30,"time":1787748648597,"pid":29544,"hostname":"ELTECH","msg":"Request to safe URL http://localhost:8081/api/v1/auth/login, skipping token interceptor"}
{"level":50,"time":1787748648798,"pid":29544,"hostname":"ELTECH","error":"Request failed with status code 400","detail":"Invalid email or password","instance":"/api/v1/auth/login","status":400,"title":"Bad request","errorCode":"BAD_REQUEST","msg":"API error"}
{"level":50,"time":1787748648801,"pid":29544,"hostname":"ELTECH","err":{"code":"ERR_BAD_REQUEST","config":{"adapter":["xhr","http","fetch"],"allowAbsoluteUrls":true,"baseURL":"","data":"{\"email\":\"admin@gmail.com\",\"password\":\"admin\"}","env":{},"headers":{"Accept":"application/json","Accept-Encoding":"gzip, compress, deflate, br","Content-Length":"46","Content-Type":"application/json; charset=utf-8","User-Agent":"axios/1.17.0"},"maxBodyLength":-1,"maxContentLength":-1,"method":"post","timeout":60000,"transformRequest":[null],"transformResponse":[null],"transitional":{"advertiseZstdAcceptEncoding":false,"clarifyTimeoutError":false,"forcedJSONParsing":true,"legacyInterceptorReqResOrdering":true,"silentJSONParsing":true},"url":"http://localhost:8081/api/v1/auth/login","xsrfCookieName":"XSRF-TOKEN","xsrfHeaderName":"X-XSRF-TOKEN"},"isAxiosError":true,"message":"Request failed with status code 400","name":"AxiosError","request":{"_closed":false,"_contentLength":"46","_defaultKeepAlive":true,"_ended":true,"_events":{},"_eventsCount":7,"_hasBody":true,"_header":"POST /api/v1/auth/login HTTP/1.1\r\nAccept: application/json\r\nContent-Type: application/json; charset=utf-8\r\nUser-Agent: axios/1.17.0\r\nContent-Length: 46\r\nAccept-Encoding: gzip, compress, deflate, br\r\nHost: localhost:8081\r\nConnection: keep-alive\r\n\r\n","_headerSent":true,"_keepAliveTimeout":0,"_last":false,"_redirectable":{"_currentRequest":"[Circular]","_currentUrl":"http://localhost:8081/api/v1/auth/login","_ended":true,"_ending":true,"_events":{"socket":[null,null]},"_eventsCount":4,"_headerFilter":{},"_options":{"agents":{},"beforeRedirects":{},"headers":{"Accept":"application/json","Accept-Encoding":"gzip, compress, deflate, br","Content-Length":"46","Content-Type":"application/json; charset=utf-8","User-Agent":"axios/1.17.0"},"hostname":"localhost","insecureHTTPParser":false,"maxBodyLength":null,"maxRedirects":21,"method":"POST","nativeProtocols":{"http:":"[Object]","https:":"[Object]"},"path":"/api/v1/auth/login","pathname":"/api/v1/auth/login","port":"8081","protocol":"http:","sensitiveHeaders":[]},"_redirectCount":0,"_redirects":[],"_requestBodyBuffers":[],"_requestBodyLength":46,"_timeout":null,"_writableState":{"bufferedIndex":0,"corked":0,"highWaterMark":16384,"length":0,"pendingcb":0,"writelen":0}},"_removedConnection":false,"_removedContLen":false,"_removedTE":false,"_trailer":"","aborted":false,"agent":{"_events":{},"_eventsCount":2,"defaultPort":80,"freeSockets":{},"keepAlive":true,"keepAliveMsecs":1000,"maxFreeSockets":256,"maxSockets":null,"maxTotalSockets":null,"options":{"keepAlive":true,"noDelay":true,"path":null,"scheduling":"lifo","timeout":5000},"protocol":"http:","requests":{},"scheduling":"lifo","sockets":{"localhost:8081:":["[Object]"]},"totalSocketCount":1},"chunkedEncoding":false,"destroyed":false,"finished":true,"host":"localhost","insecureHTTPParser":false,"maxHeadersCount":null,"maxRequestsOnConnectionReached":false,"method":"POST","outputData":[],"outputSize":0,"parser":null,"path":"/api/v1/auth/login","protocol":"http:","res":{"_consuming":true,"_dumped":false,"_events":{"end":[null,null]},"_eventsCount":4,"_readableState":{"awaitDrainWriters":null,"buffer":[],"bufferIndex":0,"highWaterMark":16384,"length":0,"pipes":[]},"aborted":false,"client":{"_closeAfterHandlingError":false,"_events":{"close":"[Array]","error":"[Array]","timeout":"[Array]"},"_eventsCount":7,"_hadError":false,"_host":"localhost","_httpMessage":"[Circular]","_parent":null,"_pendingData":null,"_pendingEncoding":"","_readableState":{"awaitDrainWriters":null,"buffer":[],"bufferIndex":0,"highWaterMark":16384,"length":0,"pipes":[]},"_server":null,"_sockname":null,"_writableState":{"bufferedIndex":0,"corked":0,"highWaterMark":16384,"length":0,"pendingcb":1,"writelen":0},"allowHalfOpen":false,"autoSelectFamilyAttemptedAddresses":["::1:8081"],"connecting":false,"parser":null,"server":null,"timeout":60000},"complete":true,"httpVersion":"1.1","httpVersionMajor":1,"httpVersionMinor":1,"method":null,"rawHeaders":["X-Content-Type-Options","nosniff","X-XSS-Protection","0","Cache-Control","no-cache, no-store, max-age=0, must-revalidate","Pragma","no-cache","Expires","0","X-Frame-Options","DENY","Content-Type","application/problem+json","Transfer-Encoding","chunked","Date","Wed, 26 Aug 2026 12:50:48 GMT","Connection","close"],"rawTrailers":[],"redirects":[],"req":"[Circular]","responseUrl":"http://localhost:8081/api/v1/auth/login","socket":{"_closeAfterHandlingError":false,"_events":{"close":"[Array]","error":"[Array]","timeout":"[Array]"},"_eventsCount":7,"_hadError":false,"_host":"localhost","_httpMessage":"[Circular]","_parent":null,"_pendingData":null,"_pendingEncoding":"","_readableState":{"awaitDrainWriters":null,"buffer":[],"bufferIndex":0,"highWaterMark":16384,"length":0,"pipes":[]},"_server":null,"_sockname":null,"_writableState":{"bufferedIndex":0,"corked":0,"highWaterMark":16384,"length":0,"pendingcb":1,"writelen":0},"allowHalfOpen":false,"autoSelectFamilyAttemptedAddresses":["::1:8081"],"connecting":false,"parser":null,"server":null,"timeout":60000},"statusCode":400,"statusMessage":"","upgrade":false,"url":""},"reusedSocket":false,"sendDate":false,"shouldKeepAlive":false,"strictContentLength":false,"upgradeOrConnect":false,"useChunkedEncodingByDefault":true,"writable":true},"response":{"config":{"adapter":["xhr","http","fetch"],"allowAbsoluteUrls":true,"baseURL":"","data":"{\"email\":\"admin@gmail.com\",\"password\":\"admin\"}","env":{},"headers":{"Accept":"application/json","Accept-Encoding":"gzip, compress, deflate, br","Content-Length":"46","Content-Type":"application/json; charset=utf-8","User-Agent":"axios/1.17.0"},"maxBodyLength":-1,"maxContentLength":-1,"method":"post","timeout":60000,"transformRequest":[null],"transformResponse":[null],"transitional":{"advertiseZstdAcceptEncoding":false,"clarifyTimeoutError":false,"forcedJSONParsing":true,"legacyInterceptorReqResOrdering":true,"silentJSONParsing":true},"url":"http://localhost:8081/api/v1/auth/login","xsrfCookieName":"XSRF-TOKEN","xsrfHeaderName":"X-XSRF-TOKEN"},"data":{"detail":"Invalid email or password","errorCode":"BAD_REQUEST","instance":"/api/v1/auth/login","status":400,"title":"Bad request"},"headers":{"cache-control":"no-cache, no-store, max-age=0, must-revalidate","connection":"close","content-type":"application/problem+json","date":"Wed, 26 Aug 2026 12:50:48 GMT","expires":"0","pragma":"no-cache","transfer-encoding":"chunked","x-content-type-options":"nosniff","x-frame-options":"DENY","x-xss-protection":"0"},"request":{"_closed":false,"_contentLength":"46","_defaultKeepAlive":true,"_ended":true,"_events":{},"_eventsCount":7,"_hasBody":true,"_header":"POST /api/v1/auth/login HTTP/1.1\r\nAccept: application/json\r\nContent-Type: application/json; charset=utf-8\r\nUser-Agent: axios/1.17.0\r\nContent-Length: 46\r\nAccept-Encoding: gzip, compress, deflate, br\r\nHost: localhost:8081\r\nConnection: keep-alive\r\n\r\n","_headerSent":true,"_keepAliveTimeout":0,"_last":false,"_redirectable":{"_currentRequest":"[Circular]","_currentUrl":"http://localhost:8081/api/v1/auth/login","_ended":true,"_ending":true,"_events":{"socket":"[Array]"},"_eventsCount":4,"_headerFilter":{},"_options":{"agents":"[Object]","beforeRedirects":"[Object]","headers":"[Object]","hostname":"localhost","insecureHTTPParser":false,"maxBodyLength":null,"maxRedirects":21,"method":"POST","nativeProtocols":"[Object]","path":"/api/v1/auth/login","pathname":"/api/v1/auth/login","port":"8081","protocol":"http:","sensitiveHeaders":[]},"_redirectCount":0,"_redirects":[],"_requestBodyBuffers":[],"_requestBodyLength":46,"_timeout":null,"_writableState":{"bufferedIndex":0,"corked":0,"highWaterMark":16384,"length":0,"pendingcb":0,"writelen":0}},"_removedConnection":false,"_removedContLen":false,"_removedTE":false,"_trailer":"","aborted":false,"agent":{"_events":{},"_eventsCount":2,"defaultPort":80,"freeSockets":{},"keepAlive":true,"keepAliveMsecs":1000,"maxFreeSockets":256,"maxSockets":null,"maxTotalSockets":null,"options":{"keepAlive":true,"noDelay":true,"path":null,"scheduling":"lifo","timeout":5000},"protocol":"http:","requests":{},"scheduling":"lifo","sockets":{"localhost:8081:":"[Array]"},"totalSocketCount":1},"chunkedEncoding":false,"destroyed":false,"finished":true,"host":"localhost","insecureHTTPParser":false,"maxHeadersCount":null,"maxRequestsOnConnectionReached":false,"method":"POST","outputData":[],"outputSize":0,"parser":null,"path":"/api/v1/auth/login","protocol":"http:","res":{"_consuming":true,"_dumped":false,"_events":{"end":"[Array]"},"_eventsCount":4,"_readableState":{"awaitDrainWriters":null,"buffer":[],"bufferIndex":0,"highWaterMark":16384,"length":0,"pipes":[]},"aborted":false,"client":{"_closeAfterHandlingError":false,"_events":"[Object]","_eventsCount":7,"_hadError":false,"_host":"localhost","_httpMessage":"[Circular]","_parent":null,"_pendingData":null,"_pendingEncoding":"","_readableState":"[Object]","_server":null,"_sockname":null,"_writableState":"[Object]","allowHalfOpen":false,"autoSelectFamilyAttemptedAddresses":"[Array]","connecting":false,"parser":null,"server":null,"timeout":60000},"complete":true,"httpVersion":"1.1","httpVersionMajor":1,"httpVersionMinor":1,"method":null,"rawHeaders":["X-Content-Type-Options","nosniff","X-XSS-Protection","0","Cache-Control","no-cache, no-store, max-age=0, must-revalidate","Pragma","no-cache","Expires","0","X-Frame-Options","DENY","Content-Type","application/problem+json","Transfer-Encoding","chunked","Date","Wed, 26 Aug 2026 12:50:48 GMT","Connection","close"],"rawTrailers":[],"redirects":[],"req":"[Circular]","responseUrl":"http://localhost:8081/api/v1/auth/login","socket":{"_closeAfterHandlingError":false,"_events":"[Object]","_eventsCount":7,"_hadError":false,"_host":"localhost","_httpMessage":"[Circular]","_parent":null,"_pendingData":null,"_pendingEncoding":"","_readableState":"[Object]","_server":null,"_sockname":null,"_writableState":"[Object]","allowHalfOpen":false,"autoSelectFamilyAttemptedAddresses":"[Array]","connecting":false,"parser":null,"server":null,"timeout":60000},"statusCode":400,"statusMessage":"","upgrade":false,"url":""},"reusedSocket":false,"sendDate":false,"shouldKeepAlive":false,"strictContentLength":false,"upgradeOrConnect":false,"useChunkedEncodingByDefault":true,"writable":true},"status":400,"statusText":""},"stack":"AxiosError: Request failed with status code 400\n    at aM (D:\\software engineering\\templates\\frontend-template\\tailadmin-dashboard\\.next\\server\\chunks\\ssr\\_0_y-2h7._.js:4:28455)\n    at IncomingMessage.<anonymous> (D:\\software engineering\\templates\\frontend-template\\tailadmin-dashboard\\.next\\server\\chunks\\ssr\\_0_y-2h7._.js:6:17980)\n    at IncomingMessage.emit (node:events:530:35)\n    at endReadableNT (node:internal/streams/readable:1698:12)\n    at process.processTicksAndRejections (node:internal/process/task_queues:90:21)\n    at cd.request (D:\\software engineering\\templates\\frontend-template\\tailadmin-dashboard\\.next\\server\\chunks\\ssr\\_0_y-2h7._.js:6:33805)\n    at process.processTicksAndRejections (node:internal/process/task_queues:105:5)\n    at async y (D:\\software engineering\\templates\\frontend-template\\tailadmin-dashboard\\.next\\server\\chunks\\ssr\\[root-of-the-server]__1653add._.js:1:219707)\n    at async rF (D:\\software engineering\\templates\\frontend-template\\tailadmin-dashboard\\node_modules\\next\\dist\\compiled\\next-server\\app-page-turbo.runtime.prod.js:16:2271)\n    at async D:\\software engineering\\templates\\frontend-template\\tailadmin-dashboard\\node_modules\\next\\dist\\compiled\\next-server\\app-page-turbo.runtime.prod.js:16:671\n    at async rU (D:\\software engineering\\templates\\frontend-template\\tailadmin-dashboard\\node_modules\\next\\dist\\compiled\\next-server\\app-page-turbo.runtime.prod.js:14:14943)\n    at async lH (D:\\software engineering\\templates\\frontend-template\\tailadmin-dashboard\\node_modules\\next\\dist\\compiled\\next-server\\app-page-turbo.runtime.prod.js:51:28284)\n    at async o (D:\\software engineering\\templates\\frontend-template\\tailadmin-dashboard\\.next\\server\\chunks\\ssr\\node_modules_next_dist_esm_build_templates_app-page_1799gqc.js:1:11030)\n    at async uI.handleResponse (D:\\software engineering\\templates\\frontend-template\\tailadmin-dashboard\\node_modules\\next\\dist\\compiled\\next-server\\app-page-turbo.runtime.prod.js:53:38084)\n    at async q (D:\\software engineering\\templates\\frontend-template\\tailadmin-dashboard\\.next\\server\\chunks\\ssr\\node_modules_next_dist_esm_build_templates_app-page_1799gqc.js:2:4256)","status":400,"type":"ae"},"context":"signIn","email":"admin@gmail.com","msg":"API request failed"}
{"level":40,"time":1787748648804,"pid":29544,"hostname":"ELTECH","detail":"Invalid email or password","instance":"/api/v1/auth/login","status":400,"title":"Bad request","errorCode":"BAD_REQUEST","msg":"[Axios Error] [signIn]"}
{"level":30,"time":1787748652172,"pid":29544,"hostname":"ELTECH","msg":"Request to safe URL http://localhost:8081/api/v1/auth/login, skipping token interceptor"}
{"level":30,"time":1787748652338,"pid":29544,"hostname":"ELTECH","id":1,"email":"admin@gmail.com","msg":"User signed in"}
{"level":30,"time":1787748658717,"pid":29544,"hostname":"ELTECH","filters":{"page":1,"limit":10},"count":17,"msg":"Users fetched"}
{"level":30,"time":1787748658774,"pid":29544,"hostname":"ELTECH","filters":{"page":1,"limit":5},"count":17,"msg":"Users fetched"}
{"level":30,"time":1787748658801,"pid":29544,"hostname":"ELTECH","filters":{"limit":1000},"count":17,"msg":"Users fetched"}
{"level":30,"time":1787748672657,"pid":29544,"hostname":"ELTECH","filters":{"page":1,"limit":10},"count":6,"msg":"Posts fetched"}
{"level":30,"time":1787748672707,"pid":29544,"hostname":"ELTECH","filters":{},"count":6,"msg":"Posts fetched"}
{"level":30,"time":1787748680292,"pid":29544,"hostname":"ELTECH","filters":{"page":1,"limit":10},"count":6,"msg":"Posts fetched"}
{"level":30,"time":1787749023388,"pid":36572,"hostname":"ELTECH","filters":{"page":1,"limit":10},"count":6,"msg":"Posts fetched"}
{"level":30,"time":1787749027908,"pid":36572,"hostname":"ELTECH","filters":{},"count":6,"msg":"Posts fetched"}
{"level":30,"time":1787749027975,"pid":36572,"hostname":"ELTECH","filters":{"page":1,"limit":10},"count":6,"msg":"Posts fetched"}
{"level":30,"time":1787749030739,"pid":36572,"hostname":"ELTECH","filters":{"page":1,"limit":10},"count":6,"msg":"Posts fetched"}
{"level":30,"time":1787749036043,"pid":36572,"hostname":"ELTECH","filters":{"page":1,"limit":10},"count":6,"msg":"Posts fetched"}
{"level":30,"time":1787749041067,"pid":36572,"hostname":"ELTECH","filters":{"page":1,"limit":10},"count":6,"msg":"Posts fetched"}
{"level":30,"time":1787749046492,"pid":36572,"hostname":"ELTECH","filters":{"page":1,"limit":10},"count":6,"msg":"Posts fetched"}
{"level":30,"time":1787749051580,"pid":36572,"hostname":"ELTECH","filters":{"page":1,"limit":10},"count":6,"msg":"Posts fetched"}
{"level":30,"time":1787749064189,"pid":36572,"hostname":"ELTECH","filters":{"page":1,"limit":10},"count":6,"msg":"Posts fetched"}
{"level":30,"time":1787749074219,"pid":36572,"hostname":"ELTECH","filters":{"page":1,"limit":10},"count":6,"msg":"Posts fetched"}
{"level":30,"time":1787749074246,"pid":36572,"hostname":"ELTECH","filters":{"page":1,"limit":10},"count":6,"msg":"Posts fetched"}
{"level":30,"time":1787749075065,"pid":36572,"hostname":"ELTECH","filters":{"page":1,"limit":10},"count":6,"msg":"Posts fetched"}
{"level":30,"time":1787749080183,"pid":36572,"hostname":"ELTECH","filters":{"page":1,"limit":10},"count":6,"msg":"Posts fetched"}
{"level":30,"time":1787749085447,"pid":36572,"hostname":"ELTECH","filters":{"page":1,"limit":10},"count":6,"msg":"Posts fetched"}
{"level":30,"time":1787749090595,"pid":36572,"hostname":"ELTECH","filters":{"page":1,"limit":10},"count":6,"msg":"Posts fetched"}
{"level":30,"time":1787749095941,"pid":36572,"hostname":"ELTECH","filters":{"page":1,"limit":10},"count":6,"msg":"Posts fetched"}
{"level":30,"time":1787749101053,"pid":36572,"hostname":"ELTECH","filters":{"page":1,"limit":10},"count":6,"msg":"Posts fetched"}
{"level":30,"time":1787749107286,"pid":36572,"hostname":"ELTECH","filters":{"page":1,"limit":10},"count":6,"msg":"Posts fetched"}
{"level":30,"time":1787749108407,"pid":36572,"hostname":"ELTECH","filters":{"page":1,"limit":10},"count":6,"msg":"Posts fetched"}
{"level":30,"time":1787749112214,"pid":36572,"hostname":"ELTECH","filters":{"page":1,"limit":10},"count":6,"msg":"Posts fetched"}
{"level":30,"time":1787749117399,"pid":36572,"hostname":"ELTECH","filters":{"page":1,"limit":10},"count":6,"msg":"Posts fetched"}
{"level":30,"time":1787749122672,"pid":36572,"hostname":"ELTECH","filters":{"page":1,"limit":10},"count":6,"msg":"Posts fetched"}
{"level":30,"time":1787749127963,"pid":36572,"hostname":"ELTECH","filters":{"page":1,"limit":10},"count":6,"msg":"Posts fetched"}
{"level":30,"time":1787749135416,"pid":36572,"hostname":"ELTECH","filters":{"page":1,"limit":10},"count":6,"msg":"Posts fetched"}
{"level":30,"time":1787749138783,"pid":36572,"hostname":"ELTECH","filters":{"page":1,"limit":10},"count":6,"msg":"Posts fetched"}
{"level":30,"time":1787749152413,"pid":36572,"hostname":"ELTECH","filters":{"page":1,"limit":10},"count":6,"msg":"Posts fetched"}
{"level":30,"time":1787749152543,"pid":36572,"hostname":"ELTECH","filters":{"page":1,"limit":10},"count":6,"msg":"Posts fetched"}
{"level":30,"time":1787749152599,"pid":36572,"hostname":"ELTECH","filters":{"page":1,"limit":10},"count":6,"msg":"Posts fetched"}
{"level":30,"time":1787749218297,"pid":36572,"hostname":"ELTECH","filters":{"page":1,"limit":10},"count":6,"msg":"Posts fetched"}
{"level":30,"time":1787749222930,"pid":36572,"hostname":"ELTECH","filters":{"page":1,"limit":10},"count":6,"msg":"Posts fetched"}
{"level":30,"time":1787749228083,"pid":36572,"hostname":"ELTECH","filters":{"page":1,"limit":10},"count":6,"msg":"Posts fetched"}
{"level":30,"time":1787749233159,"pid":36572,"hostname":"ELTECH","filters":{"page":1,"limit":10},"count":6,"msg":"Posts fetched"}
{"level":30,"time":1787749238590,"pid":36572,"hostname":"ELTECH","filters":{"page":1,"limit":10},"count":6,"msg":"Posts fetched"}
{"level":30,"time":1787749243594,"pid":36572,"hostname":"ELTECH","filters":{},"count":6,"msg":"Posts fetched"}
{"level":50,"time":1787749352697,"pid":36572,"hostname":"ELTECH","error":"","msg":"API error"}
{"level":50,"time":1787749352699,"pid":36572,"hostname":"ELTECH","err":{"code":"ECONNREFUSED","config":{"adapter":["xhr","http","fetch"],"allowAbsoluteUrls":true,"baseURL":"","env":{},"headers":{"Accept":"application/json","Accept-Encoding":"gzip, compress, deflate, br","Content-Type":"application/json; charset=utf-8","User-Agent":"axios/1.17.0"},"maxBodyLength":-1,"maxContentLength":-1,"method":"get","timeout":60000,"transformRequest":[null],"transformResponse":[null],"transitional":{"advertiseZstdAcceptEncoding":false,"clarifyTimeoutError":false,"forcedJSONParsing":true,"legacyInterceptorReqResOrdering":true,"silentJSONParsing":true},"url":"http://localhost:8081/api/v1/posts?page=1","xsrfCookieName":"XSRF-TOKEN","xsrfHeaderName":"X-XSRF-TOKEN"},"isAxiosError":true,"message":": ","name":"AggregateError","request":{"_currentRequest":{"_closed":false,"_contentLength":0,"_defaultKeepAlive":true,"_ended":false,"_events":{},"_eventsCount":2,"_hasBody":true,"_header":"GET /api/v1/posts?page=1 HTTP/1.1\r\nAccept: application/json\r\nContent-Type: application/json; charset=utf-8\r\nUser-Agent: axios/1.17.0\r\nAccept-Encoding: gzip, compress, deflate, br\r\nHost: localhost:8081\r\nConnection: keep-alive\r\n\r\n","_headerSent":true,"_keepAliveTimeout":0,"_last":true,"_redirectable":"[Circular]","_removedConnection":false,"_removedContLen":false,"_removedTE":false,"_trailer":"","aborted":false,"agent":{"_events":{},"_eventsCount":2,"defaultPort":80,"freeSockets":{},"keepAlive":true,"keepAliveMsecs":1000,"maxFreeSockets":256,"maxSockets":null,"maxTotalSockets":null,"options":{"keepAlive":true,"noDelay":true,"path":null,"scheduling":"lifo","timeout":5000},"protocol":"http:","requests":{},"scheduling":"lifo","sockets":{"localhost:8081:":"[Array]"},"totalSocketCount":2},"chunkedEncoding":false,"destroyed":true,"finished":true,"host":"localhost","insecureHTTPParser":false,"maxHeadersCount":null,"maxRequestsOnConnectionReached":false,"method":"GET","outputData":[],"outputSize":0,"parser":null,"path":"/api/v1/posts?page=1","protocol":"http:","res":null,"reusedSocket":false,"sendDate":false,"shouldKeepAlive":true,"strictContentLength":false,"upgradeOrConnect":false,"useChunkedEncodingByDefault":false,"writable":true},"_currentUrl":"http://localhost:8081/api/v1/posts?page=1","_ended":true,"_ending":true,"_events":{"socket":[null,null]},"_eventsCount":3,"_headerFilter":{},"_options":{"agents":{},"beforeRedirects":{},"headers":{"Accept":"application/json","Accept-Encoding":"gzip, compress, deflate, br","Content-Type":"application/json; charset=utf-8","User-Agent":"axios/1.17.0"},"hostname":"localhost","insecureHTTPParser":false,"maxBodyLength":null,"maxRedirects":21,"method":"GET","nativeProtocols":{"http:":{"METHODS":"[Array]","STATUS_CODES":"[Object]","globalAgent":"[Object]","maxHeaderSize":16384},"https:":{"globalAgent":"[Object]"}},"path":"/api/v1/posts?page=1","pathname":"/api/v1/posts","port":"8081","protocol":"http:","search":"?page=1","sensitiveHeaders":[]},"_redirectCount":0,"_redirects":[],"_requestBodyBuffers":[],"_requestBodyLength":0,"_timeout":null,"_writableState":{"bufferedIndex":0,"corked":0,"highWaterMark":16384,"length":0,"pendingcb":0,"writelen":0}},"stack":"AggregateError: \n    at AxiosError.from (webpack-internal:///(rsc)/./node_modules/axios/lib/core/AxiosError.js:83:24)\n    at RedirectableRequest.handleRequestError (webpack-internal:///(rsc)/./node_modules/axios/lib/adapters/http.js:1138:77)\n    at RedirectableRequest.emit (node:events:530:35)\n    at eventHandlers.<computed> (webpack-internal:///(rsc)/./node_modules/follow-redirects/index.js:56:24)\n    at ClientRequest.emit (node:events:518:28)\n    at emitErrorEvent (node:_http_client:104:11)\n    at Socket.socketErrorListener (node:_http_client:518:5)\n    at Socket.emit (node:events:530:35)\n    at emitErrorNT (node:internal/streams/destroy:170:8)\n    at emitErrorCloseNT (node:internal/streams/destroy:129:3)\n    at process.processTicksAndRejections (node:internal/process/task_queues:90:21)\n    at Axios.request (webpack-internal:///(rsc)/./node_modules/axios/lib/core/Axios.js:59:41)\n    at process.processTicksAndRejections (node:internal/process/task_queues:105:5)\n    at async getPosts (webpack-internal:///(rsc)/./src/lib/posts/api/services/post.server.ts:36:26)\n    at async GET (webpack-internal:///(rsc)/./src/app/api/posts/route.ts:21:22)\n    at async AppRouteRouteModule.do (D:\\software engineering\\templates\\frontend-template\\tailadmin-dashboard\\node_modules\\next\\dist\\compiled\\next-server\\app-route.runtime.dev.js:5:40131)\n    at async AppRouteRouteModule.handle (D:\\software engineering\\templates\\frontend-template\\tailadmin-dashboard\\node_modules\\next\\dist\\compiled\\next-server\\app-route.runtime.dev.js:5:47411)\n    at async responseGenerator (webpack-internal:///(rsc)/./node_modules/next/dist/build/webpack/loaders/next-app-loader/index.js?name=app%2Fapi%2Fposts%2Froute&page=%2Fapi%2Fposts%2Froute&appPaths=&allNormalizedAppPaths=&pagePath=private-next-app-dir%2Fapi%2Fposts%2Froute.ts&appDir=D%3A%5Csoftware%20engineering%5Ctemplates%5Cfrontend-template%5Ctailadmin-dashboard%5Csrc%5Capp&pageExtensions=tsx&pageExtensions=ts&pageExtensions=jsx&pageExtensions=js&rootDir=D%3A%5Csoftware%20engineering%5Ctemplates%5Cfrontend-template%5Ctailadmin-dashboard&isDev=true&tsconfigPath=&basePath=&assetPrefix=&nextConfigOutput=&preferredRegion=&middlewareConfig=e30%3D&isGlobalNotFoundEnabled=!:251:38)\n    at async AppRouteRouteModule.handleResponse (D:\\software engineering\\templates\\frontend-template\\tailadmin-dashboard\\node_modules\\next\\dist\\compiled\\next-server\\app-route.runtime.dev.js:1:228477)\n    at async handleResponse (webpack-internal:///(rsc)/./node_modules/next/dist/build/webpack/loaders/next-app-loader/index.js?name=app%2Fapi%2Fposts%2Froute&page=%2Fapi%2Fposts%2Froute&appPaths=&allNormalizedAppPaths=&pagePath=private-next-app-dir%2Fapi%2Fposts%2Froute.ts&appDir=D%3A%5Csoftware%20engineering%5Ctemplates%5Cfrontend-template%5Ctailadmin-dashboard%5Csrc%5Capp&pageExtensions=tsx&pageExtensions=ts&pageExtensions=jsx&pageExtensions=js&rootDir=D%3A%5Csoftware%20engineering%5Ctemplates%5Cfrontend-template%5Ctailadmin-dashboard&isDev=true&tsconfigPath=&basePath=&assetPrefix=&nextConfigOutput=&preferredRegion=&middlewareConfig=e30%3D&isGlobalNotFoundEnabled=!:314:32)\n    at async Module.handler (webpack-internal:///(rsc)/./node_modules/next/dist/build/webpack/loaders/next-app-loader/index.js?name=app%2Fapi%2Fposts%2Froute&page=%2Fapi%2Fposts%2Froute&appPaths=&allNormalizedAppPaths=&pagePath=private-next-app-dir%2Fapi%2Fposts%2Froute.ts&appDir=D%3A%5Csoftware%20engineering%5Ctemplates%5Cfrontend-template%5Ctailadmin-dashboard%5Csrc%5Capp&pageExtensions=tsx&pageExtensions=ts&pageExtensions=jsx&pageExtensions=js&rootDir=D%3A%5Csoftware%20engineering%5Ctemplates%5Cfrontend-template%5Ctailadmin-dashboard&isDev=true&tsconfigPath=&basePath=&assetPrefix=&nextConfigOutput=&preferredRegion=&middlewareConfig=e30%3D&isGlobalNotFoundEnabled=!:369:13)\n    at async DevServer.renderToResponseWithComponentsImpl (D:\\software engineering\\templates\\frontend-template\\tailadmin-dashboard\\node_modules\\next\\dist\\server\\base-server.js:1462:9)\n    at async DevServer.renderPageComponent (D:\\software engineering\\templates\\frontend-template\\tailadmin-dashboard\\node_modules\\next\\dist\\server\\base-server.js:1514:24)\n    at async DevServer.renderToResponseImpl (D:\\software engineering\\templates\\frontend-template\\tailadmin-dashboard\\node_modules\\next\\dist\\server\\base-server.js:1564:32)\n    at async DevServer.pipeImpl (D:\\software engineering\\templates\\frontend-template\\tailadmin-dashboard\\node_modules\\next\\dist\\server\\base-server.js:1044:25)\n    at async NextNodeServer.handleCatchallRenderRequest (D:\\software engineering\\templates\\frontend-template\\tailadmin-dashboard\\node_modules\\next\\dist\\server\\next-server.js:338:17)\n    at async DevServer.handleRequestImpl (D:\\software engineering\\templates\\frontend-template\\tailadmin-dashboard\\node_modules\\next\\dist\\server\\base-server.js:935:17)\n    at async D:\\software engineering\\templates\\frontend-template\\tailadmin-dashboard\\node_modules\\next\\dist\\server\\dev\\next-dev-server.js:394:20\n    at async Span.traceAsyncFn (D:\\software engineering\\templates\\frontend-template\\tailadmin-dashboard\\node_modules\\next\\dist\\trace\\trace.js:164:20)\n    at async DevServer.handleRequest (D:\\software engineering\\templates\\frontend-template\\tailadmin-dashboard\\node_modules\\next\\dist\\server\\dev\\next-dev-server.js:390:24)\n    at async invokeRender (D:\\software engineering\\templates\\frontend-template\\tailadmin-dashboard\\node_modules\\next\\dist\\server\\lib\\router-server.js:266:21)\n    at async handleRequest (D:\\software engineering\\templates\\frontend-template\\tailadmin-dashboard\\node_modules\\next\\dist\\server\\lib\\router-server.js:465:24)\n    at async requestHandlerImpl (D:\\software engineering\\templates\\frontend-template\\tailadmin-dashboard\\node_modules\\next\\dist\\server\\lib\\router-server.js:514:13)\n    at async Server.requestListener (D:\\software engineering\\templates\\frontend-template\\tailadmin-dashboard\\node_modules\\next\\dist\\server\\lib\\start-server.js:225:13)\ncaused by: AggregateError: \n    at internalConnectMultiple (node:net:1139:18)\n    at afterConnectMultiple (node:net:1712:7)\n    at TCPConnectWrap.callbackTrampoline (node:internal/async_hooks:130:17)","type":"AxiosError"},"context":"getPosts","filters":{"page":1},"msg":"API request failed"}
{"level":50,"time":1787749352704,"pid":36572,"hostname":"ELTECH","status":500,"detail":"Unknown Axios error","title":"Error","errorCode":"NETWORK_ERROR","msg":"[Axios Error] [getPosts]"}
{"level":50,"time":1787749352722,"pid":36572,"hostname":"ELTECH","error":"","msg":"API error"}
{"level":50,"time":1787749352723,"pid":36572,"hostname":"ELTECH","err":{"code":"ECONNREFUSED","config":{"adapter":["xhr","http","fetch"],"allowAbsoluteUrls":true,"baseURL":"","env":{},"headers":{"Accept":"application/json","Accept-Encoding":"gzip, compress, deflate, br","Content-Type":"application/json; charset=utf-8","User-Agent":"axios/1.17.0"},"maxBodyLength":-1,"maxContentLength":-1,"method":"get","timeout":60000,"transformRequest":[null],"transformResponse":[null],"transitional":{"advertiseZstdAcceptEncoding":false,"clarifyTimeoutError":false,"forcedJSONParsing":true,"legacyInterceptorReqResOrdering":true,"silentJSONParsing":true},"url":"http://localhost:8081/api/v1/posts","xsrfCookieName":"XSRF-TOKEN","xsrfHeaderName":"X-XSRF-TOKEN"},"isAxiosError":true,"message":": ","name":"AggregateError","request":{"_currentRequest":{"_closed":false,"_contentLength":0,"_defaultKeepAlive":true,"_ended":false,"_events":{},"_eventsCount":2,"_hasBody":true,"_header":"GET /api/v1/posts HTTP/1.1\r\nAccept: application/json\r\nContent-Type: application/json; charset=utf-8\r\nUser-Agent: axios/1.17.0\r\nAccept-Encoding: gzip, compress, deflate, br\r\nHost: localhost:8081\r\nConnection: keep-alive\r\n\r\n","_headerSent":true,"_keepAliveTimeout":0,"_last":true,"_redirectable":"[Circular]","_removedConnection":false,"_removedContLen":false,"_removedTE":false,"_trailer":"","aborted":false,"agent":{"_events":{},"_eventsCount":2,"defaultPort":80,"freeSockets":{},"keepAlive":true,"keepAliveMsecs":1000,"maxFreeSockets":256,"maxSockets":null,"maxTotalSockets":null,"options":{"keepAlive":true,"noDelay":true,"path":null,"scheduling":"lifo","timeout":5000},"protocol":"http:","requests":{},"scheduling":"lifo","sockets":{"localhost:8081:":"[Array]"},"totalSocketCount":2},"chunkedEncoding":false,"destroyed":true,"finished":true,"host":"localhost","insecureHTTPParser":false,"maxHeadersCount":null,"maxRequestsOnConnectionReached":false,"method":"GET","outputData":[],"outputSize":0,"parser":null,"path":"/api/v1/posts","protocol":"http:","res":null,"reusedSocket":false,"sendDate":false,"shouldKeepAlive":true,"strictContentLength":false,"upgradeOrConnect":false,"useChunkedEncodingByDefault":false,"writable":true},"_currentUrl":"http://localhost:8081/api/v1/posts","_ended":true,"_ending":true,"_events":{"socket":[null,null]},"_eventsCount":3,"_headerFilter":{},"_options":{"agents":{},"beforeRedirects":{},"headers":{"Accept":"application/json","Accept-Encoding":"gzip, compress, deflate, br","Content-Type":"application/json; charset=utf-8","User-Agent":"axios/1.17.0"},"hostname":"localhost","insecureHTTPParser":false,"maxBodyLength":null,"maxRedirects":21,"method":"GET","nativeProtocols":{"http:":{"METHODS":"[Array]","STATUS_CODES":"[Object]","globalAgent":"[Object]","maxHeaderSize":16384},"https:":{"globalAgent":"[Object]"}},"path":"/api/v1/posts","pathname":"/api/v1/posts","port":"8081","protocol":"http:","sensitiveHeaders":[]},"_redirectCount":0,"_redirects":[],"_requestBodyBuffers":[],"_requestBodyLength":0,"_timeout":null,"_writableState":{"bufferedIndex":0,"corked":0,"highWaterMark":16384,"length":0,"pendingcb":0,"writelen":0}},"stack":"AggregateError: \n    at AxiosError.from (webpack-internal:///(rsc)/./node_modules/axios/lib/core/AxiosError.js:83:24)\n    at RedirectableRequest.handleRequestError (webpack-internal:///(rsc)/./node_modules/axios/lib/adapters/http.js:1138:77)\n    at RedirectableRequest.emit (node:events:530:35)\n    at eventHandlers.<computed> (webpack-internal:///(rsc)/./node_modules/follow-redirects/index.js:56:24)\n    at ClientRequest.emit (node:events:518:28)\n    at emitErrorEvent (node:_http_client:104:11)\n    at Socket.socketErrorListener (node:_http_client:518:5)\n    at Socket.emit (node:events:530:35)\n    at emitErrorNT (node:internal/streams/destroy:170:8)\n    at emitErrorCloseNT (node:internal/streams/destroy:129:3)\n    at process.processTicksAndRejections (node:internal/process/task_queues:90:21)\n    at Axios.request (webpack-internal:///(rsc)/./node_modules/axios/lib/core/Axios.js:59:41)\n    at process.processTicksAndRejections (node:internal/process/task_queues:105:5)\n    at async getPosts (webpack-internal:///(rsc)/./src/lib/posts/api/services/post.server.ts:36:26)\n    at async GET (webpack-internal:///(rsc)/./src/app/api/posts/route.ts:21:22)\n    at async AppRouteRouteModule.do (D:\\software engineering\\templates\\frontend-template\\tailadmin-dashboard\\node_modules\\next\\dist\\compiled\\next-server\\app-route.runtime.dev.js:5:40131)\n    at async AppRouteRouteModule.handle (D:\\software engineering\\templates\\frontend-template\\tailadmin-dashboard\\node_modules\\next\\dist\\compiled\\next-server\\app-route.runtime.dev.js:5:47411)\n    at async responseGenerator (webpack-internal:///(rsc)/./node_modules/next/dist/build/webpack/loaders/next-app-loader/index.js?name=app%2Fapi%2Fposts%2Froute&page=%2Fapi%2Fposts%2Froute&appPaths=&allNormalizedAppPaths=&pagePath=private-next-app-dir%2Fapi%2Fposts%2Froute.ts&appDir=D%3A%5Csoftware%20engineering%5Ctemplates%5Cfrontend-template%5Ctailadmin-dashboard%5Csrc%5Capp&pageExtensions=tsx&pageExtensions=ts&pageExtensions=jsx&pageExtensions=js&rootDir=D%3A%5Csoftware%20engineering%5Ctemplates%5Cfrontend-template%5Ctailadmin-dashboard&isDev=true&tsconfigPath=&basePath=&assetPrefix=&nextConfigOutput=&preferredRegion=&middlewareConfig=e30%3D&isGlobalNotFoundEnabled=!:251:38)\n    at async AppRouteRouteModule.handleResponse (D:\\software engineering\\templates\\frontend-template\\tailadmin-dashboard\\node_modules\\next\\dist\\compiled\\next-server\\app-route.runtime.dev.js:1:228477)\n    at async handleResponse (webpack-internal:///(rsc)/./node_modules/next/dist/build/webpack/loaders/next-app-loader/index.js?name=app%2Fapi%2Fposts%2Froute&page=%2Fapi%2Fposts%2Froute&appPaths=&allNormalizedAppPaths=&pagePath=private-next-app-dir%2Fapi%2Fposts%2Froute.ts&appDir=D%3A%5Csoftware%20engineering%5Ctemplates%5Cfrontend-template%5Ctailadmin-dashboard%5Csrc%5Capp&pageExtensions=tsx&pageExtensions=ts&pageExtensions=jsx&pageExtensions=js&rootDir=D%3A%5Csoftware%20engineering%5Ctemplates%5Cfrontend-template%5Ctailadmin-dashboard&isDev=true&tsconfigPath=&basePath=&assetPrefix=&nextConfigOutput=&preferredRegion=&middlewareConfig=e30%3D&isGlobalNotFoundEnabled=!:314:32)\n    at async Module.handler (webpack-internal:///(rsc)/./node_modules/next/dist/build/webpack/loaders/next-app-loader/index.js?name=app%2Fapi%2Fposts%2Froute&page=%2Fapi%2Fposts%2Froute&appPaths=&allNormalizedAppPaths=&pagePath=private-next-app-dir%2Fapi%2Fposts%2Froute.ts&appDir=D%3A%5Csoftware%20engineering%5Ctemplates%5Cfrontend-template%5Ctailadmin-dashboard%5Csrc%5Capp&pageExtensions=tsx&pageExtensions=ts&pageExtensions=jsx&pageExtensions=js&rootDir=D%3A%5Csoftware%20engineering%5Ctemplates%5Cfrontend-template%5Ctailadmin-dashboard&isDev=true&tsconfigPath=&basePath=&assetPrefix=&nextConfigOutput=&preferredRegion=&middlewareConfig=e30%3D&isGlobalNotFoundEnabled=!:369:13)\n    at async DevServer.renderToResponseWithComponentsImpl (D:\\software engineering\\templates\\frontend-template\\tailadmin-dashboard\\node_modules\\next\\dist\\server\\base-server.js:1462:9)\n    at async DevServer.renderPageComponent (D:\\software engineering\\templates\\frontend-template\\tailadmin-dashboard\\node_modules\\next\\dist\\server\\base-server.js:1514:24)\n    at async DevServer.renderToResponseImpl (D:\\software engineering\\templates\\frontend-template\\tailadmin-dashboard\\node_modules\\next\\dist\\server\\base-server.js:1564:32)\n    at async DevServer.pipeImpl (D:\\software engineering\\templates\\frontend-template\\tailadmin-dashboard\\node_modules\\next\\dist\\server\\base-server.js:1044:25)\n    at async NextNodeServer.handleCatchallRenderRequest (D:\\software engineering\\templates\\frontend-template\\tailadmin-dashboard\\node_modules\\next\\dist\\server\\next-server.js:338:17)\n    at async DevServer.handleRequestImpl (D:\\software engineering\\templates\\frontend-template\\tailadmin-dashboard\\node_modules\\next\\dist\\server\\base-server.js:935:17)\n    at async D:\\software engineering\\templates\\frontend-template\\tailadmin-dashboard\\node_modules\\next\\dist\\server\\dev\\next-dev-server.js:394:20\n    at async Span.traceAsyncFn (D:\\software engineering\\templates\\frontend-template\\tailadmin-dashboard\\node_modules\\next\\dist\\trace\\trace.js:164:20)\n    at async DevServer.handleRequest (D:\\software engineering\\templates\\frontend-template\\tailadmin-dashboard\\node_modules\\next\\dist\\server\\dev\\next-dev-server.js:390:24)\n    at async invokeRender (D:\\software engineering\\templates\\frontend-template\\tailadmin-dashboard\\node_modules\\next\\dist\\server\\lib\\router-server.js:266:21)\n    at async handleRequest (D:\\software engineering\\templates\\frontend-template\\tailadmin-dashboard\\node_modules\\next\\dist\\server\\lib\\router-server.js:465:24)\n    at async requestHandlerImpl (D:\\software engineering\\templates\\frontend-template\\tailadmin-dashboard\\node_modules\\next\\dist\\server\\lib\\router-server.js:514:13)\n    at async Server.requestListener (D:\\software engineering\\templates\\frontend-template\\tailadmin-dashboard\\node_modules\\next\\dist\\server\\lib\\start-server.js:225:13)\ncaused by: AggregateError: \n    at internalConnectMultiple (node:net:1139:18)\n    at afterConnectMultiple (node:net:1712:7)\n    at TCPConnectWrap.callbackTrampoline (node:internal/async_hooks:130:17)","type":"AxiosError"},"context":"getPosts","filters":{},"msg":"API request failed"}
{"level":50,"time":1787749352728,"pid":36572,"hostname":"ELTECH","status":500,"detail":"Unknown Axios error","title":"Error","errorCode":"NETWORK_ERROR","msg":"[Axios Error] [getPosts]"}
{"level":30,"time":1787749388155,"pid":36572,"hostname":"ELTECH","filters":{"page":1,"limit":10},"count":5,"msg":"Posts fetched"}
{"level":30,"time":1787749389186,"pid":36572,"hostname":"ELTECH","filters":{},"count":5,"msg":"Posts fetched"}
{"level":30,"time":1787749402079,"pid":36572,"hostname":"ELTECH","filters":{"page":1,"limit":10},"count":5,"msg":"Posts fetched"}
{"level":30,"time":1787749406716,"pid":36572,"hostname":"ELTECH","filters":{"page":1,"limit":10},"count":5,"msg":"Posts fetched"}
{"level":30,"time":1787749411987,"pid":36572,"hostname":"ELTECH","filters":{"page":1,"limit":10},"count":5,"msg":"Posts fetched"}
{"level":30,"time":1787749417148,"pid":36572,"hostname":"ELTECH","filters":{"page":1,"limit":10},"count":5,"msg":"Posts fetched"}
{"level":30,"time":1787749422105,"pid":36572,"hostname":"ELTECH","filters":{"page":1,"limit":10},"count":5,"msg":"Posts fetched"}
{"level":30,"time":1787749427315,"pid":36572,"hostname":"ELTECH","filters":{"page":1,"limit":10},"count":5,"msg":"Posts fetched"}
{"level":30,"time":1787749432638,"pid":36572,"hostname":"ELTECH","filters":{"page":1,"limit":10},"count":5,"msg":"Posts fetched"}
{"level":30,"time":1787749437707,"pid":36572,"hostname":"ELTECH","filters":{"page":1,"limit":10},"count":5,"msg":"Posts fetched"}
{"level":30,"time":1787749443095,"pid":36572,"hostname":"ELTECH","filters":{"page":1,"limit":10},"count":5,"msg":"Posts fetched"}
{"level":30,"time":1787749448164,"pid":36572,"hostname":"ELTECH","filters":{"page":1,"limit":10},"count":5,"msg":"Posts fetched"}
{"level":30,"time":1787749453537,"pid":36572,"hostname":"ELTECH","filters":{"page":1,"limit":10},"count":5,"msg":"Posts fetched"}
{"level":30,"time":1787749458825,"pid":36572,"hostname":"ELTECH","filters":{"page":1,"limit":10},"count":5,"msg":"Posts fetched"}
{"level":30,"time":1787749463932,"pid":36572,"hostname":"ELTECH","filters":{"page":1,"limit":10},"count":5,"msg":"Posts fetched"}
{"level":30,"time":1787749469323,"pid":36572,"hostname":"ELTECH","filters":{"page":1,"limit":10},"count":5,"msg":"Posts fetched"}
{"level":30,"time":1787749471211,"pid":36572,"hostname":"ELTECH","filters":{"page":1,"limit":10},"count":5,"msg":"Posts fetched"}
{"level":30,"time":1787749474925,"pid":36572,"hostname":"ELTECH","filters":{"page":1,"limit":10},"count":5,"msg":"Posts fetched"}
{"level":30,"time":1787749480027,"pid":36572,"hostname":"ELTECH","filters":{"page":1,"limit":10},"count":5,"msg":"Posts fetched"}
{"level":30,"time":1787749485316,"pid":36572,"hostname":"ELTECH","filters":{"page":1,"limit":10},"count":5,"msg":"Posts fetched"}
{"level":30,"time":1787749490277,"pid":36572,"hostname":"ELTECH","filters":{"page":1,"limit":10},"count":5,"msg":"Posts fetched"}
{"level":30,"time":1787749495752,"pid":36572,"hostname":"ELTECH","filters":{"page":1,"limit":10},"count":5,"msg":"Posts fetched"}
{"level":30,"time":1787749500747,"pid":36572,"hostname":"ELTECH","filters":{"page":1,"limit":10},"count":5,"msg":"Posts fetched"}
{"level":30,"time":1787749506192,"pid":36572,"hostname":"ELTECH","filters":{"page":1,"limit":10},"count":5,"msg":"Posts fetched"}
{"level":30,"time":1787749511078,"pid":36572,"hostname":"ELTECH","filters":{"page":1,"limit":10},"count":5,"msg":"Posts fetched"}
{"level":30,"time":1787749516309,"pid":36572,"hostname":"ELTECH","filters":{"page":1,"limit":10},"count":5,"msg":"Posts fetched"}
{"level":30,"time":1787749521672,"pid":36572,"hostname":"ELTECH","filters":{"page":1,"limit":10},"count":5,"msg":"Posts fetched"}
{"level":30,"time":1787749522483,"pid":36572,"hostname":"ELTECH","filters":{},"count":5,"msg":"Posts fetched"}
{"level":30,"time":1787749540901,"pid":36572,"hostname":"ELTECH","filters":{"limit":1000},"count":16,"msg":"Users fetched"}
{"level":30,"time":1787749585010,"pid":36572,"hostname":"ELTECH","filters":{"page":1},"count":5,"msg":"Posts fetched"}
{"level":30,"time":1787749585027,"pid":36572,"hostname":"ELTECH","filters":{},"count":5,"msg":"Posts fetched"}
{"level":30,"time":1787749593715,"pid":36572,"hostname":"ELTECH","id":6,"msg":"Post created"}
{"level":30,"time":1787749594307,"pid":36572,"hostname":"ELTECH","filters":{"page":1,"limit":10},"count":6,"msg":"Posts fetched"}
{"level":30,"time":1787749594431,"pid":36572,"hostname":"ELTECH","filters":{"page":1},"count":6,"msg":"Posts fetched"}
{"level":30,"time":1787749594475,"pid":36572,"hostname":"ELTECH","filters":{},"count":6,"msg":"Posts fetched"}
{"level":30,"time":1787749595141,"pid":36572,"hostname":"ELTECH","filters":{"page":1,"limit":10},"count":6,"msg":"Posts fetched"}
{"level":30,"time":1787749595177,"pid":36572,"hostname":"ELTECH","filters":{"page":1,"limit":10},"count":6,"msg":"Posts fetched"}
{"level":30,"time":1787749605073,"pid":36572,"hostname":"ELTECH","filters":{"page":1,"limit":10},"count":6,"msg":"Posts fetched"}
{"level":30,"time":1787749609331,"pid":36572,"hostname":"ELTECH","filters":{"page":1,"limit":10},"count":6,"msg":"Posts fetched"}
{"level":30,"time":1787749614878,"pid":36572,"hostname":"ELTECH","filters":{"page":1,"limit":10},"count":6,"msg":"Posts fetched"}
{"level":30,"time":1787749619724,"pid":36572,"hostname":"ELTECH","filters":{"page":1,"limit":10},"count":6,"msg":"Posts fetched"}
{"level":30,"time":1787749625659,"pid":36572,"hostname":"ELTECH","filters":{"page":1,"limit":10},"count":6,"msg":"Posts fetched"}
{"level":30,"time":1787749627477,"pid":36572,"hostname":"ELTECH","filters":{"page":1,"limit":10},"count":6,"msg":"Posts fetched"}
{"level":30,"time":1787749630376,"pid":36572,"hostname":"ELTECH","filters":{"page":1,"limit":10},"count":6,"msg":"Posts fetched"}
{"level":30,"time":1787749635740,"pid":36572,"hostname":"ELTECH","filters":{"page":1,"limit":10},"count":6,"msg":"Posts fetched"}
{"level":30,"time":1787749706891,"pid":36572,"hostname":"ELTECH","filters":{"page":1,"limit":10},"count":6,"msg":"Posts fetched"}
{"level":30,"time":1787749710814,"pid":36572,"hostname":"ELTECH","filters":{"page":1,"limit":10},"count":6,"msg":"Posts fetched"}
{"level":30,"time":1787749716199,"pid":36572,"hostname":"ELTECH","filters":{"page":1,"limit":10},"count":6,"msg":"Posts fetched"}
{"level":30,"time":1787749721135,"pid":36572,"hostname":"ELTECH","filters":{"page":1,"limit":10},"count":6,"msg":"Posts fetched"}
{"level":30,"time":1787749726487,"pid":36572,"hostname":"ELTECH","filters":{"page":1,"limit":10},"count":6,"msg":"Posts fetched"}
{"level":30,"time":1787749786622,"pid":36572,"hostname":"ELTECH","filters":{"page":1,"limit":10},"count":6,"msg":"Posts fetched"}
{"level":30,"time":1787749790724,"pid":36572,"hostname":"ELTECH","filters":{"page":1,"limit":10},"count":6,"msg":"Posts fetched"}
{"level":30,"time":1787749796212,"pid":36572,"hostname":"ELTECH","filters":{"page":1,"limit":10},"count":6,"msg":"Posts fetched"}
{"level":30,"time":1787749801237,"pid":36572,"hostname":"ELTECH","filters":{"page":1,"limit":10},"count":6,"msg":"Posts fetched"}
{"level":30,"time":1787749806564,"pid":36572,"hostname":"ELTECH","filters":{"page":1,"limit":10},"count":6,"msg":"Posts fetched"}
{"level":30,"time":1787749817152,"pid":36572,"hostname":"ELTECH","filters":{"page":1,"limit":10},"count":6,"msg":"Posts fetched"}
{"level":30,"time":1787749821661,"pid":36572,"hostname":"ELTECH","filters":{"page":1,"limit":10},"count":6,"msg":"Posts fetched"}
{"level":30,"time":1787749826877,"pid":36572,"hostname":"ELTECH","filters":{"page":1,"limit":10},"count":6,"msg":"Posts fetched"}
{"level":30,"time":1787749839844,"pid":36572,"hostname":"ELTECH","filters":{"page":1,"limit":10},"count":6,"msg":"Posts fetched"}
{"level":30,"time":1787749845530,"pid":36572,"hostname":"ELTECH","filters":{"page":1,"limit":10},"count":6,"msg":"Posts fetched"}
{"level":30,"time":1787749846540,"pid":36572,"hostname":"ELTECH","filters":{"page":1,"limit":10},"count":6,"msg":"Posts fetched"}
{"level":30,"time":1787749850368,"pid":36572,"hostname":"ELTECH","filters":{"page":1,"limit":10},"count":6,"msg":"Posts fetched"}
{"level":30,"time":1787749855505,"pid":36572,"hostname":"ELTECH","filters":{"page":1,"limit":10},"count":6,"msg":"Posts fetched"}
{"level":30,"time":1787749860995,"pid":36572,"hostname":"ELTECH","filters":{"page":1,"limit":10},"count":6,"msg":"Posts fetched"}
{"level":30,"time":1787749875906,"pid":36572,"hostname":"ELTECH","filters":{"page":1,"limit":10},"count":6,"msg":"Posts fetched"}
{"level":30,"time":1787750491757,"pid":36572,"hostname":"ELTECH","filters":{"page":1,"limit":10},"count":6,"msg":"Posts fetched"}
{"level":30,"time":1787750669745,"pid":36572,"hostname":"ELTECH","filters":{"page":1,"limit":10},"count":6,"msg":"Posts fetched"}
{"level":30,"time":1787750726839,"pid":36572,"hostname":"ELTECH","filters":{"page":1,"limit":10},"count":6,"msg":"Posts fetched"}
{"level":30,"time":1787750842761,"pid":36572,"hostname":"ELTECH","filters":{"page":1},"count":6,"msg":"Posts fetched"}
{"level":30,"time":1787750842817,"pid":36572,"hostname":"ELTECH","filters":{},"count":6,"msg":"Posts fetched"}
{"level":30,"time":1787750849487,"pid":36572,"hostname":"ELTECH","filters":{"page":2,"limit":10},"count":6,"msg":"Posts fetched"}
{"level":30,"time":1787750853195,"pid":36572,"hostname":"ELTECH","filters":{"page":2,"limit":10},"count":6,"msg":"Posts fetched"}
{"level":30,"time":1787750854881,"pid":36572,"hostname":"ELTECH","filters":{},"count":6,"msg":"Posts fetched"}
{"level":30,"time":1787750866091,"pid":36572,"hostname":"ELTECH","filters":{"page":1,"limit":10},"count":6,"msg":"Posts fetched"}
{"level":30,"time":1787750867637,"pid":36572,"hostname":"ELTECH","filters":{},"count":6,"msg":"Posts fetched"}
{"level":30,"time":1787750880272,"pid":36572,"hostname":"ELTECH","filters":{"page":1,"limit":10},"count":6,"msg":"Posts fetched"}
{"level":30,"time":1787750881390,"pid":36572,"hostname":"ELTECH","filters":{"page":1},"count":6,"msg":"Posts fetched"}
{"level":30,"time":1787750895605,"pid":36572,"hostname":"ELTECH","filters":{},"count":6,"msg":"Posts fetched"}
{"level":30,"time":1787750908408,"pid":36572,"hostname":"ELTECH","filters":{"page":1,"limit":10},"count":6,"msg":"Posts fetched"}
{"level":30,"time":1787750915844,"pid":36572,"hostname":"ELTECH","filters":{"page":1,"limit":10},"count":6,"msg":"Posts fetched"}
{"level":30,"time":1787750920846,"pid":36572,"hostname":"ELTECH","filters":{"page":1,"limit":10},"count":6,"msg":"Posts fetched"}
{"level":30,"time":1787750926186,"pid":36572,"hostname":"ELTECH","filters":{"page":1,"limit":10},"count":6,"msg":"Posts fetched"}
{"level":30,"time":1787750931450,"pid":36572,"hostname":"ELTECH","filters":{"page":1,"limit":10},"count":6,"msg":"Posts fetched"}
{"level":30,"time":1787750936777,"pid":36572,"hostname":"ELTECH","filters":{"page":1,"limit":10},"count":6,"msg":"Posts fetched"}
{"level":30,"time":1787750942048,"pid":36572,"hostname":"ELTECH","filters":{"page":1,"limit":10},"count":6,"msg":"Posts fetched"}
{"level":30,"time":1787750947046,"pid":36572,"hostname":"ELTECH","filters":{"page":1,"limit":10},"count":6,"msg":"Posts fetched"}
{"level":30,"time":1787750947568,"pid":36572,"hostname":"ELTECH","filters":{"page":1,"limit":10},"count":6,"msg":"Posts fetched"}
{"level":30,"time":1787750952785,"pid":36572,"hostname":"ELTECH","filters":{"page":1,"limit":10},"count":6,"msg":"Posts fetched"}
{"level":30,"time":1787750958420,"pid":36572,"hostname":"ELTECH","filters":{"page":1,"limit":10},"count":6,"msg":"Posts fetched"}
{"level":30,"time":1787750963197,"pid":36572,"hostname":"ELTECH","filters":{"page":1,"limit":10},"count":6,"msg":"Posts fetched"}
{"level":30,"time":1787750968084,"pid":36572,"hostname":"ELTECH","filters":{"page":1,"limit":10},"count":6,"msg":"Posts fetched"}
{"level":30,"time":1787750973367,"pid":36572,"hostname":"ELTECH","filters":{"page":1,"limit":10},"count":6,"msg":"Posts fetched"}
{"level":30,"time":1787750978413,"pid":36572,"hostname":"ELTECH","filters":{"page":1,"limit":10},"count":6,"msg":"Posts fetched"}
{"level":30,"time":1787750983928,"pid":36572,"hostname":"ELTECH","filters":{"page":1,"limit":10},"count":6,"msg":"Posts fetched"}
{"level":30,"time":1787750988999,"pid":36572,"hostname":"ELTECH","filters":{"page":1,"limit":10},"count":6,"msg":"Posts fetched"}
{"level":30,"time":1787750994562,"pid":36572,"hostname":"ELTECH","filters":{"page":1,"limit":10},"count":6,"msg":"Posts fetched"}
{"level":30,"time":1787750999586,"pid":36572,"hostname":"ELTECH","filters":{"page":1,"limit":10},"count":6,"msg":"Posts fetched"}
{"level":30,"time":1787751004839,"pid":36572,"hostname":"ELTECH","filters":{"page":1,"limit":10},"count":6,"msg":"Posts fetched"}
{"level":30,"time":1787751010147,"pid":36572,"hostname":"ELTECH","filters":{"page":1,"limit":10},"count":6,"msg":"Posts fetched"}
{"level":30,"time":1787751015090,"pid":36572,"hostname":"ELTECH","filters":{"page":1,"limit":10},"count":6,"msg":"Posts fetched"}
{"level":30,"time":1787751020787,"pid":36572,"hostname":"ELTECH","filters":{"page":1,"limit":10},"count":6,"msg":"Posts fetched"}
{"level":30,"time":1787751025611,"pid":36572,"hostname":"ELTECH","filters":{"page":1,"limit":10},"count":6,"msg":"Posts fetched"}
{"level":30,"time":1787751030733,"pid":36572,"hostname":"ELTECH","filters":{"page":1,"limit":10},"count":6,"msg":"Posts fetched"}
{"level":30,"time":1787751035886,"pid":36572,"hostname":"ELTECH","filters":{"page":1,"limit":10},"count":6,"msg":"Posts fetched"}
{"level":30,"time":1787751041152,"pid":36572,"hostname":"ELTECH","filters":{"page":1,"limit":10},"count":6,"msg":"Posts fetched"}
{"level":30,"time":1787751046380,"pid":36572,"hostname":"ELTECH","filters":{"page":1,"limit":10},"count":6,"msg":"Posts fetched"}
{"level":30,"time":1787751051707,"pid":36572,"hostname":"ELTECH","filters":{"page":1,"limit":10},"count":6,"msg":"Posts fetched"}
{"level":30,"time":1787751056763,"pid":36572,"hostname":"ELTECH","filters":{"page":1,"limit":10},"count":6,"msg":"Posts fetched"}
{"level":30,"time":1787751062694,"pid":36572,"hostname":"ELTECH","filters":{"page":1,"limit":10},"count":6,"msg":"Posts fetched"}
{"level":30,"time":1787751067236,"pid":36572,"hostname":"ELTECH","filters":{"page":1,"limit":10},"count":6,"msg":"Posts fetched"}
{"level":30,"time":1787751072505,"pid":36572,"hostname":"ELTECH","filters":{"page":1,"limit":10},"count":6,"msg":"Posts fetched"}
{"level":30,"time":1787751077591,"pid":36572,"hostname":"ELTECH","filters":{"page":1,"limit":10},"count":6,"msg":"Posts fetched"}
{"level":30,"time":1787751082906,"pid":36572,"hostname":"ELTECH","filters":{"page":1,"limit":10},"count":6,"msg":"Posts fetched"}
{"level":30,"time":1787751088123,"pid":36572,"hostname":"ELTECH","filters":{"page":1,"limit":10},"count":6,"msg":"Posts fetched"}
{"level":30,"time":1787751093354,"pid":36572,"hostname":"ELTECH","filters":{"page":1,"limit":10},"count":6,"msg":"Posts fetched"}
{"level":30,"time":1787751098783,"pid":36572,"hostname":"ELTECH","filters":{"page":1,"limit":10},"count":6,"msg":"Posts fetched"}
{"level":30,"time":1787751103976,"pid":36572,"hostname":"ELTECH","filters":{"page":1,"limit":10},"count":6,"msg":"Posts fetched"}
{"level":30,"time":1787751109558,"pid":36572,"hostname":"ELTECH","filters":{"page":1,"limit":10},"count":6,"msg":"Posts fetched"}
{"level":30,"time":1787751114333,"pid":36572,"hostname":"ELTECH","filters":{"page":1,"limit":10},"count":6,"msg":"Posts fetched"}
{"level":30,"time":1787751119479,"pid":36572,"hostname":"ELTECH","filters":{"page":1,"limit":10},"count":6,"msg":"Posts fetched"}
{"level":30,"time":1787751124643,"pid":36572,"hostname":"ELTECH","filters":{"page":1,"limit":10},"count":6,"msg":"Posts fetched"}
{"level":30,"time":1787751129819,"pid":36572,"hostname":"ELTECH","filters":{"page":1,"limit":10},"count":6,"msg":"Posts fetched"}
{"level":30,"time":1787751134996,"pid":36572,"hostname":"ELTECH","filters":{"page":1,"limit":10},"count":6,"msg":"Posts fetched"}
{"level":30,"time":1787751140352,"pid":36572,"hostname":"ELTECH","filters":{"page":1,"limit":10},"count":6,"msg":"Posts fetched"}
{"level":30,"time":1787751146273,"pid":36572,"hostname":"ELTECH","filters":{"page":1,"limit":10},"count":6,"msg":"Posts fetched"}
{"level":30,"time":1787751151715,"pid":36572,"hostname":"ELTECH","filters":{"page":1,"limit":10},"count":6,"msg":"Posts fetched"}
{"level":30,"time":1787751156132,"pid":36572,"hostname":"ELTECH","filters":{"page":1,"limit":10},"count":6,"msg":"Posts fetched"}
{"level":30,"time":1787751161506,"pid":36572,"hostname":"ELTECH","filters":{"page":1,"limit":10},"count":6,"msg":"Posts fetched"}
{"level":30,"time":1787751166574,"pid":36572,"hostname":"ELTECH","filters":{"page":1,"limit":10},"count":6,"msg":"Posts fetched"}
{"level":30,"time":1787751171963,"pid":36572,"hostname":"ELTECH","filters":{"page":1,"limit":10},"count":6,"msg":"Posts fetched"}
{"level":30,"time":1787751177076,"pid":36572,"hostname":"ELTECH","filters":{"page":1,"limit":10},"count":6,"msg":"Posts fetched"}
{"level":30,"time":1787751182550,"pid":36572,"hostname":"ELTECH","filters":{"page":1,"limit":10},"count":6,"msg":"Posts fetched"}
{"level":30,"time":1787751187670,"pid":36572,"hostname":"ELTECH","filters":{"page":1,"limit":10},"count":6,"msg":"Posts fetched"}
{"level":30,"time":1787751192940,"pid":36572,"hostname":"ELTECH","filters":{"page":1,"limit":10},"count":6,"msg":"Posts fetched"}
{"level":30,"time":1787751198562,"pid":36572,"hostname":"ELTECH","filters":{"page":1,"limit":10},"count":6,"msg":"Posts fetched"}
{"level":30,"time":1787751203244,"pid":36572,"hostname":"ELTECH","filters":{"page":1,"limit":10},"count":6,"msg":"Posts fetched"}
{"level":30,"time":1787751203618,"pid":36572,"hostname":"ELTECH","filters":{},"count":6,"msg":"Posts fetched"}
{"level":30,"time":1787751217590,"pid":36572,"hostname":"ELTECH","filters":{"page":1,"limit":10},"count":6,"msg":"Posts fetched"}
{"level":30,"time":1787751218199,"pid":36572,"hostname":"ELTECH","filters":{"page":1,"limit":10},"count":6,"msg":"Posts fetched"}
{"level":30,"time":1787751222638,"pid":36572,"hostname":"ELTECH","filters":{"page":1,"limit":10},"count":6,"msg":"Posts fetched"}
{"level":30,"time":1787751227867,"pid":36572,"hostname":"ELTECH","filters":{"page":1,"limit":10},"count":6,"msg":"Posts fetched"}
{"level":30,"time":1787751232994,"pid":36572,"hostname":"ELTECH","filters":{"page":1,"limit":10},"count":6,"msg":"Posts fetched"}
{"level":30,"time":1787751238534,"pid":36572,"hostname":"ELTECH","filters":{"page":1,"limit":10},"count":6,"msg":"Posts fetched"}
{"level":30,"time":1787751243574,"pid":36572,"hostname":"ELTECH","filters":{"page":1,"limit":10},"count":6,"msg":"Posts fetched"}
{"level":30,"time":1787751248749,"pid":36572,"hostname":"ELTECH","filters":{"page":1,"limit":10},"count":6,"msg":"Posts fetched"}
{"level":30,"time":1787751254315,"pid":36572,"hostname":"ELTECH","filters":{"page":1,"limit":10},"count":6,"msg":"Posts fetched"}
{"level":30,"time":1787751271221,"pid":36572,"hostname":"ELTECH","filters":{"page":1,"limit":10},"count":6,"msg":"Posts fetched"}
{"level":30,"time":1787751364799,"pid":36572,"hostname":"ELTECH","filters":{"page":1,"limit":10},"count":6,"msg":"Posts fetched"}
{"level":30,"time":1787751364877,"pid":36572,"hostname":"ELTECH","filters":{"page":1,"limit":10},"count":6,"msg":"Posts fetched"}
{"level":30,"time":1787751370382,"pid":36572,"hostname":"ELTECH","filters":{"limit":1000},"count":6,"msg":"Posts fetched"}
{"level":30,"time":1787751370480,"pid":36572,"hostname":"ELTECH","filters":{"page":1,"limit":10},"count":6,"msg":"Posts fetched"}
{"level":30,"time":1787751378989,"pid":36572,"hostname":"ELTECH","filters":{"page":1,"limit":10},"count":6,"msg":"Posts fetched"}
{"level":30,"time":1787751380467,"pid":36572,"hostname":"ELTECH","filters":{"limit":1000},"count":6,"msg":"Posts fetched"}
{"level":30,"time":1787751383969,"pid":36572,"hostname":"ELTECH","filters":{"page":1,"limit":10},"count":6,"msg":"Posts fetched"}
{"level":30,"time":1787751391883,"pid":36572,"hostname":"ELTECH","filters":{"page":1,"limit":10},"count":6,"msg":"Posts fetched"}
{"level":30,"time":1787751396795,"pid":36572,"hostname":"ELTECH","filters":{"page":1,"limit":10},"count":6,"msg":"Posts fetched"}
{"level":30,"time":1787751401917,"pid":36572,"hostname":"ELTECH","filters":{"page":1,"limit":10},"count":6,"msg":"Posts fetched"}
{"level":30,"time":1787751408293,"pid":36572,"hostname":"ELTECH","filters":{"page":1,"limit":10},"count":6,"msg":"Posts fetched"}
{"level":30,"time":1787751412532,"pid":36572,"hostname":"ELTECH","filters":{"page":1,"limit":10},"count":6,"msg":"Posts fetched"}
{"level":30,"time":1787751417646,"pid":36572,"hostname":"ELTECH","filters":{"page":1,"limit":10},"count":6,"msg":"Posts fetched"}
{"level":30,"time":1787751422870,"pid":36572,"hostname":"ELTECH","filters":{"page":1,"limit":10},"count":6,"msg":"Posts fetched"}
{"level":30,"time":1787751431663,"pid":36572,"hostname":"ELTECH","filters":{"page":1,"limit":10},"count":6,"msg":"Posts fetched"}
{"level":30,"time":1787751433493,"pid":36572,"hostname":"ELTECH","filters":{"page":1,"limit":10},"count":6,"msg":"Posts fetched"}
{"level":30,"time":1787751438619,"pid":36572,"hostname":"ELTECH","filters":{"page":1,"limit":10},"count":6,"msg":"Posts fetched"}
{"level":30,"time":1787751442122,"pid":36572,"hostname":"ELTECH","filters":{"limit":1000},"count":6,"msg":"Posts fetched"}
{"level":30,"time":1787751448812,"pid":36572,"hostname":"ELTECH","filters":{"page":1,"limit":10},"count":6,"msg":"Posts fetched"}
{"level":30,"time":1787751450205,"pid":36572,"hostname":"ELTECH","filters":{"page":1,"limit":3},"count":6,"msg":"Posts fetched"}
{"level":30,"time":1787751450387,"pid":36572,"hostname":"ELTECH","filters":{"limit":1000},"count":6,"msg":"Posts fetched"}
{"level":30,"time":1787751457425,"pid":36572,"hostname":"ELTECH","filters":{"page":2,"limit":10},"count":6,"msg":"Posts fetched"}
{"level":30,"time":1787751457519,"pid":36572,"hostname":"ELTECH","filters":{"page":2,"limit":3},"count":6,"msg":"Posts fetched"}
{"level":30,"time":1787751461740,"pid":36572,"hostname":"ELTECH","filters":{"page":1,"limit":10},"count":6,"msg":"Posts fetched"}
{"level":30,"time":1787751462958,"pid":36572,"hostname":"ELTECH","filters":{"page":2,"limit":10},"count":6,"msg":"Posts fetched"}
{"level":30,"time":1787751464035,"pid":36572,"hostname":"ELTECH","filters":{"page":1,"limit":10},"count":6,"msg":"Posts fetched"}
{"level":30,"time":1787751464807,"pid":36572,"hostname":"ELTECH","filters":{"page":2,"limit":10},"count":6,"msg":"Posts fetched"}
{"level":30,"time":1787751465537,"pid":36572,"hostname":"ELTECH","filters":{"page":1,"limit":10},"count":6,"msg":"Posts fetched"}
{"level":30,"time":1787751466130,"pid":36572,"hostname":"ELTECH","filters":{"page":2,"limit":10},"count":6,"msg":"Posts fetched"}
{"level":30,"time":1787751466796,"pid":36572,"hostname":"ELTECH","filters":{"page":1,"limit":10},"count":6,"msg":"Posts fetched"}
{"level":30,"time":1787751467582,"pid":36572,"hostname":"ELTECH","filters":{"page":2,"limit":10},"count":6,"msg":"Posts fetched"}
{"level":30,"time":1787751468262,"pid":36572,"hostname":"ELTECH","filters":{"page":1,"limit":10},"count":6,"msg":"Posts fetched"}
{"level":30,"time":1787751468927,"pid":36572,"hostname":"ELTECH","filters":{"page":2,"limit":10},"count":6,"msg":"Posts fetched"}
{"level":30,"time":1787751469631,"pid":36572,"hostname":"ELTECH","filters":{"page":1,"limit":10},"count":6,"msg":"Posts fetched"}
{"level":30,"time":1787751470928,"pid":36572,"hostname":"ELTECH","filters":{"page":2,"limit":10},"count":6,"msg":"Posts fetched"}
{"level":30,"time":1787751471848,"pid":36572,"hostname":"ELTECH","filters":{"page":1,"limit":10},"count":6,"msg":"Posts fetched"}
{"level":30,"time":1787751472723,"pid":36572,"hostname":"ELTECH","filters":{"page":2,"limit":10},"count":6,"msg":"Posts fetched"}
{"level":30,"time":1787751475079,"pid":36572,"hostname":"ELTECH","filters":{"page":1,"limit":10},"count":6,"msg":"Posts fetched"}
{"level":30,"time":1787751478696,"pid":36572,"hostname":"ELTECH","filters":{"page":1,"limit":10},"count":6,"msg":"Posts fetched"}
{"level":30,"time":1787751483899,"pid":36572,"hostname":"ELTECH","filters":{"page":1,"limit":10},"count":6,"msg":"Posts fetched"}
{"level":30,"time":1787751489891,"pid":36572,"hostname":"ELTECH","filters":{"page":1,"limit":10},"count":6,"msg":"Posts fetched"}
{"level":30,"time":1787751494358,"pid":36572,"hostname":"ELTECH","filters":{"page":1,"limit":10},"count":6,"msg":"Posts fetched"}
{"level":30,"time":1787751499685,"pid":36572,"hostname":"ELTECH","filters":{"page":1,"limit":10},"count":6,"msg":"Posts fetched"}
{"level":30,"time":1787751504637,"pid":36572,"hostname":"ELTECH","filters":{"page":1,"limit":10},"count":6,"msg":"Posts fetched"}
{"level":30,"time":1787751509882,"pid":36572,"hostname":"ELTECH","filters":{"page":1,"limit":10},"count":6,"msg":"Posts fetched"}
{"level":30,"time":1787751515028,"pid":36572,"hostname":"ELTECH","filters":{"page":1,"limit":10},"count":6,"msg":"Posts fetched"}
{"level":30,"time":1787751520397,"pid":36572,"hostname":"ELTECH","filters":{"page":1,"limit":10},"count":6,"msg":"Posts fetched"}
{"level":30,"time":1787751525441,"pid":36572,"hostname":"ELTECH","filters":{"page":1,"limit":10},"count":6,"msg":"Posts fetched"}
{"level":30,"time":1787751535919,"pid":36572,"hostname":"ELTECH","filters":{"page":1,"limit":10},"count":6,"msg":"Posts fetched"}
{"level":30,"time":1787751550823,"pid":36572,"hostname":"ELTECH","filters":{"page":1,"limit":10},"count":6,"msg":"Posts fetched"}
{"level":30,"time":1787751553581,"pid":36572,"hostname":"ELTECH","filters":{"page":1,"limit":10},"count":6,"msg":"Posts fetched"}
{"level":30,"time":1787751559285,"pid":36572,"hostname":"ELTECH","filters":{"page":1,"limit":10},"count":6,"msg":"Posts fetched"}
{"level":30,"time":1787751565474,"pid":36572,"hostname":"ELTECH","filters":{"page":1,"limit":10},"count":6,"msg":"Posts fetched"}
{"level":30,"time":1787751578970,"pid":36572,"hostname":"ELTECH","filters":{"page":1,"limit":10},"count":6,"msg":"Posts fetched"}
{"level":30,"time":1787751583844,"pid":36572,"hostname":"ELTECH","filters":{"page":1,"limit":10},"count":6,"msg":"Posts fetched"}
{"level":30,"time":1787751589989,"pid":36572,"hostname":"ELTECH","filters":{"page":1,"limit":10},"count":6,"msg":"Posts fetched"}
{"level":30,"time":1787751590480,"pid":36572,"hostname":"ELTECH","filters":{"page":1,"limit":10},"count":6,"msg":"Posts fetched"}
{"level":30,"time":1787751594849,"pid":36572,"hostname":"ELTECH","filters":{"page":1,"limit":10},"count":6,"msg":"Posts fetched"}
{"level":30,"time":1787751597161,"pid":36572,"hostname":"ELTECH","filters":{"page":1,"limit":10},"count":6,"msg":"Posts fetched"}
{"level":30,"time":1787751599927,"pid":36572,"hostname":"ELTECH","filters":{"page":1,"limit":10},"count":6,"msg":"Posts fetched"}
{"level":30,"time":1787751605094,"pid":36572,"hostname":"ELTECH","filters":{"page":1,"limit":10},"count":6,"msg":"Posts fetched"}
{"level":30,"time":1787751610818,"pid":36572,"hostname":"ELTECH","filters":{"page":1,"limit":10},"count":6,"msg":"Posts fetched"}
{"level":30,"time":1787751615850,"pid":36572,"hostname":"ELTECH","filters":{"page":1,"limit":10},"count":6,"msg":"Posts fetched"}
{"level":30,"time":1787751621055,"pid":36572,"hostname":"ELTECH","filters":{"page":1,"limit":10},"count":6,"msg":"Posts fetched"}
{"level":30,"time":1787751626191,"pid":36572,"hostname":"ELTECH","filters":{"page":1,"limit":10},"count":6,"msg":"Posts fetched"}
{"level":30,"time":1787751631792,"pid":36572,"hostname":"ELTECH","filters":{"page":1,"limit":10},"count":6,"msg":"Posts fetched"}
{"level":30,"time":1787751636889,"pid":36572,"hostname":"ELTECH","filters":{"page":1,"limit":10},"count":6,"msg":"Posts fetched"}
{"level":30,"time":1787751642059,"pid":36572,"hostname":"ELTECH","filters":{"page":1,"limit":10},"count":6,"msg":"Posts fetched"}
{"level":30,"time":1787751647103,"pid":36572,"hostname":"ELTECH","filters":{"page":1,"limit":10},"count":6,"msg":"Posts fetched"}
{"level":30,"time":1787751652550,"pid":36572,"hostname":"ELTECH","filters":{"page":1,"limit":10},"count":6,"msg":"Posts fetched"}
{"level":30,"time":1787751656020,"pid":36572,"hostname":"ELTECH","filters":{"page":1,"limit":10},"count":6,"msg":"Posts fetched"}
{"level":30,"time":1787751658369,"pid":36572,"hostname":"ELTECH","filters":{"page":1,"limit":10},"count":6,"msg":"Posts fetched"}
{"level":30,"time":1787751659089,"pid":36572,"hostname":"ELTECH","filters":{"page":1,"limit":10},"count":6,"msg":"Posts fetched"}
{"level":30,"time":1787751663192,"pid":36572,"hostname":"ELTECH","filters":{"page":1,"limit":10},"count":6,"msg":"Posts fetched"}
{"level":30,"time":1787751668471,"pid":36572,"hostname":"ELTECH","filters":{"page":1,"limit":10},"count":6,"msg":"Posts fetched"}
{"level":30,"time":1787751675344,"pid":36572,"hostname":"ELTECH","filters":{"page":1,"limit":3},"count":6,"msg":"Posts fetched"}
{"level":30,"time":1787751675407,"pid":36572,"hostname":"ELTECH","filters":{"page":1,"limit":10},"count":6,"msg":"Posts fetched"}
{"level":30,"time":1787751675459,"pid":36572,"hostname":"ELTECH","filters":{"limit":1000},"count":6,"msg":"Posts fetched"}
{"level":30,"time":1787751694146,"pid":36572,"hostname":"ELTECH","filters":{"page":1,"limit":10},"count":6,"msg":"Posts fetched"}
{"level":30,"time":1787751699460,"pid":36572,"hostname":"ELTECH","filters":{"page":1,"limit":10},"count":6,"msg":"Posts fetched"}
{"level":30,"time":1787751704657,"pid":36572,"hostname":"ELTECH","filters":{"page":1,"limit":10},"count":6,"msg":"Posts fetched"}
{"level":30,"time":1787751710981,"pid":36572,"hostname":"ELTECH","filters":{"page":1,"limit":10},"count":6,"msg":"Posts fetched"}
{"level":30,"time":1787751769212,"pid":36572,"hostname":"ELTECH","filters":{"page":1,"limit":10},"count":6,"msg":"Posts fetched"}
{"level":30,"time":1787751773976,"pid":36572,"hostname":"ELTECH","filters":{"page":1,"limit":10},"count":6,"msg":"Posts fetched"}
{"level":30,"time":1787751779098,"pid":36572,"hostname":"ELTECH","filters":{"page":1,"limit":10},"count":6,"msg":"Posts fetched"}
{"level":30,"time":1787751784345,"pid":36572,"hostname":"ELTECH","filters":{"page":1,"limit":10},"count":6,"msg":"Posts fetched"}
{"level":30,"time":1787751789525,"pid":36572,"hostname":"ELTECH","filters":{"page":1,"limit":10},"count":6,"msg":"Posts fetched"}
{"level":30,"time":1787751795171,"pid":36572,"hostname":"ELTECH","filters":{"page":1,"limit":10},"count":6,"msg":"Posts fetched"}
{"level":30,"time":1787751825618,"pid":36572,"hostname":"ELTECH","filters":{"page":1,"limit":10},"count":6,"msg":"Posts fetched"}
{"level":30,"time":1787751830306,"pid":36572,"hostname":"ELTECH","filters":{"page":1,"limit":10},"count":6,"msg":"Posts fetched"}
{"level":30,"time":1787751832096,"pid":36572,"hostname":"ELTECH","filters":{"page":1,"limit":10},"count":6,"msg":"Posts fetched"}
{"level":30,"time":1787751836147,"pid":36572,"hostname":"ELTECH","filters":{"page":1,"limit":10},"count":6,"msg":"Posts fetched"}
{"level":30,"time":1787751840768,"pid":36572,"hostname":"ELTECH","filters":{"page":1,"limit":10},"count":6,"msg":"Posts fetched"}
{"level":30,"time":1787751845902,"pid":36572,"hostname":"ELTECH","filters":{"page":1,"limit":10},"count":6,"msg":"Posts fetched"}
{"level":30,"time":1787751850990,"pid":36572,"hostname":"ELTECH","filters":{"page":1,"limit":10},"count":6,"msg":"Posts fetched"}
{"level":30,"time":1787751865162,"pid":36572,"hostname":"ELTECH","filters":{"page":1,"limit":10},"count":6,"msg":"Posts fetched"}
{"level":30,"time":1787751868310,"pid":36572,"hostname":"ELTECH","filters":{"page":1,"limit":10},"count":6,"msg":"Posts fetched"}
{"level":30,"time":1787751871086,"pid":36572,"hostname":"ELTECH","filters":{"page":1,"limit":10},"count":6,"msg":"Posts fetched"}
{"level":30,"time":1787751871923,"pid":36572,"hostname":"ELTECH","filters":{"page":1,"limit":10},"count":6,"msg":"Posts fetched"}
{"level":30,"time":1787751876442,"pid":36572,"hostname":"ELTECH","filters":{"page":1,"limit":10},"count":6,"msg":"Posts fetched"}
{"level":30,"time":1787751881200,"pid":36572,"hostname":"ELTECH","filters":{"page":1,"limit":10},"count":6,"msg":"Posts fetched"}
{"level":30,"time":1787751887068,"pid":36572,"hostname":"ELTECH","filters":{"page":1,"limit":10},"count":6,"msg":"Posts fetched"}
{"level":30,"time":1787751891552,"pid":36572,"hostname":"ELTECH","filters":{"page":1,"limit":10},"count":6,"msg":"Posts fetched"}
{"level":30,"time":1787751897360,"pid":36572,"hostname":"ELTECH","filters":{"page":1,"limit":10},"count":6,"msg":"Posts fetched"}
{"level":30,"time":1787751902042,"pid":36572,"hostname":"ELTECH","filters":{"page":1,"limit":10},"count":6,"msg":"Posts fetched"}
{"level":30,"time":1787751907292,"pid":36572,"hostname":"ELTECH","filters":{"page":1,"limit":10},"count":6,"msg":"Posts fetched"}
{"level":30,"time":1787751912289,"pid":36572,"hostname":"ELTECH","filters":{"page":1,"limit":10},"count":6,"msg":"Posts fetched"}
{"level":30,"time":1787751917608,"pid":36572,"hostname":"ELTECH","filters":{"page":1,"limit":10},"count":6,"msg":"Posts fetched"}
{"level":30,"time":1787751922709,"pid":36572,"hostname":"ELTECH","filters":{"page":1,"limit":10},"count":6,"msg":"Posts fetched"}
{"level":30,"time":1787751928245,"pid":36572,"hostname":"ELTECH","filters":{"page":1,"limit":10},"count":6,"msg":"Posts fetched"}
{"level":30,"time":1787751933297,"pid":36572,"hostname":"ELTECH","filters":{"page":1,"limit":10},"count":6,"msg":"Posts fetched"}
{"level":30,"time":1787751938706,"pid":36572,"hostname":"ELTECH","filters":{"page":1,"limit":10},"count":6,"msg":"Posts fetched"}
{"level":30,"time":1787751944264,"pid":36572,"hostname":"ELTECH","filters":{"page":1,"limit":10},"count":6,"msg":"Posts fetched"}
{"level":30,"time":1787751949009,"pid":36572,"hostname":"ELTECH","filters":{"page":1,"limit":10},"count":6,"msg":"Posts fetched"}
{"level":30,"time":1787751954180,"pid":36572,"hostname":"ELTECH","filters":{"page":1,"limit":10},"count":6,"msg":"Posts fetched"}
{"level":30,"time":1787751959326,"pid":36572,"hostname":"ELTECH","filters":{"page":1,"limit":10},"count":6,"msg":"Posts fetched"}
{"level":30,"time":1787751964636,"pid":36572,"hostname":"ELTECH","filters":{"page":1,"limit":10},"count":6,"msg":"Posts fetched"}
{"level":30,"time":1787751969749,"pid":36572,"hostname":"ELTECH","filters":{"page":1,"limit":10},"count":6,"msg":"Posts fetched"}
{"level":30,"time":1787751974932,"pid":36572,"hostname":"ELTECH","filters":{"page":1,"limit":10},"count":6,"msg":"Posts fetched"}
{"level":30,"time":1787751980266,"pid":36572,"hostname":"ELTECH","filters":{"page":1,"limit":10},"count":6,"msg":"Posts fetched"}
{"level":30,"time":1787751985603,"pid":36572,"hostname":"ELTECH","filters":{"page":1,"limit":10},"count":6,"msg":"Posts fetched"}
{"level":30,"time":1787751991016,"pid":36572,"hostname":"ELTECH","filters":{"page":1,"limit":10},"count":6,"msg":"Posts fetched"}
{"level":30,"time":1787751993767,"pid":36572,"hostname":"ELTECH","filters":{"page":1,"limit":10},"count":6,"msg":"Posts fetched"}
{"level":30,"time":1787751996000,"pid":36572,"hostname":"ELTECH","filters":{"page":1,"limit":10},"count":6,"msg":"Posts fetched"}
{"level":30,"time":1787751996814,"pid":36572,"hostname":"ELTECH","filters":{"page":1,"limit":10},"count":6,"msg":"Posts fetched"}
{"level":30,"time":1787752001732,"pid":36572,"hostname":"ELTECH","filters":{"page":1,"limit":10},"count":6,"msg":"Posts fetched"}
{"level":30,"time":1787752003537,"pid":36572,"hostname":"ELTECH","filters":{"page":1,"limit":10},"count":6,"msg":"Posts fetched"}
{"level":30,"time":1787752006702,"pid":36572,"hostname":"ELTECH","filters":{"page":1,"limit":10},"count":6,"msg":"Posts fetched"}
{"level":30,"time":1787752011625,"pid":36572,"hostname":"ELTECH","filters":{"page":1,"limit":10},"count":6,"msg":"Posts fetched"}
{"level":30,"time":1787752014793,"pid":36572,"hostname":"ELTECH","filters":{"page":1,"limit":10},"count":6,"msg":"Posts fetched"}
{"level":30,"time":1787752017069,"pid":36572,"hostname":"ELTECH","filters":{"page":1,"limit":10},"count":6,"msg":"Posts fetched"}
{"level":30,"time":1787752019353,"pid":36572,"hostname":"ELTECH","filters":{"page":1,"limit":10},"count":6,"msg":"Posts fetched"}
{"level":30,"time":1787752022070,"pid":36572,"hostname":"ELTECH","filters":{"page":1,"limit":10},"count":6,"msg":"Posts fetched"}
{"level":30,"time":1787752027116,"pid":36572,"hostname":"ELTECH","filters":{"page":1,"limit":10},"count":6,"msg":"Posts fetched"}
{"level":30,"time":1787752027548,"pid":36572,"hostname":"ELTECH","filters":{"page":1,"limit":10},"count":6,"msg":"Posts fetched"}
{"level":30,"time":1787752032506,"pid":36572,"hostname":"ELTECH","filters":{"page":1,"limit":10},"count":6,"msg":"Posts fetched"}
{"level":30,"time":1787752037893,"pid":36572,"hostname":"ELTECH","filters":{"page":1,"limit":10},"count":6,"msg":"Posts fetched"}
{"level":30,"time":1787752042988,"pid":36572,"hostname":"ELTECH","filters":{"page":1,"limit":10},"count":6,"msg":"Posts fetched"}
{"level":30,"time":1787752048582,"pid":36572,"hostname":"ELTECH","filters":{"page":1,"limit":10},"count":6,"msg":"Posts fetched"}
{"level":30,"time":1787752056015,"pid":36572,"hostname":"ELTECH","filters":{"page":1,"limit":3},"count":6,"msg":"Posts fetched"}
{"level":30,"time":1787752056044,"pid":36572,"hostname":"ELTECH","filters":{"limit":1000},"count":6,"msg":"Posts fetched"}
{"level":30,"time":1787752058162,"pid":36572,"hostname":"ELTECH","filters":{"page":2,"limit":10},"count":6,"msg":"Posts fetched"}
{"level":30,"time":1787752058226,"pid":36572,"hostname":"ELTECH","filters":{"page":2,"limit":3},"count":6,"msg":"Posts fetched"}
{"level":30,"time":1787752059450,"pid":36572,"hostname":"ELTECH","filters":{"page":1,"limit":10},"count":6,"msg":"Posts fetched"}
{"level":30,"time":1787752060605,"pid":36572,"hostname":"ELTECH","filters":{"page":2,"limit":10},"count":6,"msg":"Posts fetched"}
{"level":30,"time":1787752061735,"pid":36572,"hostname":"ELTECH","filters":{"page":1,"limit":10},"count":6,"msg":"Posts fetched"}
{"level":30,"time":1787752064777,"pid":36572,"hostname":"ELTECH","filters":{"page":2,"limit":10},"count":6,"msg":"Posts fetched"}
{"level":30,"time":1787752067074,"pid":36572,"hostname":"ELTECH","filters":{"page":1,"limit":10},"count":6,"msg":"Posts fetched"}
{"level":30,"time":1787752078632,"pid":36572,"hostname":"ELTECH","filters":{"page":1,"limit":10},"count":6,"msg":"Posts fetched"}
{"level":30,"time":1787752079819,"pid":36572,"hostname":"ELTECH","id":5,"msg":"Post fetched"}
{"level":30,"time":1787752085894,"pid":36572,"hostname":"ELTECH","filters":{"page":1,"limit":10},"count":6,"msg":"Posts fetched"}
{"level":30,"time":1787752109010,"pid":36572,"hostname":"ELTECH","filters":{"limit":1000},"count":16,"msg":"Users fetched"}
{"level":30,"time":1787752109352,"pid":36572,"hostname":"ELTECH","filters":{"page":1,"limit":10},"count":6,"msg":"Posts fetched"}
{"level":30,"time":1787752134698,"pid":36572,"hostname":"ELTECH","id":6,"content":"test 2","msg":"Comment created successfully"}
{"level":30,"time":1787752135335,"pid":36572,"hostname":"ELTECH","filters":{"page":1,"limit":10},"count":6,"msg":"Posts fetched"}
{"level":30,"time":1787752145222,"pid":36572,"hostname":"ELTECH","filters":{"page":1,"limit":10},"count":6,"msg":"Posts fetched"}
{"level":30,"time":1787752146999,"pid":36572,"hostname":"ELTECH","filters":{"page":1,"limit":3},"count":6,"msg":"Posts fetched"}
{"level":30,"time":1787752147241,"pid":36572,"hostname":"ELTECH","filters":{"limit":1000},"count":6,"msg":"Posts fetched"}
{"level":30,"time":1787752157762,"pid":36572,"hostname":"ELTECH","filters":{"page":2,"limit":10},"count":6,"msg":"Posts fetched"}
{"level":30,"time":1787752157817,"pid":36572,"hostname":"ELTECH","filters":{"page":2,"limit":3},"count":6,"msg":"Posts fetched"}
{"level":30,"time":1787752163630,"pid":36572,"hostname":"ELTECH","filters":{"page":1,"limit":10},"count":6,"msg":"Posts fetched"}
{"level":30,"time":1787752164967,"pid":36572,"hostname":"ELTECH","filters":{"limit":1000},"count":6,"msg":"Posts fetched"}
{"level":30,"time":1787752172290,"pid":36572,"hostname":"ELTECH","filters":{"page":1,"limit":10},"count":6,"msg":"Posts fetched"}
{"level":30,"time":1787752177393,"pid":36572,"hostname":"ELTECH","filters":{"page":1,"limit":10},"count":6,"msg":"Posts fetched"}
{"level":30,"time":1787752181870,"pid":36572,"hostname":"ELTECH","filters":{"page":1,"limit":10},"count":6,"msg":"Posts fetched"}
{"level":30,"time":1787752187075,"pid":36572,"hostname":"ELTECH","filters":{"page":1,"limit":10},"count":6,"msg":"Posts fetched"}
{"level":30,"time":1787752192291,"pid":36572,"hostname":"ELTECH","filters":{"page":1,"limit":10},"count":6,"msg":"Posts fetched"}
{"level":30,"time":1787752198058,"pid":36572,"hostname":"ELTECH","filters":{"page":1,"limit":10},"count":6,"msg":"Posts fetched"}
{"level":30,"time":1787752202975,"pid":36572,"hostname":"ELTECH","filters":{"page":1,"limit":10},"count":6,"msg":"Posts fetched"}
{"level":30,"time":1787752209062,"pid":36572,"hostname":"ELTECH","filters":{"page":1,"limit":10},"count":6,"msg":"Posts fetched"}
{"level":30,"time":1787752213570,"pid":36572,"hostname":"ELTECH","filters":{"page":1,"limit":10},"count":6,"msg":"Posts fetched"}
{"level":30,"time":1787752219485,"pid":36572,"hostname":"ELTECH","filters":{"page":1,"limit":10},"count":6,"msg":"Posts fetched"}
{"level":30,"time":1787752224308,"pid":36572,"hostname":"ELTECH","filters":{"page":1,"limit":10},"count":6,"msg":"Posts fetched"}
{"level":30,"time":1787752229748,"pid":36572,"hostname":"ELTECH","filters":{"page":1,"limit":10},"count":6,"msg":"Posts fetched"}
{"level":30,"time":1787752234819,"pid":36572,"hostname":"ELTECH","filters":{"page":1,"limit":10},"count":6,"msg":"Posts fetched"}
{"level":30,"time":1787752241506,"pid":36572,"hostname":"ELTECH","filters":{"page":1,"limit":10},"count":6,"msg":"Posts fetched"}
{"level":30,"time":1787752245628,"pid":36572,"hostname":"ELTECH","filters":{"page":1,"limit":10},"count":6,"msg":"Posts fetched"}
{"level":30,"time":1787752250803,"pid":36572,"hostname":"ELTECH","filters":{"page":1,"limit":10},"count":6,"msg":"Posts fetched"}
{"level":30,"time":1787752255836,"pid":36572,"hostname":"ELTECH","filters":{"page":1,"limit":10},"count":6,"msg":"Posts fetched"}
{"level":30,"time":1787752261323,"pid":36572,"hostname":"ELTECH","filters":{"page":1,"limit":10},"count":6,"msg":"Posts fetched"}
{"level":30,"time":1787752266569,"pid":36572,"hostname":"ELTECH","filters":{"page":1,"limit":10},"count":6,"msg":"Posts fetched"}
{"level":30,"time":1787752271726,"pid":36572,"hostname":"ELTECH","filters":{"page":1,"limit":10},"count":6,"msg":"Posts fetched"}
{"level":30,"time":1787752277042,"pid":36572,"hostname":"ELTECH","filters":{"page":1,"limit":10},"count":6,"msg":"Posts fetched"}
{"level":30,"time":1787752296276,"pid":36572,"hostname":"ELTECH","filters":{"limit":1000},"count":6,"msg":"Posts fetched"}
{"level":30,"time":1787752296292,"pid":36572,"hostname":"ELTECH","filters":{"page":1,"limit":10},"count":6,"msg":"Posts fetched"}
{"level":30,"time":1787752301918,"pid":36572,"hostname":"ELTECH","filters":{"limit":1000},"count":6,"msg":"Posts fetched"}
{"level":30,"time":1787752305121,"pid":36572,"hostname":"ELTECH","filters":{"page":1,"limit":10},"count":6,"msg":"Posts fetched"}
{"level":30,"time":1787752310332,"pid":36572,"hostname":"ELTECH","filters":{"page":1,"limit":10},"count":6,"msg":"Posts fetched"}
{"level":30,"time":1787752315504,"pid":36572,"hostname":"ELTECH","filters":{"page":1,"limit":10},"count":6,"msg":"Posts fetched"}
{"level":30,"time":1787752320788,"pid":36572,"hostname":"ELTECH","filters":{"page":1,"limit":10},"count":6,"msg":"Posts fetched"}
{"level":30,"time":1787752325916,"pid":36572,"hostname":"ELTECH","filters":{"page":1,"limit":10},"count":6,"msg":"Posts fetched"}
{"level":30,"time":1787752331198,"pid":36572,"hostname":"ELTECH","filters":{"page":1,"limit":10},"count":6,"msg":"Posts fetched"}
{"level":30,"time":1787752336437,"pid":36572,"hostname":"ELTECH","filters":{"page":1,"limit":10},"count":6,"msg":"Posts fetched"}
{"level":30,"time":1787752341564,"pid":36572,"hostname":"ELTECH","filters":{"page":1,"limit":10},"count":6,"msg":"Posts fetched"}
{"level":30,"time":1787752347339,"pid":36572,"hostname":"ELTECH","filters":{"page":1,"limit":10},"count":6,"msg":"Posts fetched"}
{"level":30,"time":1787752348636,"pid":36572,"hostname":"ELTECH","filters":{"page":1,"limit":10},"count":6,"msg":"Posts fetched"}
{"level":30,"time":1787752352073,"pid":36572,"hostname":"ELTECH","filters":{"page":1,"limit":10},"count":6,"msg":"Posts fetched"}
{"level":30,"time":1787752357469,"pid":36572,"hostname":"ELTECH","filters":{"page":1,"limit":10},"count":6,"msg":"Posts fetched"}
{"level":30,"time":1787752362108,"pid":36572,"hostname":"ELTECH","filters":{"page":1,"limit":10},"count":6,"msg":"Posts fetched"}
{"level":30,"time":1787752362796,"pid":36572,"hostname":"ELTECH","filters":{"page":1,"limit":10},"count":6,"msg":"Posts fetched"}
{"level":30,"time":1787752367422,"pid":36572,"hostname":"ELTECH","filters":{"page":1,"limit":10},"count":6,"msg":"Posts fetched"}
{"level":30,"time":1787752369893,"pid":36572,"hostname":"ELTECH","filters":{"page":1,"limit":10},"count":6,"msg":"Posts fetched"}
{"level":30,"time":1787752370847,"pid":36572,"hostname":"ELTECH","filters":{"page":1,"limit":10},"count":6,"msg":"Posts fetched"}
{"level":30,"time":1787752371663,"pid":36572,"hostname":"ELTECH","filters":{"page":1,"limit":10},"count":6,"msg":"Posts fetched"}
{"level":30,"time":1787752373701,"pid":36572,"hostname":"ELTECH","filters":{"page":1,"limit":10},"count":6,"msg":"Posts fetched"}
{"level":30,"time":1787752378844,"pid":36572,"hostname":"ELTECH","filters":{"page":1,"limit":10},"count":6,"msg":"Posts fetched"}
{"level":30,"time":1787752383918,"pid":36572,"hostname":"ELTECH","filters":{"page":1,"limit":10},"count":6,"msg":"Posts fetched"}
{"level":30,"time":1787752389218,"pid":36572,"hostname":"ELTECH","filters":{"page":1,"limit":10},"count":6,"msg":"Posts fetched"}
{"level":30,"time":1787752394280,"pid":36572,"hostname":"ELTECH","filters":{"page":1,"limit":10},"count":6,"msg":"Posts fetched"}
{"level":30,"time":1787752399473,"pid":36572,"hostname":"ELTECH","filters":{"page":1,"limit":10},"count":6,"msg":"Posts fetched"}
{"level":30,"time":1787752404679,"pid":36572,"hostname":"ELTECH","filters":{"page":1,"limit":10},"count":6,"msg":"Posts fetched"}
{"level":30,"time":1787752410028,"pid":36572,"hostname":"ELTECH","filters":{"page":1,"limit":10},"count":6,"msg":"Posts fetched"}
{"level":30,"time":1787752415210,"pid":36572,"hostname":"ELTECH","filters":{"page":1,"limit":10},"count":6,"msg":"Posts fetched"}
{"level":30,"time":1787752421141,"pid":36572,"hostname":"ELTECH","filters":{"page":1,"limit":10},"count":6,"msg":"Posts fetched"}
{"level":30,"time":1787752421838,"pid":36572,"hostname":"ELTECH","filters":{"page":1,"limit":10},"count":6,"msg":"Posts fetched"}
{"level":30,"time":1787752423579,"pid":36572,"hostname":"ELTECH","filters":{"page":1,"limit":10},"count":6,"msg":"Posts fetched"}
{"level":30,"time":1787752426122,"pid":36572,"hostname":"ELTECH","filters":{"page":1,"limit":10},"count":6,"msg":"Posts fetched"}
{"level":30,"time":1787752429582,"pid":36572,"hostname":"ELTECH","filters":{"page":1,"limit":10},"count":6,"msg":"Posts fetched"}
{"level":30,"time":1787752431468,"pid":36572,"hostname":"ELTECH","filters":{"page":1,"limit":10},"count":6,"msg":"Posts fetched"}
{"level":30,"time":1787752436569,"pid":36572,"hostname":"ELTECH","filters":{"page":1,"limit":10},"count":6,"msg":"Posts fetched"}
{"level":30,"time":1787752441700,"pid":36572,"hostname":"ELTECH","filters":{"page":1,"limit":10},"count":6,"msg":"Posts fetched"}
{"level":30,"time":1787752446897,"pid":36572,"hostname":"ELTECH","filters":{"page":1,"limit":10},"count":6,"msg":"Posts fetched"}
{"level":30,"time":1787752452226,"pid":36572,"hostname":"ELTECH","filters":{"page":1,"limit":10},"count":6,"msg":"Posts fetched"}
{"level":30,"time":1787752457659,"pid":36572,"hostname":"ELTECH","filters":{"page":1,"limit":10},"count":6,"msg":"Posts fetched"}
{"level":30,"time":1787752462835,"pid":36572,"hostname":"ELTECH","filters":{"page":1,"limit":10},"count":6,"msg":"Posts fetched"}
{"level":30,"time":1787752467935,"pid":36572,"hostname":"ELTECH","filters":{"page":1,"limit":10},"count":6,"msg":"Posts fetched"}
{"level":30,"time":1787752473436,"pid":36572,"hostname":"ELTECH","filters":{"page":1,"limit":10},"count":6,"msg":"Posts fetched"}
{"level":30,"time":1787752478617,"pid":36572,"hostname":"ELTECH","filters":{"page":1,"limit":10},"count":6,"msg":"Posts fetched"}
{"level":30,"time":1787752483723,"pid":36572,"hostname":"ELTECH","filters":{"page":1,"limit":10},"count":6,"msg":"Posts fetched"}
{"level":30,"time":1787752489025,"pid":36572,"hostname":"ELTECH","filters":{"page":1,"limit":10},"count":6,"msg":"Posts fetched"}
{"level":30,"time":1787752494008,"pid":36572,"hostname":"ELTECH","filters":{"page":1,"limit":10},"count":6,"msg":"Posts fetched"}
{"level":30,"time":1787752499764,"pid":36572,"hostname":"ELTECH","filters":{"page":1,"limit":10},"count":6,"msg":"Posts fetched"}
{"level":30,"time":1787752504472,"pid":36572,"hostname":"ELTECH","filters":{"page":1,"limit":10},"count":6,"msg":"Posts fetched"}
{"level":30,"time":1787752509734,"pid":36572,"hostname":"ELTECH","filters":{"page":1,"limit":10},"count":6,"msg":"Posts fetched"}
{"level":30,"time":1787752514892,"pid":36572,"hostname":"ELTECH","filters":{"page":1,"limit":10},"count":6,"msg":"Posts fetched"}
{"level":30,"time":1787752518793,"pid":36572,"hostname":"ELTECH","filters":{"page":1,"limit":10},"count":6,"msg":"Posts fetched"}
{"level":30,"time":1787752520464,"pid":36572,"hostname":"ELTECH","filters":{"page":1,"limit":10},"count":6,"msg":"Posts fetched"}
{"level":30,"time":1787752525436,"pid":36572,"hostname":"ELTECH","filters":{"page":1,"limit":10},"count":6,"msg":"Posts fetched"}
{"level":30,"time":1787752530809,"pid":36572,"hostname":"ELTECH","filters":{"page":1,"limit":10},"count":6,"msg":"Posts fetched"}
{"level":30,"time":1787752535891,"pid":36572,"hostname":"ELTECH","filters":{"page":1,"limit":10},"count":6,"msg":"Posts fetched"}
{"level":30,"time":1787752541255,"pid":36572,"hostname":"ELTECH","filters":{"page":1,"limit":10},"count":6,"msg":"Posts fetched"}
{"level":30,"time":1787752551899,"pid":36572,"hostname":"ELTECH","filters":{"page":1,"limit":10},"count":6,"msg":"Posts fetched"}
{"level":30,"time":1787752554728,"pid":36572,"hostname":"ELTECH","filters":{"limit":1000},"count":6,"msg":"Posts fetched"}
{"level":30,"time":1787752557732,"pid":36572,"hostname":"ELTECH","filters":{"page":1,"limit":10},"count":6,"msg":"Posts fetched"}
{"level":30,"time":1787752562652,"pid":36572,"hostname":"ELTECH","filters":{"page":1,"limit":10},"count":6,"msg":"Posts fetched"}
{"level":30,"time":1787752568073,"pid":36572,"hostname":"ELTECH","filters":{"page":1,"limit":10},"count":6,"msg":"Posts fetched"}
{"level":30,"time":1787752573326,"pid":36572,"hostname":"ELTECH","filters":{"page":1,"limit":10},"count":6,"msg":"Posts fetched"}
{"level":30,"time":1787752578421,"pid":36572,"hostname":"ELTECH","filters":{"page":1,"limit":10},"count":6,"msg":"Posts fetched"}
{"level":30,"time":1787752583834,"pid":36572,"hostname":"ELTECH","filters":{"page":1,"limit":10},"count":6,"msg":"Posts fetched"}
{"level":30,"time":1787752590885,"pid":36572,"hostname":"ELTECH","filters":{"page":1,"limit":10},"count":6,"msg":"Posts fetched"}
{"level":30,"time":1787752593209,"pid":36572,"hostname":"ELTECH","filters":{"limit":1000},"count":6,"msg":"Posts fetched"}
{"level":30,"time":1787752597696,"pid":36572,"hostname":"ELTECH","filters":{"page":1,"limit":10},"count":6,"msg":"Posts fetched"}
{"level":30,"time":1787752602762,"pid":36572,"hostname":"ELTECH","filters":{"page":1,"limit":10},"count":6,"msg":"Posts fetched"}
{"level":30,"time":1787752607888,"pid":36572,"hostname":"ELTECH","filters":{"page":1,"limit":10},"count":6,"msg":"Posts fetched"}
{"level":30,"time":1787752614402,"pid":36572,"hostname":"ELTECH","filters":{"page":1,"limit":10},"count":6,"msg":"Posts fetched"}
{"level":30,"time":1787752615188,"pid":36572,"hostname":"ELTECH","filters":{"page":1,"limit":10},"count":6,"msg":"Posts fetched"}
{"level":30,"time":1787752615326,"pid":36572,"hostname":"ELTECH","filters":{"page":1,"limit":20},"count":6,"msg":"Posts fetched"}
{"level":30,"time":1787752618701,"pid":36572,"hostname":"ELTECH","filters":{"page":1,"limit":10},"count":6,"msg":"Posts fetched"}
{"level":30,"time":1787752618734,"pid":36572,"hostname":"ELTECH","filters":{"page":1,"limit":5},"count":6,"msg":"Posts fetched"}
{"level":30,"time":1787752622140,"pid":36572,"hostname":"ELTECH","filters":{"page":2,"limit":10},"count":6,"msg":"Posts fetched"}
{"level":30,"time":1787752622175,"pid":36572,"hostname":"ELTECH","filters":{"page":2,"limit":5},"count":6,"msg":"Posts fetched"}
{"level":30,"time":1787752624321,"pid":36572,"hostname":"ELTECH","filters":{"page":1,"limit":10},"count":6,"msg":"Posts fetched"}
{"level":30,"time":1787752634161,"pid":36572,"hostname":"ELTECH","filters":{"page":1,"limit":10},"count":6,"msg":"Posts fetched"}
{"level":30,"time":1787752635891,"pid":36572,"hostname":"ELTECH","filters":{"limit":1000},"count":6,"msg":"Posts fetched"}
{"level":30,"time":1787752639520,"pid":36572,"hostname":"ELTECH","filters":{"page":1,"limit":10},"count":6,"msg":"Posts fetched"}
{"level":30,"time":1787752644626,"pid":36572,"hostname":"ELTECH","filters":{"page":1,"limit":10},"count":6,"msg":"Posts fetched"}
{"level":30,"time":1787752650076,"pid":36572,"hostname":"ELTECH","filters":{"page":1,"limit":10},"count":6,"msg":"Posts fetched"}
{"level":30,"time":1787752655051,"pid":36572,"hostname":"ELTECH","filters":{"page":1,"limit":10},"count":6,"msg":"Posts fetched"}
{"level":30,"time":1787752660287,"pid":36572,"hostname":"ELTECH","filters":{"page":1,"limit":10},"count":6,"msg":"Posts fetched"}
{"level":30,"time":1787752665828,"pid":36572,"hostname":"ELTECH","filters":{"page":1,"limit":10},"count":6,"msg":"Posts fetched"}
{"level":30,"time":1787752671011,"pid":36572,"hostname":"ELTECH","filters":{"page":1,"limit":10},"count":6,"msg":"Posts fetched"}
{"level":30,"time":1787752680335,"pid":36572,"hostname":"ELTECH","filters":{"page":1,"limit":10},"count":6,"msg":"Posts fetched"}
{"level":30,"time":1787752684273,"pid":36572,"hostname":"ELTECH","filters":{"page":1,"limit":10},"count":6,"msg":"Posts fetched"}
{"level":30,"time":1787752687005,"pid":36572,"hostname":"ELTECH","filters":{"page":1,"limit":10},"count":6,"msg":"Posts fetched"}
{"level":30,"time":1787752692243,"pid":36572,"hostname":"ELTECH","filters":{"page":1,"limit":10},"count":6,"msg":"Posts fetched"}
{"level":30,"time":1787752697579,"pid":36572,"hostname":"ELTECH","filters":{"page":1,"limit":10},"count":6,"msg":"Posts fetched"}
{"level":30,"time":1787752702630,"pid":36572,"hostname":"ELTECH","filters":{"page":1,"limit":10},"count":6,"msg":"Posts fetched"}
{"level":30,"time":1787752708006,"pid":36572,"hostname":"ELTECH","filters":{"page":1,"limit":10},"count":6,"msg":"Posts fetched"}
{"level":30,"time":1787752713017,"pid":36572,"hostname":"ELTECH","filters":{"page":1,"limit":10},"count":6,"msg":"Posts fetched"}
{"level":30,"time":1787752718629,"pid":36572,"hostname":"ELTECH","filters":{"page":1,"limit":10},"count":6,"msg":"Posts fetched"}
{"level":30,"time":1787752723552,"pid":36572,"hostname":"ELTECH","filters":{"page":1,"limit":10},"count":6,"msg":"Posts fetched"}
{"level":30,"time":1787752728927,"pid":36572,"hostname":"ELTECH","filters":{"page":1,"limit":10},"count":6,"msg":"Posts fetched"}
{"level":30,"time":1787752733923,"pid":36572,"hostname":"ELTECH","filters":{"page":1,"limit":10},"count":6,"msg":"Posts fetched"}
{"level":30,"time":1787752739545,"pid":36572,"hostname":"ELTECH","filters":{"page":1,"limit":10},"count":6,"msg":"Posts fetched"}
{"level":30,"time":1787752744897,"pid":36572,"hostname":"ELTECH","filters":{"page":1,"limit":10},"count":6,"msg":"Posts fetched"}
{"level":30,"time":1787752749863,"pid":36572,"hostname":"ELTECH","filters":{"page":1,"limit":10},"count":6,"msg":"Posts fetched"}
{"level":30,"time":1787752755028,"pid":36572,"hostname":"ELTECH","filters":{"page":1,"limit":10},"count":6,"msg":"Posts fetched"}
{"level":30,"time":1787752761052,"pid":36572,"hostname":"ELTECH","filters":{"page":1,"limit":10},"count":6,"msg":"Posts fetched"}
{"level":30,"time":1787752765379,"pid":36572,"hostname":"ELTECH","filters":{"page":1,"limit":10},"count":6,"msg":"Posts fetched"}
{"level":30,"time":1787752770603,"pid":36572,"hostname":"ELTECH","filters":{"page":1,"limit":10},"count":6,"msg":"Posts fetched"}
{"level":30,"time":1787752775902,"pid":36572,"hostname":"ELTECH","filters":{"page":1,"limit":10},"count":6,"msg":"Posts fetched"}
{"level":30,"time":1787752781128,"pid":36572,"hostname":"ELTECH","filters":{"page":1,"limit":10},"count":6,"msg":"Posts fetched"}
{"level":30,"time":1787752786327,"pid":36572,"hostname":"ELTECH","filters":{"page":1,"limit":10},"count":6,"msg":"Posts fetched"}
{"level":30,"time":1787752791500,"pid":36572,"hostname":"ELTECH","filters":{"page":1,"limit":10},"count":6,"msg":"Posts fetched"}
{"level":30,"time":1787752796702,"pid":36572,"hostname":"ELTECH","filters":{"page":1,"limit":10},"count":6,"msg":"Posts fetched"}
{"level":30,"time":1787752801893,"pid":36572,"hostname":"ELTECH","filters":{"page":1,"limit":10},"count":6,"msg":"Posts fetched"}
{"level":30,"time":1787752807202,"pid":36572,"hostname":"ELTECH","filters":{"page":1,"limit":10},"count":6,"msg":"Posts fetched"}
{"level":30,"time":1787752812252,"pid":36572,"hostname":"ELTECH","filters":{"page":1,"limit":10},"count":6,"msg":"Posts fetched"}
{"level":30,"time":1787752817729,"pid":36572,"hostname":"ELTECH","filters":{"page":1,"limit":10},"count":6,"msg":"Posts fetched"}
{"level":30,"time":1787752822764,"pid":36572,"hostname":"ELTECH","filters":{"page":1,"limit":10},"count":6,"msg":"Posts fetched"}
{"level":30,"time":1787752828058,"pid":36572,"hostname":"ELTECH","filters":{"page":1,"limit":10},"count":6,"msg":"Posts fetched"}
{"level":30,"time":1787752833294,"pid":36572,"hostname":"ELTECH","filters":{"page":1,"limit":10},"count":6,"msg":"Posts fetched"}
{"level":30,"time":1787752838731,"pid":36572,"hostname":"ELTECH","filters":{"page":1,"limit":10},"count":6,"msg":"Posts fetched"}
{"level":30,"time":1787752850528,"pid":36572,"hostname":"ELTECH","filters":{"limit":1000},"count":6,"msg":"Posts fetched"}
{"level":30,"time":1787752850588,"pid":36572,"hostname":"ELTECH","filters":{"page":1,"limit":10},"count":6,"msg":"Posts fetched"}
{"level":30,"time":1787752854544,"pid":36572,"hostname":"ELTECH","filters":{"page":1,"limit":10},"count":6,"msg":"Posts fetched"}
{"level":30,"time":1787752860041,"pid":36572,"hostname":"ELTECH","filters":{"page":1,"limit":10},"count":6,"msg":"Posts fetched"}
{"level":30,"time":1787752897321,"pid":36572,"hostname":"ELTECH","filters":{"page":1,"limit":10},"count":6,"msg":"Posts fetched"}
{"level":30,"time":1787752897328,"pid":36572,"hostname":"ELTECH","filters":{"page":1,"limit":10},"count":6,"msg":"Posts fetched"}
{"level":30,"time":1787752912552,"pid":36572,"hostname":"ELTECH","filters":{"page":1,"limit":10},"count":6,"msg":"Posts fetched"}
{"level":30,"time":1787752917915,"pid":36572,"hostname":"ELTECH","filters":{"page":1,"limit":10},"count":6,"msg":"Posts fetched"}
{"level":30,"time":1787752920823,"pid":36572,"hostname":"ELTECH","filters":{"page":1,"limit":10},"count":6,"msg":"Posts fetched"}
{"level":30,"time":1787752924383,"pid":36572,"hostname":"ELTECH","filters":{"limit":1000},"count":6,"msg":"Posts fetched"}
{"level":30,"time":1787752932462,"pid":36572,"hostname":"ELTECH","filters":{"page":1,"limit":10},"count":6,"msg":"Posts fetched"}
{"level":30,"time":1787752937562,"pid":36572,"hostname":"ELTECH","filters":{"page":1,"limit":10},"count":6,"msg":"Posts fetched"}
{"level":30,"time":1787752942879,"pid":36572,"hostname":"ELTECH","filters":{"page":1,"limit":10},"count":6,"msg":"Posts fetched"}
{"level":30,"time":1787752948125,"pid":36572,"hostname":"ELTECH","filters":{"page":1,"limit":10},"count":6,"msg":"Posts fetched"}
{"level":30,"time":1787752953163,"pid":36572,"hostname":"ELTECH","filters":{"page":1,"limit":10},"count":6,"msg":"Posts fetched"}
{"level":30,"time":1787752958311,"pid":36572,"hostname":"ELTECH","filters":{"page":1,"limit":10},"count":6,"msg":"Posts fetched"}
{"level":30,"time":1787752963739,"pid":36572,"hostname":"ELTECH","filters":{"page":1,"limit":10},"count":6,"msg":"Posts fetched"}
{"level":30,"time":1787752968967,"pid":36572,"hostname":"ELTECH","filters":{"page":1,"limit":10},"count":6,"msg":"Posts fetched"}
{"level":30,"time":1787752974543,"pid":36572,"hostname":"ELTECH","filters":{"page":1,"limit":10},"count":6,"msg":"Posts fetched"}
{"level":30,"time":1787752979319,"pid":36572,"hostname":"ELTECH","filters":{"page":1,"limit":10},"count":6,"msg":"Posts fetched"}
{"level":30,"time":1787752986862,"pid":36572,"hostname":"ELTECH","filters":{"page":1,"limit":10},"count":6,"msg":"Posts fetched"}
{"level":30,"time":1787752990225,"pid":36572,"hostname":"ELTECH","filters":{"page":1,"limit":10},"count":6,"msg":"Posts fetched"}
{"level":30,"time":1787752995170,"pid":36572,"hostname":"ELTECH","filters":{"page":1,"limit":10},"count":6,"msg":"Posts fetched"}
{"level":30,"time":1787753000408,"pid":36572,"hostname":"ELTECH","filters":{"page":1,"limit":10},"count":6,"msg":"Posts fetched"}
{"level":30,"time":1787753005630,"pid":36572,"hostname":"ELTECH","filters":{"page":1,"limit":10},"count":6,"msg":"Posts fetched"}
{"level":30,"time":1787753010663,"pid":36572,"hostname":"ELTECH","filters":{"page":1,"limit":10},"count":6,"msg":"Posts fetched"}
{"level":30,"time":1787753016163,"pid":36572,"hostname":"ELTECH","filters":{"page":1,"limit":10},"count":6,"msg":"Posts fetched"}
{"level":30,"time":1787753021928,"pid":36572,"hostname":"ELTECH","filters":{"page":1,"limit":10},"count":6,"msg":"Posts fetched"}
{"level":30,"time":1787753026626,"pid":36572,"hostname":"ELTECH","filters":{"page":1,"limit":10},"count":6,"msg":"Posts fetched"}
{"level":30,"time":1787753031700,"pid":36572,"hostname":"ELTECH","filters":{"page":1,"limit":10},"count":6,"msg":"Posts fetched"}
{"level":30,"time":1787753037209,"pid":36572,"hostname":"ELTECH","filters":{"page":1,"limit":10},"count":6,"msg":"Posts fetched"}
{"level":30,"time":1787753042562,"pid":36572,"hostname":"ELTECH","filters":{"page":1,"limit":10},"count":6,"msg":"Posts fetched"}
{"level":30,"time":1787753056857,"pid":36572,"hostname":"ELTECH","filters":{"page":1,"limit":10},"count":6,"msg":"Posts fetched"}
{"level":30,"time":1787753075981,"pid":36572,"hostname":"ELTECH","filters":{"limit":1000},"count":6,"msg":"Posts fetched"}
{"level":30,"time":1787753075989,"pid":36572,"hostname":"ELTECH","filters":{"page":1,"limit":10},"count":6,"msg":"Posts fetched"}
{"level":30,"time":1787753076048,"pid":36572,"hostname":"ELTECH","filters":{"page":1,"limit":10},"count":6,"msg":"Posts fetched"}
{"level":30,"time":1787753081927,"pid":36572,"hostname":"ELTECH","filters":{"page":1,"limit":10},"count":6,"msg":"Posts fetched"}
{"level":30,"time":1787753090449,"pid":36572,"hostname":"ELTECH","filters":{"page":1,"limit":10},"count":6,"msg":"Posts fetched"}
{"level":30,"time":1787753101616,"pid":36572,"hostname":"ELTECH","filters":{"page":1,"limit":10},"count":6,"msg":"Posts fetched"}
{"level":30,"time":1787753110498,"pid":36572,"hostname":"ELTECH","filters":{"page":1,"limit":10},"count":6,"msg":"Posts fetched"}
{"level":30,"time":1787753120361,"pid":36572,"hostname":"ELTECH","filters":{"page":1,"limit":10},"count":6,"msg":"Posts fetched"}
{"level":30,"time":1787753134312,"pid":36572,"hostname":"ELTECH","filters":{"page":1,"limit":10},"count":6,"msg":"Posts fetched"}
{"level":30,"time":1787753136831,"pid":36572,"hostname":"ELTECH","filters":{"page":1,"limit":5},"count":6,"msg":"Posts fetched"}
{"level":30,"time":1787753137470,"pid":36572,"hostname":"ELTECH","filters":{"limit":1000},"count":6,"msg":"Posts fetched"}
{"level":30,"time":1787753137602,"pid":36572,"hostname":"ELTECH","filters":{"page":1,"limit":10},"count":6,"msg":"Posts fetched"}
{"level":30,"time":1787753142672,"pid":36572,"hostname":"ELTECH","filters":{"page":1,"limit":10},"count":6,"msg":"Posts fetched"}
{"level":30,"time":1787753147861,"pid":36572,"hostname":"ELTECH","filters":{"page":1,"limit":10},"count":6,"msg":"Posts fetched"}
{"level":30,"time":1787753153875,"pid":36572,"hostname":"ELTECH","filters":{"page":2,"limit":10},"count":6,"msg":"Posts fetched"}
{"level":30,"time":1787753153920,"pid":36572,"hostname":"ELTECH","filters":{"page":2,"limit":5},"count":6,"msg":"Posts fetched"}
{"level":30,"time":1787753155788,"pid":36572,"hostname":"ELTECH","filters":{"page":1,"limit":10},"count":6,"msg":"Posts fetched"}
{"level":30,"time":1787753582341,"pid":36572,"hostname":"ELTECH","filters":{"page":1,"limit":10},"count":6,"msg":"Posts fetched"}
{"level":30,"time":1787753587359,"pid":36572,"hostname":"ELTECH","filters":{"page":1,"limit":5},"count":6,"msg":"Posts fetched"}
{"level":30,"time":1787753587511,"pid":36572,"hostname":"ELTECH","filters":{"limit":1000},"count":6,"msg":"Posts fetched"}
{"level":30,"time":1787753619593,"pid":36572,"hostname":"ELTECH","filters":{"page":1,"limit":10},"count":16,"msg":"Users fetched"}
{"level":30,"time":1787753619762,"pid":36572,"hostname":"ELTECH","filters":{"page":1,"limit":10},"count":16,"msg":"Users fetched"}
{"level":30,"time":1787753633458,"pid":36572,"hostname":"ELTECH","filters":{"page":1,"limit":5},"count":16,"msg":"Users fetched"}
{"level":30,"time":1787753633511,"pid":36572,"hostname":"ELTECH","filters":{"page":1,"limit":10},"count":16,"msg":"Users fetched"}
{"level":30,"time":1787753633582,"pid":36572,"hostname":"ELTECH","filters":{"limit":1000},"count":16,"msg":"Users fetched"}
{"level":30,"time":1787753636701,"pid":36572,"hostname":"ELTECH","filters":{"page":1,"limit":10},"count":16,"msg":"Users fetched"}
{"level":30,"time":1787753641743,"pid":36572,"hostname":"ELTECH","filters":{"page":1,"limit":10},"count":16,"msg":"Users fetched"}
{"level":30,"time":1787753660636,"pid":36572,"hostname":"ELTECH","filters":{"page":1,"limit":10},"count":16,"msg":"Users fetched"}
{"level":30,"time":1787753660739,"pid":36572,"hostname":"ELTECH","filters":{"page":1,"limit":10},"count":16,"msg":"Users fetched"}
{"level":30,"time":1787753662381,"pid":36572,"hostname":"ELTECH","filters":{"page":1,"limit":5},"count":16,"msg":"Users fetched"}
{"level":30,"time":1787753662549,"pid":36572,"hostname":"ELTECH","filters":{"limit":1000},"count":16,"msg":"Users fetched"}
{"level":30,"time":1787753667783,"pid":36572,"hostname":"ELTECH","filters":{"page":1,"limit":10},"count":6,"msg":"Posts fetched"}
{"level":30,"time":1787753668191,"pid":36572,"hostname":"ELTECH","filters":{"page":1,"limit":5},"count":6,"msg":"Posts fetched"}
{"level":30,"time":1787753668254,"pid":36572,"hostname":"ELTECH","filters":{"limit":1000},"count":6,"msg":"Posts fetched"}
{"level":30,"time":1787753686350,"pid":36572,"hostname":"ELTECH","filters":{"page":1,"limit":10},"count":16,"msg":"Users fetched"}
{"level":30,"time":1787753689902,"pid":36572,"hostname":"ELTECH","filters":{"page":1,"limit":10},"count":6,"msg":"Posts fetched"}
{"level":30,"time":1787753693532,"pid":36572,"hostname":"ELTECH","filters":{"page":1,"limit":10},"count":6,"msg":"Posts fetched"}
{"level":30,"time":1787753698621,"pid":36572,"hostname":"ELTECH","filters":{"page":1,"limit":10},"count":6,"msg":"Posts fetched"}
{"level":30,"time":1787753703845,"pid":36572,"hostname":"ELTECH","filters":{"page":1,"limit":10},"count":6,"msg":"Posts fetched"}
{"level":30,"time":1787753709713,"pid":36572,"hostname":"ELTECH","filters":{"page":1,"limit":10},"count":6,"msg":"Posts fetched"}
{"level":30,"time":1787753714382,"pid":36572,"hostname":"ELTECH","filters":{"page":1,"limit":10},"count":6,"msg":"Posts fetched"}
{"level":30,"time":1787753719730,"pid":36572,"hostname":"ELTECH","filters":{"page":1,"limit":10},"count":6,"msg":"Posts fetched"}
{"level":30,"time":1787753724794,"pid":36572,"hostname":"ELTECH","filters":{"page":1,"limit":10},"count":6,"msg":"Posts fetched"}
{"level":30,"time":1787753730053,"pid":36572,"hostname":"ELTECH","filters":{"page":1,"limit":10},"count":6,"msg":"Posts fetched"}
{"level":30,"time":1787753735294,"pid":36572,"hostname":"ELTECH","filters":{"page":1,"limit":10},"count":6,"msg":"Posts fetched"}
{"level":30,"time":1787753740531,"pid":36572,"hostname":"ELTECH","filters":{"page":1,"limit":10},"count":6,"msg":"Posts fetched"}
{"level":30,"time":1787753741736,"pid":36572,"hostname":"ELTECH","filters":{"page":1,"limit":10},"count":6,"msg":"Posts fetched"}
{"level":30,"time":1787753746122,"pid":36572,"hostname":"ELTECH","filters":{"page":1,"limit":10},"count":6,"msg":"Posts fetched"}
{"level":30,"time":1787753751006,"pid":36572,"hostname":"ELTECH","filters":{"page":1,"limit":10},"count":6,"msg":"Posts fetched"}
{"level":30,"time":1787753756362,"pid":36572,"hostname":"ELTECH","filters":{"page":1,"limit":10},"count":6,"msg":"Posts fetched"}
{"level":30,"time":1787753761716,"pid":36572,"hostname":"ELTECH","filters":{"page":1,"limit":10},"count":6,"msg":"Posts fetched"}
{"level":30,"time":1787753770668,"pid":36572,"hostname":"ELTECH","filters":{"page":1,"limit":10},"count":6,"msg":"Posts fetched"}
{"level":30,"time":1787753774402,"pid":36572,"hostname":"ELTECH","filters":{"page":1,"limit":10},"count":6,"msg":"Posts fetched"}
{"level":30,"time":1787753778476,"pid":36572,"hostname":"ELTECH","filters":{"page":1,"limit":10},"count":6,"msg":"Posts fetched"}
{"level":30,"time":1787753786633,"pid":36572,"hostname":"ELTECH","filters":{"page":1,"limit":10},"count":6,"msg":"Posts fetched"}
{"level":30,"time":1787753796823,"pid":36572,"hostname":"ELTECH","filters":{"page":1,"limit":10},"count":6,"msg":"Posts fetched"}
{"level":30,"time":1787753801828,"pid":36572,"hostname":"ELTECH","filters":{"page":1,"limit":10},"count":6,"msg":"Posts fetched"}
{"level":30,"time":1787753804991,"pid":36572,"hostname":"ELTECH","filters":{"page":1,"limit":10},"count":6,"msg":"Posts fetched"}
{"level":30,"time":1787753810742,"pid":36572,"hostname":"ELTECH","filters":{"page":1,"limit":10},"count":6,"msg":"Posts fetched"}
{"level":30,"time":1787753815625,"pid":36572,"hostname":"ELTECH","filters":{"page":1,"limit":10},"count":6,"msg":"Posts fetched"}
{"level":30,"time":1787753826914,"pid":36572,"hostname":"ELTECH","filters":{"limit":1000},"count":6,"msg":"Posts fetched"}
{"level":30,"time":1787753826920,"pid":36572,"hostname":"ELTECH","filters":{"page":1,"limit":5},"count":6,"msg":"Posts fetched"}
{"level":30,"time":1787753827071,"pid":36572,"hostname":"ELTECH","filters":{"page":1,"limit":10},"count":6,"msg":"Posts fetched"}
{"level":30,"time":1787753827121,"pid":36572,"hostname":"ELTECH","filters":{"page":2,"limit":10},"count":6,"msg":"Posts fetched"}
{"level":30,"time":1787753827192,"pid":36572,"hostname":"ELTECH","filters":{"page":2,"limit":5},"count":6,"msg":"Posts fetched"}
{"level":30,"time":1787753829375,"pid":36572,"hostname":"ELTECH","filters":{"page":1,"limit":10},"count":6,"msg":"Posts fetched"}
{"level":30,"time":1787753838279,"pid":36572,"hostname":"ELTECH","filters":{"page":1,"limit":10},"count":16,"msg":"Users fetched"}
{"level":30,"time":1787753840881,"pid":36572,"hostname":"ELTECH","filters":{"limit":1000},"count":16,"msg":"Users fetched"}
{"level":30,"time":1787753840901,"pid":36572,"hostname":"ELTECH","filters":{"page":1,"limit":5},"count":16,"msg":"Users fetched"}
{"level":30,"time":1787753843824,"pid":36572,"hostname":"ELTECH","filters":{"page":1,"limit":10},"count":16,"msg":"Users fetched"}
{"level":30,"time":1787753848100,"pid":36572,"hostname":"ELTECH","filters":{"page":1,"limit":10},"count":16,"msg":"Users fetched"}
{"level":30,"time":1787753853253,"pid":36572,"hostname":"ELTECH","filters":{"page":1,"limit":10},"count":16,"msg":"Users fetched"}
{"level":30,"time":1787753858402,"pid":36572,"hostname":"ELTECH","filters":{"page":1,"limit":10},"count":16,"msg":"Users fetched"}
{"level":30,"time":1787753863794,"pid":36572,"hostname":"ELTECH","filters":{"page":1,"limit":10},"count":16,"msg":"Users fetched"}
{"level":30,"time":1787753869003,"pid":36572,"hostname":"ELTECH","filters":{"page":1,"limit":10},"count":16,"msg":"Users fetched"}
{"level":30,"time":1787753874332,"pid":36572,"hostname":"ELTECH","filters":{"page":1,"limit":10},"count":16,"msg":"Users fetched"}
{"level":30,"time":1787753879340,"pid":36572,"hostname":"ELTECH","filters":{"page":1,"limit":10},"count":16,"msg":"Users fetched"}
{"level":30,"time":1787753884662,"pid":36572,"hostname":"ELTECH","filters":{"page":1,"limit":10},"count":16,"msg":"Users fetched"}
{"level":30,"time":1787753889876,"pid":36572,"hostname":"ELTECH","filters":{"page":1,"limit":10},"count":16,"msg":"Users fetched"}
{"level":30,"time":1787753906325,"pid":36572,"hostname":"ELTECH","filters":{"page":1,"limit":10},"count":16,"msg":"Users fetched"}
{"level":30,"time":1787753913616,"pid":36572,"hostname":"ELTECH","filters":{"page":1,"limit":10},"count":16,"msg":"Users fetched"}
{"level":30,"time":1787753922536,"pid":36572,"hostname":"ELTECH","filters":{"page":1,"limit":10},"count":16,"msg":"Users fetched"}
{"level":30,"time":1787753928363,"pid":36572,"hostname":"ELTECH","filters":{"limit":1000},"count":16,"msg":"Users fetched"}
{"level":30,"time":1787753928759,"pid":36572,"hostname":"ELTECH","filters":{"page":1,"limit":5},"count":16,"msg":"Users fetched"}
{"level":30,"time":1787753928834,"pid":36572,"hostname":"ELTECH","filters":{"page":1,"limit":10},"count":16,"msg":"Users fetched"}
{"level":30,"time":1787753931193,"pid":36572,"hostname":"ELTECH","filters":{"page":1,"limit":10},"count":16,"msg":"Users fetched"}
{"level":30,"time":1787753935772,"pid":36572,"hostname":"ELTECH","filters":{"page":1,"limit":10},"count":16,"msg":"Users fetched"}
{"level":30,"time":1787753937278,"pid":36572,"hostname":"ELTECH","filters":{"page":1,"limit":10},"count":16,"msg":"Users fetched"}
{"level":30,"time":1787753943334,"pid":36572,"hostname":"ELTECH","filters":{"page":1,"limit":10},"count":16,"msg":"Users fetched"}
{"level":30,"time":1787753947670,"pid":36572,"hostname":"ELTECH","filters":{"page":2,"limit":10},"count":16,"msg":"Users fetched"}
{"level":30,"time":1787753947720,"pid":36572,"hostname":"ELTECH","filters":{"page":2,"limit":5},"count":16,"msg":"Users fetched"}
{"level":30,"time":1787753949494,"pid":36572,"hostname":"ELTECH","filters":{"page":3,"limit":10},"count":16,"msg":"Users fetched"}
{"level":30,"time":1787753949541,"pid":36572,"hostname":"ELTECH","filters":{"page":3,"limit":5},"count":16,"msg":"Users fetched"}
{"level":30,"time":1787753950744,"pid":36572,"hostname":"ELTECH","filters":{"page":4,"limit":10},"count":16,"msg":"Users fetched"}
{"level":30,"time":1787753950783,"pid":36572,"hostname":"ELTECH","filters":{"page":4,"limit":5},"count":16,"msg":"Users fetched"}
{"level":30,"time":1787753953231,"pid":36572,"hostname":"ELTECH","filters":{"page":1,"limit":10},"count":16,"msg":"Users fetched"}
{"level":30,"time":1787753957624,"pid":36572,"hostname":"ELTECH","filters":{"page":1,"limit":10},"count":6,"msg":"Posts fetched"}
{"level":30,"time":1787753960000,"pid":36572,"hostname":"ELTECH","filters":{"limit":1000},"count":6,"msg":"Posts fetched"}
{"level":30,"time":1787753960023,"pid":36572,"hostname":"ELTECH","filters":{"page":1,"limit":5},"count":6,"msg":"Posts fetched"}
{"level":30,"time":1787753969423,"pid":36572,"hostname":"ELTECH","filters":{"page":1,"limit":10},"count":16,"msg":"Users fetched"}
{"level":30,"time":1787753974160,"pid":36572,"hostname":"ELTECH","filters":{"page":1,"limit":10},"count":16,"msg":"Users fetched"}
{"level":30,"time":1787753975505,"pid":36572,"hostname":"ELTECH","filters":{"page":1,"limit":10},"count":16,"msg":"Users fetched"}
{"level":30,"time":1787753981829,"pid":36572,"hostname":"ELTECH","filters":{"page":1,"limit":10},"count":16,"msg":"Users fetched"}
{"level":30,"time":1787753985569,"pid":36572,"hostname":"ELTECH","filters":{"page":1,"limit":10},"count":16,"msg":"Users fetched"}
{"level":30,"time":1787753990757,"pid":36572,"hostname":"ELTECH","filters":{"page":1,"limit":10},"count":16,"msg":"Users fetched"}
{"level":30,"time":1787753996775,"pid":36572,"hostname":"ELTECH","filters":{"page":1,"limit":10},"count":16,"msg":"Users fetched"}
{"level":30,"time":1787754001099,"pid":36572,"hostname":"ELTECH","filters":{"page":1,"limit":10},"count":16,"msg":"Users fetched"}
{"level":30,"time":1787754006327,"pid":36572,"hostname":"ELTECH","filters":{"page":1,"limit":10},"count":16,"msg":"Users fetched"}
{"level":30,"time":1787754011505,"pid":36572,"hostname":"ELTECH","filters":{"page":1,"limit":10},"count":16,"msg":"Users fetched"}
{"level":30,"time":1787754016774,"pid":36572,"hostname":"ELTECH","filters":{"page":1,"limit":10},"count":16,"msg":"Users fetched"}
{"level":30,"time":1787754021959,"pid":36572,"hostname":"ELTECH","filters":{"page":1,"limit":10},"count":16,"msg":"Users fetched"}
{"level":30,"time":1787754033475,"pid":36572,"hostname":"ELTECH","filters":{"page":1,"limit":10},"count":16,"msg":"Users fetched"}
{"level":30,"time":1787754038527,"pid":36572,"hostname":"ELTECH","filters":{"page":1,"limit":10},"count":16,"msg":"Users fetched"}
{"level":30,"time":1787754043723,"pid":36572,"hostname":"ELTECH","filters":{"page":1,"limit":10},"count":16,"msg":"Users fetched"}
{"level":30,"time":1787754048732,"pid":36572,"hostname":"ELTECH","filters":{"page":1,"limit":10},"count":16,"msg":"Users fetched"}
{"level":30,"time":1787754053887,"pid":36572,"hostname":"ELTECH","filters":{"page":1,"limit":10},"count":16,"msg":"Users fetched"}
{"level":30,"time":1787754059167,"pid":36572,"hostname":"ELTECH","filters":{"page":1,"limit":10},"count":16,"msg":"Users fetched"}
{"level":30,"time":1787754078624,"pid":36572,"hostname":"ELTECH","filters":{"page":1,"limit":5},"count":16,"msg":"Users fetched"}
{"level":30,"time":1787754078644,"pid":36572,"hostname":"ELTECH","filters":{"limit":1000},"count":16,"msg":"Users fetched"}
{"level":30,"time":1787754600005,"pid":36572,"hostname":"ELTECH","filters":{"page":1,"limit":5},"count":16,"msg":"Users fetched"}
{"level":30,"time":1787754600019,"pid":36572,"hostname":"ELTECH","filters":{"limit":1000},"count":16,"msg":"Users fetched"}
{"level":30,"time":1787754603719,"pid":36572,"hostname":"ELTECH","filters":{"page":3,"limit":10},"count":16,"msg":"Users fetched"}
{"level":30,"time":1787754603753,"pid":36572,"hostname":"ELTECH","filters":{"page":3,"limit":5},"count":16,"msg":"Users fetched"}
{"level":30,"time":1787754606190,"pid":36572,"hostname":"ELTECH","filters":{"page":4,"limit":10},"count":16,"msg":"Users fetched"}
{"level":30,"time":1787754606215,"pid":36572,"hostname":"ELTECH","filters":{"page":4,"limit":5},"count":16,"msg":"Users fetched"}
{"level":30,"time":1787754609640,"pid":36572,"hostname":"ELTECH","filters":{"page":2,"limit":10},"count":16,"msg":"Users fetched"}
{"level":30,"time":1787754609663,"pid":36572,"hostname":"ELTECH","filters":{"page":2,"limit":5},"count":16,"msg":"Users fetched"}
{"level":30,"time":1787754644191,"pid":36572,"hostname":"ELTECH","filters":{"page":1,"limit":10},"count":16,"msg":"Users fetched"}
{"level":30,"time":1787754649511,"pid":36572,"hostname":"ELTECH","filters":{"page":4,"limit":10},"count":16,"msg":"Users fetched"}
{"level":30,"time":1787754651144,"pid":36572,"hostname":"ELTECH","filters":{"page":2,"limit":10},"count":16,"msg":"Users fetched"}
{"level":30,"time":1787754652605,"pid":36572,"hostname":"ELTECH","filters":{"page":1,"limit":10},"count":5,"msg":"Posts fetched"}
{"level":30,"time":1787754652643,"pid":36572,"hostname":"ELTECH","filters":{"page":1,"limit":5},"count":5,"msg":"Posts fetched"}
{"level":30,"time":1787754652722,"pid":36572,"hostname":"ELTECH","filters":{"limit":1000},"count":5,"msg":"Posts fetched"}
{"level":30,"time":1787754676748,"pid":36572,"hostname":"ELTECH","filters":{"page":1,"limit":10},"count":5,"msg":"Posts fetched"}
{"level":30,"time":1787754679745,"pid":36572,"hostname":"ELTECH","filters":{"page":1,"limit":10},"count":16,"msg":"Users fetched"}
{"level":30,"time":1787754679869,"pid":36572,"hostname":"ELTECH","filters":{"page":1,"limit":5},"count":16,"msg":"Users fetched"}
{"level":30,"time":1787754679904,"pid":36572,"hostname":"ELTECH","filters":{"limit":1000},"count":16,"msg":"Users fetched"}
{"level":30,"time":1787754685709,"pid":36572,"hostname":"ELTECH","filters":{"page":1,"limit":10},"count":5,"msg":"Posts fetched"}
{"level":30,"time":1787754692312,"pid":36572,"hostname":"ELTECH","filters":{"page":1,"limit":10},"count":5,"msg":"Posts fetched"}
{"level":30,"time":1787754695405,"pid":36572,"hostname":"ELTECH","filters":{"page":1,"limit":10},"count":5,"msg":"Posts fetched"}
{"level":30,"time":1787754700247,"pid":36572,"hostname":"ELTECH","filters":{"page":1,"limit":10},"count":5,"msg":"Posts fetched"}
{"level":30,"time":1787754702265,"pid":36572,"hostname":"ELTECH","filters":{"page":1,"limit":10},"count":5,"msg":"Posts fetched"}
{"level":30,"time":1787754758501,"pid":36572,"hostname":"ELTECH","filters":{"limit":1000},"count":5,"msg":"Posts fetched"}
{"level":30,"time":1787754758514,"pid":36572,"hostname":"ELTECH","filters":{"page":1,"limit":5},"count":5,"msg":"Posts fetched"}
{"level":30,"time":1787754782712,"pid":36572,"hostname":"ELTECH","filters":{"page":1,"limit":10},"count":5,"msg":"Posts fetched"}
{"level":30,"time":1787754787224,"pid":36572,"hostname":"ELTECH","filters":{"page":1,"limit":5},"count":16,"msg":"Users fetched"}
{"level":30,"time":1787754787277,"pid":36572,"hostname":"ELTECH","filters":{"limit":1000},"count":16,"msg":"Users fetched"}
{"level":30,"time":1787754793615,"pid":36572,"hostname":"ELTECH","filters":{"page":1,"limit":5},"count":5,"msg":"Posts fetched"}
{"level":30,"time":1787754793678,"pid":36572,"hostname":"ELTECH","filters":{"limit":1000},"count":5,"msg":"Posts fetched"}
{"level":30,"time":1787754818707,"pid":36572,"hostname":"ELTECH","id":16,"msg":"User fetched"}
{"level":30,"time":1787755166771,"pid":36572,"hostname":"ELTECH","filters":{"limit":1000},"count":5,"msg":"Posts fetched"}
{"level":30,"time":1787755182063,"pid":36572,"hostname":"ELTECH","filters":{"limit":1000},"count":5,"msg":"Posts fetched"}
{"level":30,"time":1787755184494,"pid":36572,"hostname":"ELTECH","filters":{"limit":1000},"count":5,"msg":"Posts fetched"}
{"level":30,"time":1787755203542,"pid":36572,"hostname":"ELTECH","filters":{"limit":1000},"count":16,"msg":"Users fetched"}
{"level":30,"time":1787755269835,"pid":36572,"hostname":"ELTECH","filters":{"limit":1000},"count":5,"msg":"Posts fetched"}
{"level":30,"time":1787755285375,"pid":36572,"hostname":"ELTECH","id":5,"msg":"Post fetched"}
{"level":30,"time":1787755291302,"pid":36572,"hostname":"ELTECH","filters":{"limit":1000},"count":16,"msg":"Users fetched"}
{"level":30,"time":1787755294956,"pid":36572,"hostname":"ELTECH","id":5,"msg":"Post updated"}
{"level":30,"time":1787755295676,"pid":36572,"hostname":"ELTECH","filters":{"limit":1000},"count":5,"msg":"Posts fetched"}
{"level":30,"time":1787755295735,"pid":36572,"hostname":"ELTECH","id":5,"msg":"Post fetched"}
{"level":30,"time":1787755318025,"pid":36572,"hostname":"ELTECH","id":6,"content":"je trouve ce posts magnifique","msg":"Comment created successfully"}
{"level":30,"time":1787755330288,"pid":36572,"hostname":"ELTECH","id":6,"msg":"Comment deleted successfully"}
{"level":30,"time":1787755344539,"pid":36572,"hostname":"ELTECH","filters":{"page":1,"limit":10},"count":5,"msg":"Posts fetched"}
{"level":30,"time":1787755345033,"pid":36572,"hostname":"ELTECH","filters":{"page":1,"limit":5},"count":5,"msg":"Posts fetched"}
{"level":30,"time":1787755355047,"pid":36572,"hostname":"ELTECH","filters":{"limit":1000},"count":16,"msg":"Users fetched"}
{"level":30,"time":1787755381954,"pid":36572,"hostname":"ELTECH","filters":{"limit":1000},"count":5,"msg":"Posts fetched"}
{"level":30,"time":1787755449847,"pid":36572,"hostname":"ELTECH","filters":{"limit":1000},"count":5,"msg":"Posts fetched"}
{"level":30,"time":1787755537902,"pid":36572,"hostname":"ELTECH","filters":{"limit":1000},"count":5,"msg":"Posts fetched"}
{"level":30,"time":1787755557672,"pid":36572,"hostname":"ELTECH","filters":{"limit":1000},"count":5,"msg":"Posts fetched"}
{"level":30,"time":1787755557678,"pid":36572,"hostname":"ELTECH","filters":{"limit":1000},"count":5,"msg":"Posts fetched"}
{"level":30,"time":1787755560577,"pid":36572,"hostname":"ELTECH","filters":{"limit":1000},"count":5,"msg":"Posts fetched"}
{"level":30,"time":1787755631427,"pid":36572,"hostname":"ELTECH","filters":{"limit":1000},"count":5,"msg":"Posts fetched"}
{"level":30,"time":1787755685371,"pid":36572,"hostname":"ELTECH","filters":{"limit":1000},"count":5,"msg":"Posts fetched"}
{"level":30,"time":1787755685731,"pid":36572,"hostname":"ELTECH","filters":{"limit":1000},"count":5,"msg":"Posts fetched"}
{"level":30,"time":1787755689944,"pid":36572,"hostname":"ELTECH","filters":{"limit":1000},"count":5,"msg":"Posts fetched"}
{"level":30,"time":1787755727090,"pid":36572,"hostname":"ELTECH","filters":{"limit":1000},"count":16,"msg":"Users fetched"}
{"level":30,"time":1787755818041,"pid":36572,"hostname":"ELTECH","filters":{"limit":1000},"count":5,"msg":"Posts fetched"}
{"level":30,"time":1787756438076,"pid":13340,"hostname":"ELTECH","filters":{"limit":1000},"count":5,"msg":"Posts fetched"}
{"level":30,"time":1787756441784,"pid":13340,"hostname":"ELTECH","filters":{"limit":1000},"count":5,"msg":"Posts fetched"}
{"level":30,"time":1787756507003,"pid":13340,"hostname":"ELTECH","filters":{"limit":1000},"count":5,"msg":"Posts fetched"}
{"level":30,"time":1787756551682,"pid":37856,"hostname":"ELTECH","filters":{"limit":1000},"count":5,"msg":"Posts fetched"}
{"level":30,"time":1787756622167,"pid":37856,"hostname":"ELTECH","msg":"Request to safe URL http://localhost:8081/api/v1/auth/login, skipping token interceptor"}
{"level":30,"time":1787756622613,"pid":37856,"hostname":"ELTECH","id":1,"email":"admin@gmail.com","msg":"User signed in"}
{"level":30,"time":1787756630894,"pid":37856,"hostname":"ELTECH","filters":{"page":1,"limit":10},"count":16,"msg":"Users fetched"}
{"level":30,"time":1787756630944,"pid":37856,"hostname":"ELTECH","filters":{"page":1,"limit":5},"count":16,"msg":"Users fetched"}
{"level":30,"time":1787756630982,"pid":37856,"hostname":"ELTECH","filters":{"limit":1000},"count":16,"msg":"Users fetched"}
{"level":30,"time":1787756633577,"pid":37856,"hostname":"ELTECH","filters":{"page":1,"limit":10},"count":5,"msg":"Posts fetched"}
{"level":30,"time":1787756633606,"pid":37856,"hostname":"ELTECH","filters":{"page":1,"limit":5},"count":5,"msg":"Posts fetched"}
{"level":30,"time":1787756633643,"pid":37856,"hostname":"ELTECH","filters":{"limit":1000},"count":5,"msg":"Posts fetched"}
{"level":30,"time":1787756651275,"pid":37856,"hostname":"ELTECH","filters":{"page":1,"limit":10},"count":5,"msg":"Posts fetched"}
{"level":30,"time":1787756662849,"pid":37856,"hostname":"ELTECH","id":5,"msg":"Post fetched"}
{"level":30,"time":1787756694631,"pid":37856,"hostname":"ELTECH","filters":{"limit":1000},"count":5,"msg":"Posts fetched"}
{"level":30,"time":1787756694633,"pid":37856,"hostname":"ELTECH","filters":{"limit":1000},"count":16,"msg":"Users fetched"}
{"level":30,"time":1787756701218,"pid":37856,"hostname":"ELTECH","filters":{"page":1,"limit":10},"count":5,"msg":"Posts fetched"}
{"level":30,"time":1787756701295,"pid":37856,"hostname":"ELTECH","filters":{"page":1,"limit":5},"count":5,"msg":"Posts fetched"}
{"level":30,"time":1787756733710,"pid":37856,"hostname":"ELTECH","filters":{"page":1,"limit":10},"count":16,"msg":"Users fetched"}
{"level":30,"time":1787756733798,"pid":37856,"hostname":"ELTECH","filters":{"page":1,"limit":5},"count":16,"msg":"Users fetched"}
{"level":30,"time":1787756738755,"pid":37856,"hostname":"ELTECH","id":16,"msg":"User fetched"}
{"level":30,"time":1787756761672,"pid":37856,"hostname":"ELTECH","userId":1,"addressId":1,"msg":"Default address fetched"}
{"level":30,"time":1787756763674,"pid":37856,"hostname":"ELTECH","userId":1,"filters":{"page":1,"limit":5},"count":1,"msg":"User addresses fetched"}
{"level":30,"time":1787756763710,"pid":37856,"hostname":"ELTECH","userId":1,"filters":{"limit":1000},"count":1,"msg":"User addresses fetched"}
{"level":30,"time":1787756773895,"pid":37856,"hostname":"ELTECH","addressId":1,"msg":"Address fetched"}
{"level":30,"time":1787756796452,"pid":37856,"hostname":"ELTECH","filters":{"page":1,"limit":10},"count":16,"msg":"Users fetched"}
{"level":30,"time":1787756796525,"pid":37856,"hostname":"ELTECH","filters":{"page":1,"limit":5},"count":16,"msg":"Users fetched"}
{"level":30,"time":1787756796534,"pid":37856,"hostname":"ELTECH","filters":{"limit":1000},"count":16,"msg":"Users fetched"}
{"level":30,"time":1787756802973,"pid":37856,"hostname":"ELTECH","id":14,"msg":"User fetched"}
{"level":30,"time":1787756810654,"pid":37856,"hostname":"ELTECH","userId":14,"addressId":23,"msg":"Address created"}
{"level":30,"time":1787756810762,"pid":37856,"hostname":"ELTECH","filters":{"page":1,"limit":10},"count":16,"msg":"Users fetched"}
{"level":30,"time":1787756810811,"pid":37856,"hostname":"ELTECH","filters":{"limit":1000},"count":16,"msg":"Users fetched"}
{"level":30,"time":1787756810818,"pid":37856,"hostname":"ELTECH","id":14,"msg":"User fetched"}
{"level":30,"time":1787756810827,"pid":37856,"hostname":"ELTECH","filters":{"page":1,"limit":5},"count":16,"msg":"Users fetched"}
{"level":30,"time":1787756810945,"pid":37856,"hostname":"ELTECH","filters":{"page":1,"limit":5},"count":16,"msg":"Users fetched"}
{"level":30,"time":1787756810950,"pid":37856,"hostname":"ELTECH","filters":{"limit":1000},"count":16,"msg":"Users fetched"}
{"level":30,"time":1787756810962,"pid":37856,"hostname":"ELTECH","id":14,"msg":"User fetched"}
{"level":30,"time":1787756810995,"pid":37856,"hostname":"ELTECH","filters":{"page":1,"limit":10},"count":16,"msg":"Users fetched"}
{"level":30,"time":1787756836678,"pid":37856,"hostname":"ELTECH","filters":{"limit":1000},"count":5,"msg":"Posts fetched"}
{"level":30,"time":1787756875821,"pid":37856,"hostname":"ELTECH","id":7,"content":"je suis d'accord on peut ameliorer","msg":"Comment created successfully"}
{"level":30,"time":1787756967710,"pid":37856,"hostname":"ELTECH","filters":{"limit":1000},"count":5,"msg":"Posts fetched"}
{"level":30,"time":1787756979378,"pid":37856,"hostname":"ELTECH","filters":{"limit":1000},"count":16,"msg":"Users fetched"}
{"level":30,"time":1787757021953,"pid":37856,"hostname":"ELTECH","filters":{"page":1,"limit":10},"count":5,"msg":"Posts fetched"}
{"level":30,"time":1787757022036,"pid":37856,"hostname":"ELTECH","filters":{"page":1,"limit":5},"count":5,"msg":"Posts fetched"}
{"level":30,"time":1787757026018,"pid":37856,"hostname":"ELTECH","id":5,"msg":"Post fetched"}
{"level":30,"time":1787757047961,"pid":37856,"hostname":"ELTECH","id":4,"msg":"Post fetched"}
{"level":30,"time":1787757052932,"pid":37856,"hostname":"ELTECH","filters":{"limit":1000},"count":16,"msg":"Users fetched"}
{"level":30,"time":1787757052941,"pid":37856,"hostname":"ELTECH","filters":{"limit":1000},"count":5,"msg":"Posts fetched"}
{"level":30,"time":1787757071746,"pid":37856,"hostname":"ELTECH","filters":{"page":1,"limit":10},"count":16,"msg":"Users fetched"}
{"level":30,"time":1787757071836,"pid":37856,"hostname":"ELTECH","filters":{"page":1,"limit":5},"count":16,"msg":"Users fetched"}
{"level":30,"time":1787757075639,"pid":37856,"hostname":"ELTECH","id":16,"msg":"User fetched"}
{"level":30,"time":1787757088303,"pid":37856,"hostname":"ELTECH","filters":{"page":1,"limit":10},"count":5,"msg":"Posts fetched"}
{"level":30,"time":1787757088355,"pid":37856,"hostname":"ELTECH","filters":{"page":1,"limit":5},"count":5,"msg":"Posts fetched"}
{"level":30,"time":1787757115459,"pid":37856,"hostname":"ELTECH","filters":{"page":1,"limit":10},"count":16,"msg":"Users fetched"}
{"level":30,"time":1787757115526,"pid":37856,"hostname":"ELTECH","filters":{"limit":1000},"count":16,"msg":"Users fetched"}
{"level":30,"time":1787757142393,"pid":37856,"hostname":"ELTECH","filters":{"page":1,"limit":10},"count":5,"msg":"Posts fetched"}
{"level":30,"time":1787757142450,"pid":37856,"hostname":"ELTECH","filters":{"limit":1000},"count":5,"msg":"Posts fetched"}
{"level":30,"time":1787757147510,"pid":37856,"hostname":"ELTECH","id":5,"msg":"Post fetched"}
{"level":30,"time":1787757153117,"pid":37856,"hostname":"ELTECH","filters":{"page":1,"limit":10},"count":16,"msg":"Users fetched"}
{"level":30,"time":1787757153169,"pid":37856,"hostname":"ELTECH","filters":{"page":1,"limit":5},"count":16,"msg":"Users fetched"}
{"level":30,"time":1787757158172,"pid":37856,"hostname":"ELTECH","id":16,"msg":"User fetched"}
{"level":30,"time":1787757209738,"pid":37856,"hostname":"ELTECH","filters":{"page":1,"limit":10},"count":5,"msg":"Posts fetched"}
{"level":30,"time":1787757209894,"pid":37856,"hostname":"ELTECH","filters":{"limit":1000},"count":5,"msg":"Posts fetched"}
{"level":30,"time":1787757209899,"pid":37856,"hostname":"ELTECH","filters":{"page":1,"limit":5},"count":5,"msg":"Posts fetched"}
{"level":30,"time":1787757226821,"pid":37856,"hostname":"ELTECH","filters":{"page":1,"limit":10},"count":5,"msg":"Posts fetched"}
{"level":30,"time":1787757226842,"pid":37856,"hostname":"ELTECH","filters":{"page":1,"limit":5,"search":"v"},"count":2,"msg":"Posts fetched"}
{"level":30,"time":1787757226908,"pid":37856,"hostname":"ELTECH","filters":{"page":1,"limit":5,"search":"i"},"count":5,"msg":"Posts fetched"}
{"level":30,"time":1787757226917,"pid":37856,"hostname":"ELTECH","filters":{"page":1,"limit":10},"count":5,"msg":"Posts fetched"}
{"level":30,"time":1787757227027,"pid":37856,"hostname":"ELTECH","filters":{"page":1,"limit":5,"search":"is"},"count":0,"msg":"Posts fetched"}
{"level":30,"time":1787757227057,"pid":37856,"hostname":"ELTECH","filters":{"page":1,"limit":10},"count":5,"msg":"Posts fetched"}
{"level":30,"time":1787757227221,"pid":37856,"hostname":"ELTECH","filters":{"page":1,"limit":5,"search":"isi"},"count":0,"msg":"Posts fetched"}
{"level":30,"time":1787757227362,"pid":37856,"hostname":"ELTECH","filters":{"page":1,"limit":10},"count":5,"msg":"Posts fetched"}
{"level":30,"time":1787757227816,"pid":37856,"hostname":"ELTECH","filters":{"page":1,"limit":10},"count":5,"msg":"Posts fetched"}
{"level":30,"time":1787757227987,"pid":37856,"hostname":"ELTECH","filters":{"page":1,"limit":10},"count":5,"msg":"Posts fetched"}
{"level":30,"time":1787757228083,"pid":37856,"hostname":"ELTECH","filters":{"page":1,"limit":10},"count":5,"msg":"Posts fetched"}
{"level":30,"time":1787757228300,"pid":37856,"hostname":"ELTECH","filters":{"page":1,"limit":10},"count":5,"msg":"Posts fetched"}
{"level":30,"time":1787757228377,"pid":37856,"hostname":"ELTECH","filters":{"page":1,"limit":5,"search":"vi"},"count":1,"msg":"Posts fetched"}
{"level":30,"time":1787757228402,"pid":37856,"hostname":"ELTECH","filters":{"page":1,"limit":10},"count":5,"msg":"Posts fetched"}
{"level":30,"time":1787757228623,"pid":37856,"hostname":"ELTECH","filters":{"page":1,"limit":5,"search":"vis"},"count":0,"msg":"Posts fetched"}
{"level":30,"time":1787757228646,"pid":37856,"hostname":"ELTECH","filters":{"page":1,"limit":10},"count":5,"msg":"Posts fetched"}
{"level":30,"time":1787757228769,"pid":37856,"hostname":"ELTECH","filters":{"page":1,"limit":5,"search":"visi"},"count":0,"msg":"Posts fetched"}
{"level":30,"time":1787757228793,"pid":37856,"hostname":"ELTECH","filters":{"page":1,"limit":10},"count":5,"msg":"Posts fetched"}
{"level":30,"time":1787757229285,"pid":37856,"hostname":"ELTECH","filters":{"page":1,"limit":10},"count":5,"msg":"Posts fetched"}
{"level":30,"time":1787757229427,"pid":37856,"hostname":"ELTECH","filters":{"page":1,"limit":10},"count":5,"msg":"Posts fetched"}
{"level":30,"time":1787757230176,"pid":37856,"hostname":"ELTECH","filters":{"page":1,"limit":10},"count":5,"msg":"Posts fetched"}
{"level":30,"time":1787757231038,"pid":37856,"hostname":"ELTECH","filters":{"page":1,"limit":10},"count":5,"msg":"Posts fetched"}
{"level":30,"time":1787757231197,"pid":37856,"hostname":"ELTECH","filters":{"page":1,"limit":10},"count":5,"msg":"Posts fetched"}
{"level":30,"time":1787757232566,"pid":37856,"hostname":"ELTECH","filters":{"page":1,"limit":10},"count":5,"msg":"Posts fetched"}
{"level":30,"time":1787757232991,"pid":37856,"hostname":"ELTECH","filters":{"page":1,"limit":10},"count":5,"msg":"Posts fetched"}
{"level":30,"time":1787757234337,"pid":37856,"hostname":"ELTECH","filters":{"page":1,"limit":10},"count":5,"msg":"Posts fetched"}
{"level":30,"time":1787757235939,"pid":37856,"hostname":"ELTECH","filters":{"page":1,"limit":10},"count":5,"msg":"Posts fetched"}
{"level":30,"time":1787757237038,"pid":37856,"hostname":"ELTECH","filters":{"page":1,"limit":10},"count":5,"msg":"Posts fetched"}
{"level":30,"time":1787757237862,"pid":37856,"hostname":"ELTECH","filters":{"page":1,"limit":10},"count":5,"msg":"Posts fetched"}
{"level":30,"time":1787757238230,"pid":37856,"hostname":"ELTECH","filters":{"page":1,"limit":5,"search":"vm"},"count":0,"msg":"Posts fetched"}
{"level":30,"time":1787757238240,"pid":37856,"hostname":"ELTECH","filters":{"page":1,"limit":10},"count":5,"msg":"Posts fetched"}
{"level":30,"time":1787757238429,"pid":37856,"hostname":"ELTECH","filters":{"page":1,"limit":5,"search":"vmi"},"count":0,"msg":"Posts fetched"}
{"level":30,"time":1787757238453,"pid":37856,"hostname":"ELTECH","filters":{"page":1,"limit":10},"count":5,"msg":"Posts fetched"}
{"level":30,"time":1787757239120,"pid":37856,"hostname":"ELTECH","filters":{"page":1,"limit":10},"count":5,"msg":"Posts fetched"}
{"level":30,"time":1787757239268,"pid":37856,"hostname":"ELTECH","filters":{"page":1,"limit":10},"count":5,"msg":"Posts fetched"}
{"level":30,"time":1787757239402,"pid":37856,"hostname":"ELTECH","filters":{"page":1,"limit":10},"count":5,"msg":"Posts fetched"}
{"level":30,"time":1787757239838,"pid":37856,"hostname":"ELTECH","filters":{"page":1,"limit":5,"search":"m"},"count":2,"msg":"Posts fetched"}
{"level":30,"time":1787757239853,"pid":37856,"hostname":"ELTECH","filters":{"page":1,"limit":10},"count":5,"msg":"Posts fetched"}
{"level":30,"time":1787757240101,"pid":37856,"hostname":"ELTECH","filters":{"page":1,"limit":5,"search":"mi"},"count":1,"msg":"Posts fetched"}
{"level":30,"time":1787757240117,"pid":37856,"hostname":"ELTECH","filters":{"page":1,"limit":10},"count":5,"msg":"Posts fetched"}
{"level":30,"time":1787757240371,"pid":37856,"hostname":"ELTECH","filters":{"page":1,"limit":5,"search":"mic"},"count":1,"msg":"Posts fetched"}
{"level":30,"time":1787757240392,"pid":37856,"hostname":"ELTECH","filters":{"page":1,"limit":10},"count":5,"msg":"Posts fetched"}
{"level":30,"time":1787757240649,"pid":37856,"hostname":"ELTECH","filters":{"page":1,"limit":5,"search":"micr"},"count":1,"msg":"Posts fetched"}
{"level":30,"time":1787757240669,"pid":37856,"hostname":"ELTECH","filters":{"page":1,"limit":10},"count":5,"msg":"Posts fetched"}
{"level":30,"time":1787757240727,"pid":37856,"hostname":"ELTECH","filters":{"page":1,"limit":5,"search":"micro"},"count":1,"msg":"Posts fetched"}
{"level":30,"time":1787757240751,"pid":37856,"hostname":"ELTECH","filters":{"page":1,"limit":10},"count":5,"msg":"Posts fetched"}
{"level":30,"time":1787757240922,"pid":37856,"hostname":"ELTECH","filters":{"page":1,"limit":5,"search":"micros"},"count":1,"msg":"Posts fetched"}
{"level":30,"time":1787757240970,"pid":37856,"hostname":"ELTECH","filters":{"page":1,"limit":10},"count":5,"msg":"Posts fetched"}
{"level":30,"time":1787757241185,"pid":37856,"hostname":"ELTECH","filters":{"page":1,"limit":5,"search":"microse"},"count":1,"msg":"Posts fetched"}
{"level":30,"time":1787757241219,"pid":37856,"hostname":"ELTECH","filters":{"page":1,"limit":10},"count":5,"msg":"Posts fetched"}
{"level":30,"time":1787757241219,"pid":37856,"hostname":"ELTECH","filters":{"page":1,"limit":5,"search":"microsr"},"count":0,"msg":"Posts fetched"}
{"level":30,"time":1787757241257,"pid":37856,"hostname":"ELTECH","filters":{"page":1,"limit":10},"count":5,"msg":"Posts fetched"}
{"level":30,"time":1787757241945,"pid":37856,"hostname":"ELTECH","filters":{"page":1,"limit":10},"count":5,"msg":"Posts fetched"}
{"level":30,"time":1787757242102,"pid":37856,"hostname":"ELTECH","filters":{"page":1,"limit":10},"count":5,"msg":"Posts fetched"}
{"level":30,"time":1787757242869,"pid":37856,"hostname":"ELTECH","filters":{"page":1,"limit":10},"count":5,"msg":"Posts fetched"}
{"level":30,"time":1787757243106,"pid":37856,"hostname":"ELTECH","filters":{"page":1,"limit":10},"count":5,"msg":"Posts fetched"}
{"level":30,"time":1787757243208,"pid":37856,"hostname":"ELTECH","filters":{"page":1,"limit":5,"search":"microser"},"count":1,"msg":"Posts fetched"}
{"level":30,"time":1787757243252,"pid":37856,"hostname":"ELTECH","filters":{"page":1,"limit":10},"count":5,"msg":"Posts fetched"}
{"level":30,"time":1787757243447,"pid":37856,"hostname":"ELTECH","filters":{"page":1,"limit":5,"search":"microserv"},"count":1,"msg":"Posts fetched"}
{"level":30,"time":1787757243468,"pid":37856,"hostname":"ELTECH","filters":{"page":1,"limit":10},"count":5,"msg":"Posts fetched"}
{"level":30,"time":1787757243555,"pid":37856,"hostname":"ELTECH","filters":{"page":1,"limit":5,"search":"microservi"},"count":1,"msg":"Posts fetched"}
{"level":30,"time":1787757243571,"pid":37856,"hostname":"ELTECH","filters":{"page":1,"limit":10},"count":5,"msg":"Posts fetched"}
{"level":30,"time":1787757243625,"pid":37856,"hostname":"ELTECH","filters":{"page":1,"limit":5,"search":"microservic"},"count":1,"msg":"Posts fetched"}
{"level":30,"time":1787757243651,"pid":37856,"hostname":"ELTECH","filters":{"page":1,"limit":10},"count":5,"msg":"Posts fetched"}
{"level":30,"time":1787757243797,"pid":37856,"hostname":"ELTECH","filters":{"page":1,"limit":5,"search":"microservice"},"count":1,"msg":"Posts fetched"}
{"level":30,"time":1787757243822,"pid":37856,"hostname":"ELTECH","filters":{"page":1,"limit":10},"count":5,"msg":"Posts fetched"}
{"level":30,"time":1787757243953,"pid":37856,"hostname":"ELTECH","filters":{"page":1,"limit":5,"search":"microservices"},"count":1,"msg":"Posts fetched"}
{"level":30,"time":1787757243973,"pid":37856,"hostname":"ELTECH","filters":{"page":1,"limit":10},"count":5,"msg":"Posts fetched"}
{"level":30,"time":1787757244250,"pid":37856,"hostname":"ELTECH","filters":{"page":1,"limit":10},"count":5,"msg":"Posts fetched"}
{"level":30,"time":1787757244772,"pid":37856,"hostname":"ELTECH","filters":{"page":1,"limit":10},"count":5,"msg":"Posts fetched"}
{"level":30,"time":1787757244828,"pid":37856,"hostname":"ELTECH","filters":{"page":1,"limit":10},"count":5,"msg":"Posts fetched"}
{"level":30,"time":1787757244849,"pid":37856,"hostname":"ELTECH","filters":{"page":1,"limit":10},"count":5,"msg":"Posts fetched"}
{"level":30,"time":1787757244920,"pid":37856,"hostname":"ELTECH","filters":{"page":1,"limit":10},"count":5,"msg":"Posts fetched"}
{"level":30,"time":1787757244922,"pid":37856,"hostname":"ELTECH","filters":{"page":1,"limit":10},"count":5,"msg":"Posts fetched"}
{"level":30,"time":1787757244954,"pid":37856,"hostname":"ELTECH","filters":{"page":1,"limit":10},"count":5,"msg":"Posts fetched"}
{"level":30,"time":1787757245024,"pid":37856,"hostname":"ELTECH","filters":{"page":1,"limit":10},"count":5,"msg":"Posts fetched"}
{"level":30,"time":1787757245053,"pid":37856,"hostname":"ELTECH","filters":{"page":1,"limit":10},"count":5,"msg":"Posts fetched"}
{"level":30,"time":1787757245063,"pid":37856,"hostname":"ELTECH","filters":{"page":1,"limit":10},"count":5,"msg":"Posts fetched"}
{"level":30,"time":1787757245087,"pid":37856,"hostname":"ELTECH","filters":{"page":1,"limit":10},"count":5,"msg":"Posts fetched"}
{"level":30,"time":1787757245120,"pid":37856,"hostname":"ELTECH","filters":{"page":1,"limit":10},"count":5,"msg":"Posts fetched"}
{"level":30,"time":1787757245150,"pid":37856,"hostname":"ELTECH","filters":{"page":1,"limit":10},"count":5,"msg":"Posts fetched"}
{"level":30,"time":1787757252471,"pid":37856,"hostname":"ELTECH","filters":{"limit":1000},"count":16,"msg":"Users fetched"}
{"level":30,"time":1787757252473,"pid":37856,"hostname":"ELTECH","id":4,"msg":"Post fetched"}
{"level":30,"time":1787757277178,"pid":37856,"hostname":"ELTECH","filters":{"page":1,"limit":10},"count":16,"msg":"Users fetched"}
{"level":30,"time":1787757277284,"pid":37856,"hostname":"ELTECH","filters":{"page":1,"limit":5},"count":16,"msg":"Users fetched"}
{"level":30,"time":1787757280670,"pid":37856,"hostname":"ELTECH","id":16,"msg":"User fetched"}
{"level":30,"time":1787757353260,"pid":37856,"hostname":"ELTECH","id":16,"msg":"User fetched"}
{"level":30,"time":1787757353264,"pid":37856,"hostname":"ELTECH","filters":{"limit":1000},"count":16,"msg":"Users fetched"}
{"level":30,"time":1787757353267,"pid":37856,"hostname":"ELTECH","filters":{"page":1,"limit":5},"count":16,"msg":"Users fetched"}
{"level":30,"time":1787757421170,"pid":37856,"hostname":"ELTECH","filters":{"limit":1000},"count":16,"msg":"Users fetched"}
{"level":30,"time":1787757421175,"pid":37856,"hostname":"ELTECH","filters":{"limit":1000},"count":5,"msg":"Posts fetched"}
{"level":30,"time":1787757447588,"pid":37856,"hostname":"ELTECH","filters":{"page":1,"limit":10},"count":16,"msg":"Users fetched"}
{"level":30,"time":1787757447662,"pid":37856,"hostname":"ELTECH","filters":{"page":1,"limit":5},"count":16,"msg":"Users fetched"}
{"level":30,"time":1787757449938,"pid":37856,"hostname":"ELTECH","id":16,"msg":"User fetched"}
{"level":30,"time":1787757459712,"pid":37856,"hostname":"ELTECH","filters":{"page":1,"limit":10},"count":5,"msg":"Posts fetched"}
{"level":30,"time":1787757459750,"pid":37856,"hostname":"ELTECH","filters":{"page":1,"limit":5},"count":5,"msg":"Posts fetched"}
{"level":30,"time":1787757466117,"pid":37856,"hostname":"ELTECH","id":5,"msg":"Post fetched"}
{"level":30,"time":1787757486153,"pid":37856,"hostname":"ELTECH","filters":{"limit":1000},"count":16,"msg":"Users fetched"}
{"level":30,"time":1787757486181,"pid":37856,"hostname":"ELTECH","filters":{"limit":1000},"count":5,"msg":"Posts fetched"}
{"level":30,"time":1787757654775,"pid":37856,"hostname":"ELTECH","filters":{"limit":1000},"count":5,"msg":"Posts fetched"}
{"level":30,"time":1787757654782,"pid":37856,"hostname":"ELTECH","filters":{"page":1,"limit":5},"count":5,"msg":"Posts fetched"}
{"level":30,"time":1787757722872,"pid":22860,"hostname":"ELTECH","filters":{"limit":1000},"count":16,"msg":"Users fetched"}
{"level":30,"time":1787757745735,"pid":22860,"hostname":"ELTECH","filters":{"page":1,"limit":5},"count":5,"msg":"Posts fetched"}
{"level":30,"time":1787757745753,"pid":22860,"hostname":"ELTECH","filters":{"limit":1000},"count":5,"msg":"Posts fetched"}
{"level":30,"time":1787757762414,"pid":22860,"hostname":"ELTECH","id":5,"msg":"Post fetched"}
{"level":30,"time":1787757786251,"pid":22860,"hostname":"ELTECH","filters":{"page":1,"limit":10},"count":5,"msg":"Posts fetched"}
{"level":30,"time":1787757789055,"pid":22860,"hostname":"ELTECH","filters":{"page":1,"limit":5},"count":5,"msg":"Posts fetched"}
{"level":30,"time":1787757789201,"pid":22860,"hostname":"ELTECH","filters":{"limit":1000},"count":5,"msg":"Posts fetched"}
{"level":30,"time":1787757794220,"pid":22860,"hostname":"ELTECH","id":5,"msg":"Post fetched"}
{"level":30,"time":1787757796667,"pid":22860,"hostname":"ELTECH","filters":{"limit":1000},"count":16,"msg":"Users fetched"}
{"level":30,"time":1787757808816,"pid":22860,"hostname":"ELTECH","filters":{"page":1,"limit":10},"count":5,"msg":"Posts fetched"}
{"level":30,"time":1787757831137,"pid":22860,"hostname":"ELTECH","filters":{"page":1,"limit":10},"count":5,"msg":"Posts fetched"}
{"level":30,"time":1787757863731,"pid":22860,"hostname":"ELTECH","filters":{"page":1,"limit":10},"count":5,"msg":"Posts fetched"}
{"level":30,"time":1787757863831,"pid":22860,"hostname":"ELTECH","filters":{"page":1,"limit":5},"count":5,"msg":"Posts fetched"}
{"level":30,"time":1787757863856,"pid":22860,"hostname":"ELTECH","filters":{"limit":1000},"count":5,"msg":"Posts fetched"}
{"level":30,"time":1787757875597,"pid":22860,"hostname":"ELTECH","id":5,"msg":"Post fetched"}
{"level":30,"time":1787757879005,"pid":22860,"hostname":"ELTECH","filters":{"page":1,"limit":10},"count":5,"msg":"Posts fetched"}
{"level":30,"time":1787757891047,"pid":22860,"hostname":"ELTECH","filters":{"limit":1000},"count":16,"msg":"Users fetched"}
{"level":30,"time":1787757919194,"pid":22860,"hostname":"ELTECH","filters":{"page":1,"limit":10},"count":16,"msg":"Users fetched"}
{"level":30,"time":1787757919695,"pid":22860,"hostname":"ELTECH","filters":{"page":1,"limit":5},"count":16,"msg":"Users fetched"}
{"level":30,"time":1787757971336,"pid":22860,"hostname":"ELTECH","filters":{"page":1,"limit":10},"count":16,"msg":"Users fetched"}
{"level":30,"time":1787757977801,"pid":22860,"hostname":"ELTECH","filters":{"page":1,"limit":10},"count":16,"msg":"Users fetched"}
{"level":30,"time":1787757983225,"pid":22860,"hostname":"ELTECH","filters":{"page":1,"limit":10},"count":16,"msg":"Users fetched"}
{"level":30,"time":1787758015148,"pid":22860,"hostname":"ELTECH","filters":{"page":1,"limit":10},"count":16,"msg":"Users fetched"}
{"level":30,"time":1787758071060,"pid":22860,"hostname":"ELTECH","filters":{"page":1,"limit":10},"count":16,"msg":"Users fetched"}
{"level":30,"time":1787758180018,"pid":22860,"hostname":"ELTECH","filters":{"page":1,"limit":10},"count":16,"msg":"Users fetched"}
{"level":30,"time":1787758183985,"pid":22860,"hostname":"ELTECH","filters":{"page":1,"limit":10},"count":16,"msg":"Users fetched"}
{"level":30,"time":1787758187495,"pid":22860,"hostname":"ELTECH","filters":{"page":1,"limit":10},"count":16,"msg":"Users fetched"}
{"level":30,"time":1787758191314,"pid":22860,"hostname":"ELTECH","filters":{"page":1,"limit":10},"count":16,"msg":"Users fetched"}
{"level":30,"time":1787758198645,"pid":22860,"hostname":"ELTECH","filters":{"page":1,"limit":10},"count":16,"msg":"Users fetched"}
{"level":30,"time":1787758254534,"pid":22860,"hostname":"ELTECH","filters":{"page":1,"limit":10},"count":16,"msg":"Users fetched"}
{"level":30,"time":1787758259269,"pid":22860,"hostname":"ELTECH","filters":{"page":1,"limit":10},"count":16,"msg":"Users fetched"}
{"level":30,"time":1787758271826,"pid":22860,"hostname":"ELTECH","filters":{"page":1,"limit":10},"count":16,"msg":"Users fetched"}
{"level":30,"time":1787758276025,"pid":22860,"hostname":"ELTECH","filters":{"page":1,"limit":10},"count":16,"msg":"Users fetched"}
{"level":30,"time":1787758300757,"pid":22860,"hostname":"ELTECH","filters":{"page":1,"limit":10},"count":16,"msg":"Users fetched"}
{"level":30,"time":1787758301939,"pid":22860,"hostname":"ELTECH","filters":{"page":1,"limit":10},"count":16,"msg":"Users fetched"}
{"level":30,"time":1787758303029,"pid":22860,"hostname":"ELTECH","filters":{"page":1,"limit":10},"count":16,"msg":"Users fetched"}
{"level":30,"time":1787758314336,"pid":22860,"hostname":"ELTECH","filters":{"limit":1000},"count":16,"msg":"Users fetched"}
{"level":30,"time":1787758314361,"pid":22860,"hostname":"ELTECH","filters":{"page":1,"limit":5},"count":16,"msg":"Users fetched"}
{"level":30,"time":1787758314375,"pid":22860,"hostname":"ELTECH","filters":{"page":1,"limit":10},"count":5,"msg":"Posts fetched"}
{"level":30,"time":1787758317063,"pid":22860,"hostname":"ELTECH","filters":{"page":1,"limit":5},"count":5,"msg":"Posts fetched"}
{"level":30,"time":1787758317146,"pid":22860,"hostname":"ELTECH","filters":{"limit":1000},"count":5,"msg":"Posts fetched"}
{"level":30,"time":1787758322973,"pid":22860,"hostname":"ELTECH","id":5,"msg":"Post fetched"}
{"level":30,"time":1787758327941,"pid":22860,"hostname":"ELTECH","filters":{"page":1,"limit":10},"count":5,"msg":"Posts fetched"}
{"level":30,"time":1787758342391,"pid":22860,"hostname":"ELTECH","id":8,"content":"test2","msg":"Comment created successfully"}
{"level":30,"time":1787758343140,"pid":22860,"hostname":"ELTECH","filters":{"page":1,"limit":10},"count":5,"msg":"Posts fetched"}
{"level":30,"time":1787758364020,"pid":22860,"hostname":"ELTECH","id":7,"content":"je suis d'accord on peut ameliorer cela","msg":"Comment updated successfully"}
{"level":30,"time":1787758364837,"pid":22860,"hostname":"ELTECH","filters":{"page":1,"limit":10},"count":5,"msg":"Posts fetched"}
{"level":30,"time":1787758368496,"pid":22860,"hostname":"ELTECH","filters":{"page":1,"limit":10},"count":5,"msg":"Posts fetched"}
{"level":30,"time":1787758380955,"pid":22860,"hostname":"ELTECH","filters":{"limit":1000},"count":16,"msg":"Users fetched"}
{"level":30,"time":1787758380971,"pid":22860,"hostname":"ELTECH","filters":{"limit":1000},"count":5,"msg":"Posts fetched"}
{"level":30,"time":1787758390605,"pid":22860,"hostname":"ELTECH","filters":{"page":1,"limit":10},"count":16,"msg":"Users fetched"}
{"level":30,"time":1787758390688,"pid":22860,"hostname":"ELTECH","filters":{"page":1,"limit":5},"count":16,"msg":"Users fetched"}
{"level":30,"time":1787758397886,"pid":22860,"hostname":"ELTECH","id":16,"msg":"User fetched"}
{"level":30,"time":1787758399852,"pid":22860,"hostname":"ELTECH","filters":{"page":1,"limit":10},"count":16,"msg":"Users fetched"}
{"level":30,"time":1787758472022,"pid":22860,"hostname":"ELTECH","filters":{"limit":1000},"count":16,"msg":"Users fetched"}
{"level":30,"time":1787758472028,"pid":22860,"hostname":"ELTECH","filters":{"page":1,"limit":5},"count":16,"msg":"Users fetched"}
{"level":30,"time":1787760468655,"pid":35952,"hostname":"ELTECH","filters":{"page":1,"limit":10},"count":5,"msg":"Posts fetched"}
{"level":30,"time":1787760472758,"pid":35952,"hostname":"ELTECH","filters":{"page":1,"limit":5},"count":5,"msg":"Posts fetched"}
{"level":30,"time":1787760472850,"pid":35952,"hostname":"ELTECH","filters":{"limit":1000},"count":5,"msg":"Posts fetched"}
{"level":30,"time":1787760493011,"pid":35952,"hostname":"ELTECH","id":5,"msg":"Post fetched"}
{"level":30,"time":1787760508281,"pid":35952,"hostname":"ELTECH","filters":{"page":1,"limit":10},"count":5,"msg":"Posts fetched"}
{"level":30,"time":1787760588070,"pid":35952,"hostname":"ELTECH","filters":{"page":1,"limit":5},"count":5,"msg":"Posts fetched"}
{"level":30,"time":1787760588078,"pid":35952,"hostname":"ELTECH","filters":{"limit":1000},"count":5,"msg":"Posts fetched"}
{"level":30,"time":1787760629414,"pid":35952,"hostname":"ELTECH","filters":{"limit":1000},"count":16,"msg":"Users fetched"}
{"level":30,"time":1787760674389,"pid":35952,"hostname":"ELTECH","filters":{"page":1,"limit":10},"count":16,"msg":"Users fetched"}
{"level":30,"time":1787760674885,"pid":35952,"hostname":"ELTECH","filters":{"page":1,"limit":5},"count":16,"msg":"Users fetched"}
{"level":30,"time":1787760681839,"pid":35952,"hostname":"ELTECH","id":16,"msg":"User fetched"}
{"level":30,"time":1787760685895,"pid":35952,"hostname":"ELTECH","filters":{"page":1,"limit":10},"count":16,"msg":"Users fetched"}
{"level":30,"time":1787760711012,"pid":35952,"hostname":"ELTECH","filters":{"page":1,"limit":10},"count":5,"msg":"Posts fetched"}
{"level":30,"time":1787760713216,"pid":35952,"hostname":"ELTECH","filters":{"limit":1000},"count":5,"msg":"Posts fetched"}
{"level":30,"time":1787760713232,"pid":35952,"hostname":"ELTECH","filters":{"page":1,"limit":5},"count":5,"msg":"Posts fetched"}
{"level":30,"time":1787760726882,"pid":35952,"hostname":"ELTECH","id":5,"msg":"Post fetched"}
{"level":30,"time":1787760734235,"pid":35952,"hostname":"ELTECH","filters":{"page":1,"limit":10},"count":5,"msg":"Posts fetched"}
{"level":30,"time":1787760793627,"pid":35952,"hostname":"ELTECH","filters":{"page":1,"limit":5},"count":5,"msg":"Posts fetched"}
{"level":30,"time":1787760793736,"pid":35952,"hostname":"ELTECH","filters":{"limit":1000},"count":5,"msg":"Posts fetched"}
{"level":30,"time":1787760793743,"pid":35952,"hostname":"ELTECH","id":5,"msg":"Post fetched"}
{"level":30,"time":1787760798358,"pid":35952,"hostname":"ELTECH","filters":{"page":1,"limit":10},"count":5,"msg":"Posts fetched"}
{"level":30,"time":1787761028659,"pid":35952,"hostname":"ELTECH","filters":{"page":1,"limit":5},"count":5,"msg":"Posts fetched"}
{"level":30,"time":1787761028744,"pid":35952,"hostname":"ELTECH","filters":{"limit":1000},"count":5,"msg":"Posts fetched"}
{"level":30,"time":1787761028750,"pid":35952,"hostname":"ELTECH","id":5,"msg":"Post fetched"}
{"level":30,"time":1787761032603,"pid":35952,"hostname":"ELTECH","filters":{"page":1,"limit":10},"count":5,"msg":"Posts fetched"}
{"level":30,"time":1787761321215,"pid":35952,"hostname":"ELTECH","filters":{"limit":1000},"count":5,"msg":"Posts fetched"}
{"level":30,"time":1787761321225,"pid":35952,"hostname":"ELTECH","filters":{"page":1,"limit":5},"count":5,"msg":"Posts fetched"}
{"level":30,"time":1787761326245,"pid":35952,"hostname":"ELTECH","id":5,"msg":"Post fetched"}
{"level":30,"time":1787761330429,"pid":35952,"hostname":"ELTECH","filters":{"page":1,"limit":10},"count":5,"msg":"Posts fetched"}
{"level":30,"time":1787761360297,"pid":35952,"hostname":"ELTECH","filters":{"page":1,"limit":10},"count":5,"msg":"Posts fetched"}
{"level":30,"time":1787761370968,"pid":35952,"hostname":"ELTECH","id":4,"msg":"Post fetched"}
{"level":30,"time":1787761374614,"pid":35952,"hostname":"ELTECH","filters":{"page":1,"limit":10},"count":5,"msg":"Posts fetched"}
{"level":30,"time":1787761416385,"pid":35952,"hostname":"ELTECH","filters":{"page":1,"limit":5},"count":5,"msg":"Posts fetched"}
{"level":30,"time":1787761416466,"pid":35952,"hostname":"ELTECH","filters":{"limit":1000},"count":5,"msg":"Posts fetched"}
{"level":30,"time":1787761448262,"pid":35952,"hostname":"ELTECH","id":4,"msg":"Post fetched"}
{"level":30,"time":1787761459749,"pid":35952,"hostname":"ELTECH","filters":{"page":1,"limit":10},"count":5,"msg":"Posts fetched"}
{"level":30,"time":1787761462094,"pid":35952,"hostname":"ELTECH","filters":{"page":1,"limit":10},"count":5,"msg":"Posts fetched"}
{"level":30,"time":1787761762961,"pid":35952,"hostname":"ELTECH","filters":{"limit":1000},"count":5,"msg":"Posts fetched"}
{"level":30,"time":1787761763078,"pid":35952,"hostname":"ELTECH","filters":{"page":1,"limit":5},"count":5,"msg":"Posts fetched"}
{"level":30,"time":1787761774732,"pid":35952,"hostname":"ELTECH","id":5,"msg":"Post fetched"}
{"level":30,"time":1787761779771,"pid":35952,"hostname":"ELTECH","filters":{"page":1,"limit":10},"count":5,"msg":"Posts fetched"}
{"level":30,"time":1787761941631,"pid":35952,"hostname":"ELTECH","filters":{"page":1,"limit":10},"count":16,"msg":"Users fetched"}
{"level":30,"time":1787761946149,"pid":35952,"hostname":"ELTECH","filters":{"page":1,"limit":5},"count":16,"msg":"Users fetched"}
{"level":30,"time":1787761946771,"pid":35952,"hostname":"ELTECH","filters":{"page":1,"limit":10},"count":16,"msg":"Users fetched"}
{"level":30,"time":1787761947382,"pid":35952,"hostname":"ELTECH","filters":{"limit":1000},"count":16,"msg":"Users fetched"}
{"level":30,"time":1787761948223,"pid":35952,"hostname":"ELTECH","filters":{"page":1,"limit":10},"count":16,"msg":"Users fetched"}
{"level":30,"time":1787761965787,"pid":35952,"hostname":"ELTECH","id":16,"msg":"User fetched"}
{"level":30,"time":1787761970860,"pid":35952,"hostname":"ELTECH","filters":{"page":1,"limit":10},"count":16,"msg":"Users fetched"}
{"level":30,"time":1787761990884,"pid":35952,"hostname":"ELTECH","id":15,"msg":"User fetched"}
{"level":30,"time":1787761994716,"pid":35952,"hostname":"ELTECH","filters":{"page":1,"limit":10},"count":16,"msg":"Users fetched"}
{"level":30,"time":1787761996066,"pid":35952,"hostname":"ELTECH","filters":{"page":4,"limit":10},"count":16,"msg":"Users fetched"}
{"level":30,"time":1787761996112,"pid":35952,"hostname":"ELTECH","filters":{"page":4,"limit":5},"count":16,"msg":"Users fetched"}
{"level":30,"time":1787761997892,"pid":35952,"hostname":"ELTECH","filters":{"page":3,"limit":10},"count":16,"msg":"Users fetched"}
{"level":30,"time":1787761997928,"pid":35952,"hostname":"ELTECH","filters":{"page":3,"limit":5},"count":16,"msg":"Users fetched"}
{"level":30,"time":1787762001171,"pid":35952,"hostname":"ELTECH","id":2,"msg":"User fetched"}
{"level":30,"time":1787762008495,"pid":35952,"hostname":"ELTECH","filters":{"page":3,"limit":10},"count":16,"msg":"Users fetched"}
{"level":30,"time":1787762059618,"pid":35952,"hostname":"ELTECH","filters":{"page":1,"limit":10},"count":5,"msg":"Posts fetched"}
{"level":30,"time":1787762064383,"pid":35952,"hostname":"ELTECH","filters":{"limit":1000},"count":5,"msg":"Posts fetched"}
{"level":30,"time":1787762064391,"pid":35952,"hostname":"ELTECH","filters":{"page":1,"limit":5},"count":5,"msg":"Posts fetched"}
{"level":30,"time":1787762064476,"pid":35952,"hostname":"ELTECH","filters":{"page":1,"limit":10},"count":5,"msg":"Posts fetched"}
{"level":30,"time":1787762078223,"pid":35952,"hostname":"ELTECH","id":5,"msg":"Post fetched"}
{"level":30,"time":1787762078385,"pid":35952,"hostname":"ELTECH","filters":{"page":1,"limit":10},"count":5,"msg":"Posts fetched"}
{"level":30,"time":1787762081157,"pid":35952,"hostname":"ELTECH","filters":{"page":1,"limit":10},"count":5,"msg":"Posts fetched"}
{"level":30,"time":1787762147004,"pid":35952,"hostname":"ELTECH","filters":{"limit":1000},"count":5,"msg":"Posts fetched"}
{"level":30,"time":1787762147010,"pid":35952,"hostname":"ELTECH","filters":{"page":1,"limit":5},"count":5,"msg":"Posts fetched"}
{"level":30,"time":1787762147035,"pid":35952,"hostname":"ELTECH","id":5,"msg":"Post fetched"}
{"level":30,"time":1787762150533,"pid":35952,"hostname":"ELTECH","filters":{"page":1,"limit":10},"count":5,"msg":"Posts fetched"}
{"level":30,"time":1787762182193,"pid":35952,"hostname":"ELTECH","filters":{"page":1,"limit":10},"count":5,"msg":"Posts fetched"}
{"level":30,"time":1787762185356,"pid":35952,"hostname":"ELTECH","filters":{"page":1,"limit":10},"count":5,"msg":"Posts fetched"}
{"level":30,"time":1787762297310,"pid":35952,"hostname":"ELTECH","filters":{"page":1,"limit":5},"count":5,"msg":"Posts fetched"}
{"level":30,"time":1787762297507,"pid":35952,"hostname":"ELTECH","filters":{"limit":1000},"count":5,"msg":"Posts fetched"}
{"level":30,"time":1787762297534,"pid":35952,"hostname":"ELTECH","id":5,"msg":"Post fetched"}
{"level":30,"time":1787762302748,"pid":35952,"hostname":"ELTECH","filters":{"page":1,"limit":10},"count":5,"msg":"Posts fetched"}
{"level":30,"time":1787762325194,"pid":35952,"hostname":"ELTECH","filters":{"page":1,"limit":10},"count":5,"msg":"Posts fetched"}
{"level":30,"time":1787762330684,"pid":35952,"hostname":"ELTECH","filters":{"page":1,"limit":10},"count":5,"msg":"Posts fetched"}
{"level":30,"time":1787762340563,"pid":35952,"hostname":"ELTECH","filters":{"page":1,"limit":10},"count":5,"msg":"Posts fetched"}
{"level":30,"time":1787762342370,"pid":35952,"hostname":"ELTECH","filters":{"page":1,"limit":5},"count":5,"msg":"Posts fetched"}
{"level":30,"time":1787762342526,"pid":35952,"hostname":"ELTECH","filters":{"limit":1000},"count":5,"msg":"Posts fetched"}
{"level":30,"time":1787762348822,"pid":35952,"hostname":"ELTECH","id":5,"msg":"Post fetched"}
{"level":30,"time":1787762352899,"pid":35952,"hostname":"ELTECH","filters":{"page":1,"limit":10},"count":5,"msg":"Posts fetched"}
{"level":30,"time":1787762372955,"pid":35952,"hostname":"ELTECH","filters":{"page":1,"limit":10},"count":5,"msg":"Posts fetched"}
{"level":30,"time":1787762380541,"pid":35952,"hostname":"ELTECH","filters":{"page":1,"limit":10},"count":5,"msg":"Posts fetched"}
{"level":30,"time":1787762410596,"pid":35952,"hostname":"ELTECH","filters":{"limit":1000},"count":5,"msg":"Posts fetched"}
{"level":30,"time":1787762410607,"pid":35952,"hostname":"ELTECH","filters":{"page":1,"limit":5},"count":5,"msg":"Posts fetched"}
{"level":30,"time":1787762410630,"pid":35952,"hostname":"ELTECH","id":5,"msg":"Post fetched"}
{"level":30,"time":1787762414207,"pid":35952,"hostname":"ELTECH","filters":{"page":1,"limit":10},"count":5,"msg":"Posts fetched"}
{"level":30,"time":1787762490025,"pid":35952,"hostname":"ELTECH","id":5,"msg":"Post fetched"}
{"level":30,"time":1787762490073,"pid":35952,"hostname":"ELTECH","filters":{"limit":1000},"count":5,"msg":"Posts fetched"}
{"level":30,"time":1787762490098,"pid":35952,"hostname":"ELTECH","filters":{"page":1,"limit":5},"count":5,"msg":"Posts fetched"}
{"level":30,"time":1787762490507,"pid":35952,"hostname":"ELTECH","filters":{"page":1,"limit":10},"count":5,"msg":"Posts fetched"}
{"level":30,"time":1787762491922,"pid":35952,"hostname":"ELTECH","filters":{"page":1,"limit":10},"count":5,"msg":"Posts fetched"}
{"level":30,"time":1787762513909,"pid":35952,"hostname":"ELTECH","filters":{"page":1,"limit":10},"count":5,"msg":"Posts fetched"}
{"level":30,"time":1787762517040,"pid":35952,"hostname":"ELTECH","filters":{"page":1,"limit":10},"count":5,"msg":"Posts fetched"}
{"level":30,"time":1787762521030,"pid":35952,"hostname":"ELTECH","filters":{"page":1,"limit":10},"count":5,"msg":"Posts fetched"}
{"level":30,"time":1787762523195,"pid":35952,"hostname":"ELTECH","filters":{"page":1,"limit":10},"count":5,"msg":"Posts fetched"}
{"level":30,"time":1787762532147,"pid":35952,"hostname":"ELTECH","filters":{"page":1,"limit":10},"count":5,"msg":"Posts fetched"}
{"level":30,"time":1787762572529,"pid":35952,"hostname":"ELTECH","filters":{"page":1,"limit":10},"count":5,"msg":"Posts fetched"}
{"level":30,"time":1787762588591,"pid":35952,"hostname":"ELTECH","filters":{"page":1,"limit":10},"count":5,"msg":"Posts fetched"}
{"level":30,"time":1787762623825,"pid":35952,"hostname":"ELTECH","filters":{"limit":1000},"count":5,"msg":"Posts fetched"}
{"level":30,"time":1787762623841,"pid":35952,"hostname":"ELTECH","filters":{"page":1,"limit":5},"count":5,"msg":"Posts fetched"}
{"level":30,"time":1787762649627,"pid":35952,"hostname":"ELTECH","filters":{"page":1,"limit":10},"count":5,"msg":"Posts fetched"}
{"level":30,"time":1787762661255,"pid":35952,"hostname":"ELTECH","id":5,"msg":"Post fetched"}
{"level":30,"time":1787762666562,"pid":35952,"hostname":"ELTECH","filters":{"page":1,"limit":10},"count":5,"msg":"Posts fetched"}
{"level":30,"time":1787762723512,"pid":35952,"hostname":"ELTECH","filters":{"limit":1000},"count":5,"msg":"Posts fetched"}
{"level":30,"time":1787762723522,"pid":35952,"hostname":"ELTECH","filters":{"page":1,"limit":5},"count":5,"msg":"Posts fetched"}
{"level":30,"time":1787762725743,"pid":35952,"hostname":"ELTECH","id":5,"msg":"Post fetched"}
{"level":30,"time":1787762732480,"pid":35952,"hostname":"ELTECH","filters":{"page":1,"limit":10},"count":5,"msg":"Posts fetched"}
{"level":30,"time":1787762739563,"pid":35952,"hostname":"ELTECH","filters":{"page":1,"limit":10},"count":5,"msg":"Posts fetched"}
{"level":30,"time":1787762754527,"pid":35952,"hostname":"ELTECH","filters":{"page":1,"limit":10},"count":5,"msg":"Posts fetched"}
{"level":30,"time":1787762834735,"pid":35952,"hostname":"ELTECH","filters":{"page":1,"limit":5},"count":5,"msg":"Posts fetched"}
{"level":30,"time":1787762834751,"pid":35952,"hostname":"ELTECH","filters":{"limit":1000},"count":5,"msg":"Posts fetched"}
{"level":30,"time":1787762838751,"pid":35952,"hostname":"ELTECH","id":5,"msg":"Post fetched"}
{"level":30,"time":1787762843491,"pid":35952,"hostname":"ELTECH","filters":{"page":1,"limit":10},"count":5,"msg":"Posts fetched"}
{"level":30,"time":1787762983915,"pid":35952,"hostname":"ELTECH","filters":{"page":1,"limit":10},"count":16,"msg":"Users fetched"}
{"level":30,"time":1787762990421,"pid":35952,"hostname":"ELTECH","filters":{"page":1,"limit":5},"count":16,"msg":"Users fetched"}
{"level":30,"time":1787762990500,"pid":35952,"hostname":"ELTECH","filters":{"limit":1000},"count":16,"msg":"Users fetched"}
{"level":30,"time":1787763095313,"pid":35952,"hostname":"ELTECH","filters":{"page":1,"limit":10},"count":5,"msg":"Posts fetched"}
{"level":30,"time":1787763098766,"pid":35952,"hostname":"ELTECH","filters":{"limit":1000},"count":5,"msg":"Posts fetched"}
{"level":30,"time":1787763098781,"pid":35952,"hostname":"ELTECH","filters":{"page":1,"limit":5},"count":5,"msg":"Posts fetched"}
{"level":30,"time":1787763114599,"pid":35952,"hostname":"ELTECH","filters":{"page":1,"limit":10},"count":5,"msg":"Posts fetched"}
{"level":30,"time":1787763181935,"pid":35952,"hostname":"ELTECH","filters":{"page":1,"limit":5},"count":5,"msg":"Posts fetched"}
{"level":30,"time":1787763181968,"pid":35952,"hostname":"ELTECH","filters":{"limit":1000},"count":5,"msg":"Posts fetched"}
{"level":30,"time":1787763573974,"pid":35952,"hostname":"ELTECH","filters":{"limit":1000},"count":16,"msg":"Users fetched"}
{"level":30,"time":1787763576518,"pid":35952,"hostname":"ELTECH","filters":{"limit":1000},"count":5,"msg":"Posts fetched"}
{"level":30,"time":1787763716674,"pid":35952,"hostname":"ELTECH","filters":{"limit":1000},"count":16,"msg":"Users fetched"}
{"level":30,"time":1787763716722,"pid":35952,"hostname":"ELTECH","filters":{"limit":1000},"count":5,"msg":"Posts fetched"}
{"level":30,"time":1787763806435,"pid":35952,"hostname":"ELTECH","filters":{"limit":1000},"count":16,"msg":"Users fetched"}
{"level":30,"time":1787763806461,"pid":35952,"hostname":"ELTECH","filters":{"limit":1000},"count":5,"msg":"Posts fetched"}
{"level":30,"time":1787763849939,"pid":35952,"hostname":"ELTECH","filters":{"limit":1000},"count":16,"msg":"Users fetched"}
{"level":30,"time":1787763850006,"pid":35952,"hostname":"ELTECH","filters":{"limit":1000},"count":5,"msg":"Posts fetched"}
{"level":30,"time":1787763871907,"pid":35952,"hostname":"ELTECH","filters":{"page":1,"limit":10},"count":5,"msg":"Posts fetched"}
{"level":30,"time":1787763873751,"pid":35952,"hostname":"ELTECH","filters":{"page":1,"limit":5},"count":5,"msg":"Posts fetched"}
{"level":30,"time":1787763886819,"pid":35952,"hostname":"ELTECH","filters":{"page":1,"limit":10},"count":5,"msg":"Posts fetched"}
{"level":30,"time":1787763895511,"pid":35952,"hostname":"ELTECH","id":5,"msg":"Post fetched"}
{"level":30,"time":1787763904075,"pid":35952,"hostname":"ELTECH","filters":{"page":1,"limit":10},"count":5,"msg":"Posts fetched"}
{"level":30,"time":1787763958583,"pid":35952,"hostname":"ELTECH","filters":{"page":1,"limit":10},"count":5,"msg":"Posts fetched"}
{"level":30,"time":1787764256841,"pid":35952,"hostname":"ELTECH","filters":{"page":1,"limit":10},"count":5,"msg":"Posts fetched"}
{"level":30,"time":1787764262156,"pid":35952,"hostname":"ELTECH","filters":{"page":1,"limit":10},"count":5,"msg":"Posts fetched"}
{"level":30,"time":1787764279361,"pid":35952,"hostname":"ELTECH","filters":{"page":1,"limit":10},"count":5,"msg":"Posts fetched"}
{"level":30,"time":1787764281197,"pid":35952,"hostname":"ELTECH","filters":{"page":1,"limit":10},"count":5,"msg":"Posts fetched"}
{"level":30,"time":1787764356385,"pid":35952,"hostname":"ELTECH","filters":{"page":1,"limit":10},"count":5,"msg":"Posts fetched"}
{"level":30,"time":1787764394630,"pid":35952,"hostname":"ELTECH","filters":{"page":1,"limit":10},"count":5,"msg":"Posts fetched"}
{"level":30,"time":1787764424388,"pid":35952,"hostname":"ELTECH","filters":{"page":1,"limit":10},"count":5,"msg":"Posts fetched"}
{"level":30,"time":1787764436493,"pid":35952,"hostname":"ELTECH","filters":{"page":1,"limit":10},"count":5,"msg":"Posts fetched"}
{"level":30,"time":1787764529939,"pid":35952,"hostname":"ELTECH","filters":{"limit":1000},"count":5,"msg":"Posts fetched"}
{"level":30,"time":1787764529948,"pid":35952,"hostname":"ELTECH","filters":{"page":1,"limit":5},"count":5,"msg":"Posts fetched"}
{"level":30,"time":1787764530016,"pid":35952,"hostname":"ELTECH","filters":{"page":1,"limit":10},"count":5,"msg":"Posts fetched"}
{"level":30,"time":1787764530047,"pid":35952,"hostname":"ELTECH","filters":{"page":1,"limit":10},"count":5,"msg":"Posts fetched"}
{"level":30,"time":1787764531462,"pid":35952,"hostname":"ELTECH","filters":{"page":1,"limit":5},"count":5,"msg":"Posts fetched"}
{"level":30,"time":1787764531685,"pid":35952,"hostname":"ELTECH","filters":{"limit":1000},"count":5,"msg":"Posts fetched"}
{"level":30,"time":1787764551686,"pid":35952,"hostname":"ELTECH","filters":{"limit":1000},"count":16,"msg":"Users fetched"}
{"level":30,"time":1787764574769,"pid":35952,"hostname":"ELTECH","filters":{"page":1,"limit":10},"count":5,"msg":"Posts fetched"}
{"level":30,"time":1787764597201,"pid":35952,"hostname":"ELTECH","filters":{"page":1,"limit":10},"count":5,"msg":"Posts fetched"}
{"level":30,"time":1787764632082,"pid":35952,"hostname":"ELTECH","filters":{"page":1,"limit":10},"count":5,"msg":"Posts fetched"}
{"level":30,"time":1787764765522,"pid":35952,"hostname":"ELTECH","filters":{"page":1,"limit":10},"count":5,"msg":"Posts fetched"}
{"level":30,"time":1787764779285,"pid":35952,"hostname":"ELTECH","filters":{"page":1,"limit":10},"count":5,"msg":"Posts fetched"}
{"level":30,"time":1787764827353,"pid":35952,"hostname":"ELTECH","filters":{"page":1,"limit":10},"count":5,"msg":"Posts fetched"}
{"level":30,"time":1787764899688,"pid":35952,"hostname":"ELTECH","filters":{"page":1,"limit":10},"count":5,"msg":"Posts fetched"}
{"level":30,"time":1787764911053,"pid":35952,"hostname":"ELTECH","filters":{"page":1,"limit":10},"count":5,"msg":"Posts fetched"}
{"level":30,"time":1787764954698,"pid":35952,"hostname":"ELTECH","filters":{"page":1,"limit":10},"count":5,"msg":"Posts fetched"}
{"level":30,"time":1787764991092,"pid":35952,"hostname":"ELTECH","filters":{"limit":1000},"count":5,"msg":"Posts fetched"}
{"level":30,"time":1787764997035,"pid":35952,"hostname":"ELTECH","filters":{"page":1,"limit":10},"count":5,"msg":"Posts fetched"}
{"level":30,"time":1787765006997,"pid":35952,"hostname":"ELTECH","filters":{"page":1,"limit":10},"count":5,"msg":"Posts fetched"}
{"level":30,"time":1787765223101,"pid":36156,"hostname":"ELTECH","filters":{"limit":1000},"count":5,"msg":"Posts fetched"}
{"level":30,"time":1787765223359,"pid":36156,"hostname":"ELTECH","filters":{"page":1,"limit":10},"count":5,"msg":"Posts fetched"}
{"level":30,"time":1787765236388,"pid":36156,"hostname":"ELTECH","filters":{"page":1,"limit":5},"count":5,"msg":"Posts fetched"}
{"level":30,"time":1787765236509,"pid":36156,"hostname":"ELTECH","filters":{"limit":1000},"count":5,"msg":"Posts fetched"}
{"level":30,"time":1787765237976,"pid":36156,"hostname":"ELTECH","filters":{"page":1,"limit":10},"count":5,"msg":"Posts fetched"}
{"level":30,"time":1787765261938,"pid":28524,"hostname":"ELTECH","filters":{"limit":1000},"count":5,"msg":"Posts fetched"}
{"level":30,"time":1787765265515,"pid":28524,"hostname":"ELTECH","id":5,"msg":"Post fetched"}
{"level":30,"time":1787765265553,"pid":28524,"hostname":"ELTECH","filters":{"limit":1000},"count":16,"msg":"Users fetched"}
{"level":30,"time":1787765279917,"pid":28524,"hostname":"ELTECH","id":5,"msg":"Post updated"}
{"level":30,"time":1787765280473,"pid":28524,"hostname":"ELTECH","id":5,"msg":"Post fetched"}
{"level":30,"time":1787765280621,"pid":28524,"hostname":"ELTECH","filters":{"limit":1000},"count":5,"msg":"Posts fetched"}
{"level":30,"time":1787765293166,"pid":28524,"hostname":"ELTECH","id":7,"content":"je suis d'accord on peut ameliorer cela","msg":"Comment updated successfully"}
{"level":30,"time":1787765303682,"pid":28524,"hostname":"ELTECH","id":9,"content":"test","msg":"Comment created successfully"}
{"level":30,"time":1787765307216,"pid":28524,"hostname":"ELTECH","id":9,"msg":"Comment deleted successfully"}
{"level":30,"time":1787765313435,"pid":28524,"hostname":"ELTECH","filters":{"page":1,"limit":10},"count":16,"msg":"Users fetched"}
{"level":30,"time":1787765313464,"pid":28524,"hostname":"ELTECH","filters":{"page":1,"limit":5},"count":16,"msg":"Users fetched"}
{"level":30,"time":1787765320196,"pid":28524,"hostname":"ELTECH","id":16,"msg":"User fetched"}
{"level":30,"time":1787765366459,"pid":28524,"hostname":"ELTECH","filters":{"page":1,"limit":10},"count":5,"msg":"Posts fetched"}
{"level":30,"time":1787765366482,"pid":28524,"hostname":"ELTECH","filters":{"page":1,"limit":5},"count":5,"msg":"Posts fetched"}
{"level":30,"time":1787765366640,"pid":28524,"hostname":"ELTECH","filters":{"limit":1000},"count":5,"msg":"Posts fetched"}
{"level":30,"time":1787765369142,"pid":28524,"hostname":"ELTECH","id":5,"msg":"Post fetched"}
{"level":30,"time":1787765393608,"pid":28524,"hostname":"ELTECH","filters":{"limit":1000},"count":16,"msg":"Users fetched"}
{"level":30,"time":1787765429128,"pid":28524,"hostname":"ELTECH","filters":{"page":1,"limit":10},"count":5,"msg":"Posts fetched"}
{"level":30,"time":1787765429201,"pid":28524,"hostname":"ELTECH","filters":{"page":1,"limit":5},"count":5,"msg":"Posts fetched"}
{"level":30,"time":1787765429225,"pid":28524,"hostname":"ELTECH","filters":{"limit":1000},"count":5,"msg":"Posts fetched"}
{"level":30,"time":1787765460093,"pid":28524,"hostname":"ELTECH","filters":{"page":1,"limit":10},"count":5,"msg":"Posts fetched"}
{"level":30,"time":1787765464222,"pid":28524,"hostname":"ELTECH","filters":{"limit":1000},"count":16,"msg":"Users fetched"}
{"level":30,"time":1787765490463,"pid":28524,"hostname":"ELTECH","filters":{"limit":1000},"count":5,"msg":"Posts fetched"}
{"level":30,"time":1787765499352,"pid":28524,"hostname":"ELTECH","filters":{"page":1,"limit":10},"count":5,"msg":"Posts fetched"}
{"level":30,"time":1787765499426,"pid":28524,"hostname":"ELTECH","filters":{"page":1,"limit":5},"count":5,"msg":"Posts fetched"}
{"level":30,"time":1787765502868,"pid":28524,"hostname":"ELTECH","id":5,"msg":"Post fetched"}
{"level":30,"time":1787765539129,"pid":28524,"hostname":"ELTECH","filters":{"page":1,"limit":10},"count":16,"msg":"Users fetched"}
{"level":30,"time":1787765539231,"pid":28524,"hostname":"ELTECH","filters":{"page":1,"limit":5},"count":16,"msg":"Users fetched"}
{"level":30,"time":1787765539260,"pid":28524,"hostname":"ELTECH","filters":{"limit":1000},"count":16,"msg":"Users fetched"}
{"level":30,"time":1787765544544,"pid":28524,"hostname":"ELTECH","id":16,"msg":"User fetched"}
{"level":30,"time":1787769436838,"pid":28524,"hostname":"ELTECH","filters":{"limit":1000},"count":16,"msg":"Users fetched"}
{"level":30,"time":1787769437506,"pid":28524,"hostname":"ELTECH","filters":{"page":1,"limit":5},"count":16,"msg":"Users fetched"}
{"level":30,"time":1787770078099,"pid":28524,"hostname":"ELTECH","filters":{"limit":1000},"count":16,"msg":"Users fetched"}
{"level":30,"time":1787770078106,"pid":28524,"hostname":"ELTECH","filters":{"page":1,"limit":5},"count":16,"msg":"Users fetched"}
{"level":30,"time":1787770080373,"pid":28524,"hostname":"ELTECH","filters":{"page":1,"limit":10},"count":16,"msg":"Users fetched"}
{"level":30,"time":1787770861231,"pid":28524,"hostname":"ELTECH","filters":{"limit":1000},"count":16,"msg":"Users fetched"}
{"level":30,"time":1787770861244,"pid":28524,"hostname":"ELTECH","filters":{"page":1,"limit":5},"count":16,"msg":"Users fetched"}
{"level":30,"time":1787771396391,"pid":19020,"hostname":"ELTECH","msg":"Request to safe URL http://localhost:8081/api/v1/auth/login, skipping token interceptor"}
{"level":30,"time":1787771397831,"pid":19020,"hostname":"ELTECH","id":2,"email":"visitor@gmail.com","msg":"User signed in"}
{"level":30,"time":1787771623426,"pid":19020,"hostname":"ELTECH","msg":"Request to safe URL http://localhost:8081/api/v1/auth/login, skipping token interceptor"}
{"level":50,"time":1787771623591,"pid":19020,"hostname":"ELTECH","error":"Request failed with status code 400","detail":"Invalid email or password","instance":"/api/v1/auth/login","status":400,"title":"Bad request","errorCode":"BAD_REQUEST","msg":"API error"}
{"level":50,"time":1787771623597,"pid":19020,"hostname":"ELTECH","err":{"code":"ERR_BAD_REQUEST","config":{"adapter":["xhr","http","fetch"],"allowAbsoluteUrls":true,"baseURL":"","data":"{\"email\":\"visitor@gmail.com\",\"password\":\"qsdfghjk\"}","env":{},"headers":{"Accept":"application/json","Accept-Encoding":"gzip, compress, deflate, br","Content-Length":"51","Content-Type":"application/json; charset=utf-8","User-Agent":"axios/1.17.0"},"maxBodyLength":-1,"maxContentLength":-1,"method":"post","timeout":60000,"transformRequest":[null],"transformResponse":[null],"transitional":{"advertiseZstdAcceptEncoding":false,"clarifyTimeoutError":false,"forcedJSONParsing":true,"legacyInterceptorReqResOrdering":true,"silentJSONParsing":true},"url":"http://localhost:8081/api/v1/auth/login","xsrfCookieName":"XSRF-TOKEN","xsrfHeaderName":"X-XSRF-TOKEN"},"isAxiosError":true,"message":"Request failed with status code 400","name":"AxiosError","request":{"_closed":false,"_contentLength":"51","_defaultKeepAlive":true,"_ended":true,"_events":{},"_eventsCount":7,"_hasBody":true,"_header":"POST /api/v1/auth/login HTTP/1.1\r\nAccept: application/json\r\nContent-Type: application/json; charset=utf-8\r\nUser-Agent: axios/1.17.0\r\nContent-Length: 51\r\nAccept-Encoding: gzip, compress, deflate, br\r\nHost: localhost:8081\r\nConnection: keep-alive\r\n\r\n","_headerSent":true,"_keepAliveTimeout":0,"_last":false,"_redirectable":{"_currentRequest":"[Circular]","_currentUrl":"http://localhost:8081/api/v1/auth/login","_ended":true,"_ending":true,"_events":{"socket":[null,null]},"_eventsCount":4,"_headerFilter":{},"_options":{"agents":{},"beforeRedirects":{},"headers":{"Accept":"application/json","Accept-Encoding":"gzip, compress, deflate, br","Content-Length":"51","Content-Type":"application/json; charset=utf-8","User-Agent":"axios/1.17.0"},"hostname":"localhost","insecureHTTPParser":false,"maxBodyLength":null,"maxRedirects":21,"method":"POST","nativeProtocols":{"http:":"[Object]","https:":"[Object]"},"path":"/api/v1/auth/login","pathname":"/api/v1/auth/login","port":"8081","protocol":"http:","sensitiveHeaders":[]},"_redirectCount":0,"_redirects":[],"_requestBodyBuffers":[],"_requestBodyLength":51,"_timeout":null,"_writableState":{"bufferedIndex":0,"corked":0,"highWaterMark":16384,"length":0,"pendingcb":0,"writelen":0}},"_removedConnection":false,"_removedContLen":false,"_removedTE":false,"_trailer":"","aborted":false,"agent":{"_events":{},"_eventsCount":2,"defaultPort":80,"freeSockets":{},"keepAlive":true,"keepAliveMsecs":1000,"maxFreeSockets":256,"maxSockets":null,"maxTotalSockets":null,"options":{"keepAlive":true,"noDelay":true,"path":null,"scheduling":"lifo","timeout":5000},"protocol":"http:","requests":{},"scheduling":"lifo","sockets":{"localhost:8081:":["[Object]"]},"totalSocketCount":1},"chunkedEncoding":false,"destroyed":false,"finished":true,"host":"localhost","insecureHTTPParser":false,"maxHeadersCount":null,"maxRequestsOnConnectionReached":false,"method":"POST","outputData":[],"outputSize":0,"parser":null,"path":"/api/v1/auth/login","protocol":"http:","res":{"_consuming":true,"_dumped":false,"_events":{"end":[null,null]},"_eventsCount":4,"_readableState":{"awaitDrainWriters":null,"buffer":[],"bufferIndex":0,"highWaterMark":16384,"length":0,"pipes":[]},"aborted":false,"client":{"_closeAfterHandlingError":false,"_events":{"close":"[Array]","error":"[Array]","timeout":"[Array]"},"_eventsCount":7,"_hadError":false,"_host":"localhost","_httpMessage":"[Circular]","_parent":null,"_pendingData":null,"_pendingEncoding":"","_readableState":{"awaitDrainWriters":null,"buffer":[],"bufferIndex":0,"highWaterMark":16384,"length":0,"pipes":[]},"_server":null,"_sockname":null,"_writableState":{"bufferedIndex":0,"corked":0,"highWaterMark":16384,"length":0,"pendingcb":1,"writelen":0},"allowHalfOpen":false,"autoSelectFamilyAttemptedAddresses":["::1:8081"],"connecting":false,"parser":null,"server":null,"timeout":60000},"complete":true,"httpVersion":"1.1","httpVersionMajor":1,"httpVersionMinor":1,"method":null,"rawHeaders":["X-Content-Type-Options","nosniff","X-XSS-Protection","0","Cache-Control","no-cache, no-store, max-age=0, must-revalidate","Pragma","no-cache","Expires","0","X-Frame-Options","DENY","Content-Type","application/problem+json","Transfer-Encoding","chunked","Date","Wed, 26 Aug 2026 19:13:43 GMT","Connection","close"],"rawTrailers":[],"redirects":[],"req":"[Circular]","responseUrl":"http://localhost:8081/api/v1/auth/login","socket":{"_closeAfterHandlingError":false,"_events":{"close":"[Array]","error":"[Array]","timeout":"[Array]"},"_eventsCount":7,"_hadError":false,"_host":"localhost","_httpMessage":"[Circular]","_parent":null,"_pendingData":null,"_pendingEncoding":"","_readableState":{"awaitDrainWriters":null,"buffer":[],"bufferIndex":0,"highWaterMark":16384,"length":0,"pipes":[]},"_server":null,"_sockname":null,"_writableState":{"bufferedIndex":0,"corked":0,"highWaterMark":16384,"length":0,"pendingcb":1,"writelen":0},"allowHalfOpen":false,"autoSelectFamilyAttemptedAddresses":["::1:8081"],"connecting":false,"parser":null,"server":null,"timeout":60000},"statusCode":400,"statusMessage":"","upgrade":false,"url":""},"reusedSocket":false,"sendDate":false,"shouldKeepAlive":false,"strictContentLength":false,"upgradeOrConnect":false,"useChunkedEncodingByDefault":true,"writable":true},"response":{"config":{"adapter":["xhr","http","fetch"],"allowAbsoluteUrls":true,"baseURL":"","data":"{\"email\":\"visitor@gmail.com\",\"password\":\"qsdfghjk\"}","env":{},"headers":{"Accept":"application/json","Accept-Encoding":"gzip, compress, deflate, br","Content-Length":"51","Content-Type":"application/json; charset=utf-8","User-Agent":"axios/1.17.0"},"maxBodyLength":-1,"maxContentLength":-1,"method":"post","timeout":60000,"transformRequest":[null],"transformResponse":[null],"transitional":{"advertiseZstdAcceptEncoding":false,"clarifyTimeoutError":false,"forcedJSONParsing":true,"legacyInterceptorReqResOrdering":true,"silentJSONParsing":true},"url":"http://localhost:8081/api/v1/auth/login","xsrfCookieName":"XSRF-TOKEN","xsrfHeaderName":"X-XSRF-TOKEN"},"data":{"detail":"Invalid email or password","errorCode":"BAD_REQUEST","instance":"/api/v1/auth/login","status":400,"title":"Bad request"},"headers":{"cache-control":"no-cache, no-store, max-age=0, must-revalidate","connection":"close","content-type":"application/problem+json","date":"Wed, 26 Aug 2026 19:13:43 GMT","expires":"0","pragma":"no-cache","transfer-encoding":"chunked","x-content-type-options":"nosniff","x-frame-options":"DENY","x-xss-protection":"0"},"request":{"_closed":false,"_contentLength":"51","_defaultKeepAlive":true,"_ended":true,"_events":{},"_eventsCount":7,"_hasBody":true,"_header":"POST /api/v1/auth/login HTTP/1.1\r\nAccept: application/json\r\nContent-Type: application/json; charset=utf-8\r\nUser-Agent: axios/1.17.0\r\nContent-Length: 51\r\nAccept-Encoding: gzip, compress, deflate, br\r\nHost: localhost:8081\r\nConnection: keep-alive\r\n\r\n","_headerSent":true,"_keepAliveTimeout":0,"_last":false,"_redirectable":{"_currentRequest":"[Circular]","_currentUrl":"http://localhost:8081/api/v1/auth/login","_ended":true,"_ending":true,"_events":{"socket":"[Array]"},"_eventsCount":4,"_headerFilter":{},"_options":{"agents":"[Object]","beforeRedirects":"[Object]","headers":"[Object]","hostname":"localhost","insecureHTTPParser":false,"maxBodyLength":null,"maxRedirects":21,"method":"POST","nativeProtocols":"[Object]","path":"/api/v1/auth/login","pathname":"/api/v1/auth/login","port":"8081","protocol":"http:","sensitiveHeaders":[]},"_redirectCount":0,"_redirects":[],"_requestBodyBuffers":[],"_requestBodyLength":51,"_timeout":null,"_writableState":{"bufferedIndex":0,"corked":0,"highWaterMark":16384,"length":0,"pendingcb":0,"writelen":0}},"_removedConnection":false,"_removedContLen":false,"_removedTE":false,"_trailer":"","aborted":false,"agent":{"_events":{},"_eventsCount":2,"defaultPort":80,"freeSockets":{},"keepAlive":true,"keepAliveMsecs":1000,"maxFreeSockets":256,"maxSockets":null,"maxTotalSockets":null,"options":{"keepAlive":true,"noDelay":true,"path":null,"scheduling":"lifo","timeout":5000},"protocol":"http:","requests":{},"scheduling":"lifo","sockets":{"localhost:8081:":"[Array]"},"totalSocketCount":1},"chunkedEncoding":false,"destroyed":false,"finished":true,"host":"localhost","insecureHTTPParser":false,"maxHeadersCount":null,"maxRequestsOnConnectionReached":false,"method":"POST","outputData":[],"outputSize":0,"parser":null,"path":"/api/v1/auth/login","protocol":"http:","res":{"_consuming":true,"_dumped":false,"_events":{"end":"[Array]"},"_eventsCount":4,"_readableState":{"awaitDrainWriters":null,"buffer":[],"bufferIndex":0,"highWaterMark":16384,"length":0,"pipes":[]},"aborted":false,"client":{"_closeAfterHandlingError":false,"_events":"[Object]","_eventsCount":7,"_hadError":false,"_host":"localhost","_httpMessage":"[Circular]","_parent":null,"_pendingData":null,"_pendingEncoding":"","_readableState":"[Object]","_server":null,"_sockname":null,"_writableState":"[Object]","allowHalfOpen":false,"autoSelectFamilyAttemptedAddresses":"[Array]","connecting":false,"parser":null,"server":null,"timeout":60000},"complete":true,"httpVersion":"1.1","httpVersionMajor":1,"httpVersionMinor":1,"method":null,"rawHeaders":["X-Content-Type-Options","nosniff","X-XSS-Protection","0","Cache-Control","no-cache, no-store, max-age=0, must-revalidate","Pragma","no-cache","Expires","0","X-Frame-Options","DENY","Content-Type","application/problem+json","Transfer-Encoding","chunked","Date","Wed, 26 Aug 2026 19:13:43 GMT","Connection","close"],"rawTrailers":[],"redirects":[],"req":"[Circular]","responseUrl":"http://localhost:8081/api/v1/auth/login","socket":{"_closeAfterHandlingError":false,"_events":"[Object]","_eventsCount":7,"_hadError":false,"_host":"localhost","_httpMessage":"[Circular]","_parent":null,"_pendingData":null,"_pendingEncoding":"","_readableState":"[Object]","_server":null,"_sockname":null,"_writableState":"[Object]","allowHalfOpen":false,"autoSelectFamilyAttemptedAddresses":"[Array]","connecting":false,"parser":null,"server":null,"timeout":60000},"statusCode":400,"statusMessage":"","upgrade":false,"url":""},"reusedSocket":false,"sendDate":false,"shouldKeepAlive":false,"strictContentLength":false,"upgradeOrConnect":false,"useChunkedEncodingByDefault":true,"writable":true},"status":400,"statusText":""},"stack":"AxiosError: Request failed with status code 400\n    at aM (D:\\software engineering\\templates\\frontend-template\\tailadmin-dashboard\\.next\\server\\chunks\\ssr\\_0_y-2h7._.js:4:28455)\n    at IncomingMessage.<anonymous> (D:\\software engineering\\templates\\frontend-template\\tailadmin-dashboard\\.next\\server\\chunks\\ssr\\_0_y-2h7._.js:6:17980)\n    at IncomingMessage.emit (node:events:530:35)\n    at endReadableNT (node:internal/streams/readable:1698:12)\n    at process.processTicksAndRejections (node:internal/process/task_queues:90:21)\n    at cd.request (D:\\software engineering\\templates\\frontend-template\\tailadmin-dashboard\\.next\\server\\chunks\\ssr\\_0_y-2h7._.js:6:33805)\n    at process.processTicksAndRejections (node:internal/process/task_queues:105:5)\n    at async y (D:\\software engineering\\templates\\frontend-template\\tailadmin-dashboard\\.next\\server\\chunks\\ssr\\[root-of-the-server]__1653add._.js:1:219707)\n    at async rF (D:\\software engineering\\templates\\frontend-template\\tailadmin-dashboard\\node_modules\\next\\dist\\compiled\\next-server\\app-page-turbo.runtime.prod.js:16:2271)\n    at async D:\\software engineering\\templates\\frontend-template\\tailadmin-dashboard\\node_modules\\next\\dist\\compiled\\next-server\\app-page-turbo.runtime.prod.js:16:671\n    at async rU (D:\\software engineering\\templates\\frontend-template\\tailadmin-dashboard\\node_modules\\next\\dist\\compiled\\next-server\\app-page-turbo.runtime.prod.js:14:14943)\n    at async lH (D:\\software engineering\\templates\\frontend-template\\tailadmin-dashboard\\node_modules\\next\\dist\\compiled\\next-server\\app-page-turbo.runtime.prod.js:51:28284)\n    at async o (D:\\software engineering\\templates\\frontend-template\\tailadmin-dashboard\\.next\\server\\chunks\\ssr\\node_modules_next_dist_esm_build_templates_app-page_1799gqc.js:1:11030)\n    at async uI.handleResponse (D:\\software engineering\\templates\\frontend-template\\tailadmin-dashboard\\node_modules\\next\\dist\\compiled\\next-server\\app-page-turbo.runtime.prod.js:53:38084)\n    at async q (D:\\software engineering\\templates\\frontend-template\\tailadmin-dashboard\\.next\\server\\chunks\\ssr\\node_modules_next_dist_esm_build_templates_app-page_1799gqc.js:2:4256)","status":400,"type":"ae"},"context":"signIn","email":"visitor@gmail.com","msg":"API request failed"}
{"level":40,"time":1787771623601,"pid":19020,"hostname":"ELTECH","detail":"Invalid email or password","instance":"/api/v1/auth/login","status":400,"title":"Bad request","errorCode":"BAD_REQUEST","msg":"[Axios Error] [signIn]"}
{"level":30,"time":1787771896365,"pid":19020,"hostname":"ELTECH","msg":"Request to safe URL http://localhost:8081/api/v1/auth/login, skipping token interceptor"}
{"level":50,"time":1787771896641,"pid":19020,"hostname":"ELTECH","error":"Request failed with status code 400","detail":"Invalid email or password","instance":"/api/v1/auth/login","status":400,"title":"Bad request","errorCode":"BAD_REQUEST","msg":"API error"}
{"level":50,"time":1787771896642,"pid":19020,"hostname":"ELTECH","err":{"code":"ERR_BAD_REQUEST","config":{"adapter":["xhr","http","fetch"],"allowAbsoluteUrls":true,"baseURL":"","data":"{\"email\":\"admin@gmail.com\",\"password\":\"admin\"}","env":{},"headers":{"Accept":"application/json","Accept-Encoding":"gzip, compress, deflate, br","Content-Length":"46","Content-Type":"application/json; charset=utf-8","User-Agent":"axios/1.17.0"},"maxBodyLength":-1,"maxContentLength":-1,"method":"post","timeout":60000,"transformRequest":[null],"transformResponse":[null],"transitional":{"advertiseZstdAcceptEncoding":false,"clarifyTimeoutError":false,"forcedJSONParsing":true,"legacyInterceptorReqResOrdering":true,"silentJSONParsing":true},"url":"http://localhost:8081/api/v1/auth/login","xsrfCookieName":"XSRF-TOKEN","xsrfHeaderName":"X-XSRF-TOKEN"},"isAxiosError":true,"message":"Request failed with status code 400","name":"AxiosError","request":{"_closed":false,"_contentLength":"46","_defaultKeepAlive":true,"_ended":true,"_events":{},"_eventsCount":7,"_hasBody":true,"_header":"POST /api/v1/auth/login HTTP/1.1\r\nAccept: application/json\r\nContent-Type: application/json; charset=utf-8\r\nUser-Agent: axios/1.17.0\r\nContent-Length: 46\r\nAccept-Encoding: gzip, compress, deflate, br\r\nHost: localhost:8081\r\nConnection: keep-alive\r\n\r\n","_headerSent":true,"_keepAliveTimeout":0,"_last":false,"_redirectable":{"_currentRequest":"[Circular]","_currentUrl":"http://localhost:8081/api/v1/auth/login","_ended":true,"_ending":true,"_events":{"socket":[null,null]},"_eventsCount":4,"_headerFilter":{},"_options":{"agents":{},"beforeRedirects":{},"headers":{"Accept":"application/json","Accept-Encoding":"gzip, compress, deflate, br","Content-Length":"46","Content-Type":"application/json; charset=utf-8","User-Agent":"axios/1.17.0"},"hostname":"localhost","insecureHTTPParser":false,"maxBodyLength":null,"maxRedirects":21,"method":"POST","nativeProtocols":{"http:":"[Object]","https:":"[Object]"},"path":"/api/v1/auth/login","pathname":"/api/v1/auth/login","port":"8081","protocol":"http:","sensitiveHeaders":[]},"_redirectCount":0,"_redirects":[],"_requestBodyBuffers":[],"_requestBodyLength":46,"_timeout":null,"_writableState":{"bufferedIndex":0,"corked":0,"highWaterMark":16384,"length":0,"pendingcb":0,"writelen":0}},"_removedConnection":false,"_removedContLen":false,"_removedTE":false,"_trailer":"","aborted":false,"agent":{"_events":{},"_eventsCount":2,"defaultPort":80,"freeSockets":{},"keepAlive":true,"keepAliveMsecs":1000,"maxFreeSockets":256,"maxSockets":null,"maxTotalSockets":null,"options":{"keepAlive":true,"noDelay":true,"path":null,"scheduling":"lifo","timeout":5000},"protocol":"http:","requests":{},"scheduling":"lifo","sockets":{"localhost:8081:":["[Object]"]},"totalSocketCount":1},"chunkedEncoding":false,"destroyed":false,"finished":true,"host":"localhost","insecureHTTPParser":false,"maxHeadersCount":null,"maxRequestsOnConnectionReached":false,"method":"POST","outputData":[],"outputSize":0,"parser":null,"path":"/api/v1/auth/login","protocol":"http:","res":{"_consuming":true,"_dumped":false,"_events":{"end":[null,null]},"_eventsCount":4,"_readableState":{"awaitDrainWriters":null,"buffer":[],"bufferIndex":0,"highWaterMark":16384,"length":0,"pipes":[]},"aborted":false,"client":{"_closeAfterHandlingError":false,"_events":{"close":"[Array]","error":"[Array]","timeout":"[Array]"},"_eventsCount":7,"_hadError":false,"_host":"localhost","_httpMessage":"[Circular]","_parent":null,"_pendingData":null,"_pendingEncoding":"","_readableState":{"awaitDrainWriters":null,"buffer":[],"bufferIndex":0,"highWaterMark":16384,"length":0,"pipes":[]},"_server":null,"_sockname":null,"_writableState":{"bufferedIndex":0,"corked":0,"highWaterMark":16384,"length":0,"pendingcb":1,"writelen":0},"allowHalfOpen":false,"autoSelectFamilyAttemptedAddresses":["::1:8081"],"connecting":false,"parser":null,"server":null,"timeout":60000},"complete":true,"httpVersion":"1.1","httpVersionMajor":1,"httpVersionMinor":1,"method":null,"rawHeaders":["X-Content-Type-Options","nosniff","X-XSS-Protection","0","Cache-Control","no-cache, no-store, max-age=0, must-revalidate","Pragma","no-cache","Expires","0","X-Frame-Options","DENY","Content-Type","application/problem+json","Transfer-Encoding","chunked","Date","Wed, 26 Aug 2026 19:18:16 GMT","Connection","close"],"rawTrailers":[],"redirects":[],"req":"[Circular]","responseUrl":"http://localhost:8081/api/v1/auth/login","socket":{"_closeAfterHandlingError":false,"_events":{"close":"[Array]","error":"[Array]","timeout":"[Array]"},"_eventsCount":7,"_hadError":false,"_host":"localhost","_httpMessage":"[Circular]","_parent":null,"_pendingData":null,"_pendingEncoding":"","_readableState":{"awaitDrainWriters":null,"buffer":[],"bufferIndex":0,"highWaterMark":16384,"length":0,"pipes":[]},"_server":null,"_sockname":null,"_writableState":{"bufferedIndex":0,"corked":0,"highWaterMark":16384,"length":0,"pendingcb":1,"writelen":0},"allowHalfOpen":false,"autoSelectFamilyAttemptedAddresses":["::1:8081"],"connecting":false,"parser":null,"server":null,"timeout":60000},"statusCode":400,"statusMessage":"","upgrade":false,"url":""},"reusedSocket":false,"sendDate":false,"shouldKeepAlive":false,"strictContentLength":false,"upgradeOrConnect":false,"useChunkedEncodingByDefault":true,"writable":true},"response":{"config":{"adapter":["xhr","http","fetch"],"allowAbsoluteUrls":true,"baseURL":"","data":"{\"email\":\"admin@gmail.com\",\"password\":\"admin\"}","env":{},"headers":{"Accept":"application/json","Accept-Encoding":"gzip, compress, deflate, br","Content-Length":"46","Content-Type":"application/json; charset=utf-8","User-Agent":"axios/1.17.0"},"maxBodyLength":-1,"maxContentLength":-1,"method":"post","timeout":60000,"transformRequest":[null],"transformResponse":[null],"transitional":{"advertiseZstdAcceptEncoding":false,"clarifyTimeoutError":false,"forcedJSONParsing":true,"legacyInterceptorReqResOrdering":true,"silentJSONParsing":true},"url":"http://localhost:8081/api/v1/auth/login","xsrfCookieName":"XSRF-TOKEN","xsrfHeaderName":"X-XSRF-TOKEN"},"data":{"detail":"Invalid email or password","errorCode":"BAD_REQUEST","instance":"/api/v1/auth/login","status":400,"title":"Bad request"},"headers":{"cache-control":"no-cache, no-store, max-age=0, must-revalidate","connection":"close","content-type":"application/problem+json","date":"Wed, 26 Aug 2026 19:18:16 GMT","expires":"0","pragma":"no-cache","transfer-encoding":"chunked","x-content-type-options":"nosniff","x-frame-options":"DENY","x-xss-protection":"0"},"request":{"_closed":false,"_contentLength":"46","_defaultKeepAlive":true,"_ended":true,"_events":{},"_eventsCount":7,"_hasBody":true,"_header":"POST /api/v1/auth/login HTTP/1.1\r\nAccept: application/json\r\nContent-Type: application/json; charset=utf-8\r\nUser-Agent: axios/1.17.0\r\nContent-Length: 46\r\nAccept-Encoding: gzip, compress, deflate, br\r\nHost: localhost:8081\r\nConnection: keep-alive\r\n\r\n","_headerSent":true,"_keepAliveTimeout":0,"_last":false,"_redirectable":{"_currentRequest":"[Circular]","_currentUrl":"http://localhost:8081/api/v1/auth/login","_ended":true,"_ending":true,"_events":{"socket":"[Array]"},"_eventsCount":4,"_headerFilter":{},"_options":{"agents":"[Object]","beforeRedirects":"[Object]","headers":"[Object]","hostname":"localhost","insecureHTTPParser":false,"maxBodyLength":null,"maxRedirects":21,"method":"POST","nativeProtocols":"[Object]","path":"/api/v1/auth/login","pathname":"/api/v1/auth/login","port":"8081","protocol":"http:","sensitiveHeaders":[]},"_redirectCount":0,"_redirects":[],"_requestBodyBuffers":[],"_requestBodyLength":46,"_timeout":null,"_writableState":{"bufferedIndex":0,"corked":0,"highWaterMark":16384,"length":0,"pendingcb":0,"writelen":0}},"_removedConnection":false,"_removedContLen":false,"_removedTE":false,"_trailer":"","aborted":false,"agent":{"_events":{},"_eventsCount":2,"defaultPort":80,"freeSockets":{},"keepAlive":true,"keepAliveMsecs":1000,"maxFreeSockets":256,"maxSockets":null,"maxTotalSockets":null,"options":{"keepAlive":true,"noDelay":true,"path":null,"scheduling":"lifo","timeout":5000},"protocol":"http:","requests":{},"scheduling":"lifo","sockets":{"localhost:8081:":"[Array]"},"totalSocketCount":1},"chunkedEncoding":false,"destroyed":false,"finished":true,"host":"localhost","insecureHTTPParser":false,"maxHeadersCount":null,"maxRequestsOnConnectionReached":false,"method":"POST","outputData":[],"outputSize":0,"parser":null,"path":"/api/v1/auth/login","protocol":"http:","res":{"_consuming":true,"_dumped":false,"_events":{"end":"[Array]"},"_eventsCount":4,"_readableState":{"awaitDrainWriters":null,"buffer":[],"bufferIndex":0,"highWaterMark":16384,"length":0,"pipes":[]},"aborted":false,"client":{"_closeAfterHandlingError":false,"_events":"[Object]","_eventsCount":7,"_hadError":false,"_host":"localhost","_httpMessage":"[Circular]","_parent":null,"_pendingData":null,"_pendingEncoding":"","_readableState":"[Object]","_server":null,"_sockname":null,"_writableState":"[Object]","allowHalfOpen":false,"autoSelectFamilyAttemptedAddresses":"[Array]","connecting":false,"parser":null,"server":null,"timeout":60000},"complete":true,"httpVersion":"1.1","httpVersionMajor":1,"httpVersionMinor":1,"method":null,"rawHeaders":["X-Content-Type-Options","nosniff","X-XSS-Protection","0","Cache-Control","no-cache, no-store, max-age=0, must-revalidate","Pragma","no-cache","Expires","0","X-Frame-Options","DENY","Content-Type","application/problem+json","Transfer-Encoding","chunked","Date","Wed, 26 Aug 2026 19:18:16 GMT","Connection","close"],"rawTrailers":[],"redirects":[],"req":"[Circular]","responseUrl":"http://localhost:8081/api/v1/auth/login","socket":{"_closeAfterHandlingError":false,"_events":"[Object]","_eventsCount":7,"_hadError":false,"_host":"localhost","_httpMessage":"[Circular]","_parent":null,"_pendingData":null,"_pendingEncoding":"","_readableState":"[Object]","_server":null,"_sockname":null,"_writableState":"[Object]","allowHalfOpen":false,"autoSelectFamilyAttemptedAddresses":"[Array]","connecting":false,"parser":null,"server":null,"timeout":60000},"statusCode":400,"statusMessage":"","upgrade":false,"url":""},"reusedSocket":false,"sendDate":false,"shouldKeepAlive":false,"strictContentLength":false,"upgradeOrConnect":false,"useChunkedEncodingByDefault":true,"writable":true},"status":400,"statusText":""},"stack":"AxiosError: Request failed with status code 400\n    at aM (D:\\software engineering\\templates\\frontend-template\\tailadmin-dashboard\\.next\\server\\chunks\\ssr\\_0_y-2h7._.js:4:28455)\n    at IncomingMessage.<anonymous> (D:\\software engineering\\templates\\frontend-template\\tailadmin-dashboard\\.next\\server\\chunks\\ssr\\_0_y-2h7._.js:6:17980)\n    at IncomingMessage.emit (node:events:530:35)\n    at endReadableNT (node:internal/streams/readable:1698:12)\n    at process.processTicksAndRejections (node:internal/process/task_queues:90:21)\n    at cd.request (D:\\software engineering\\templates\\frontend-template\\tailadmin-dashboard\\.next\\server\\chunks\\ssr\\_0_y-2h7._.js:6:33805)\n    at process.processTicksAndRejections (node:internal/process/task_queues:105:5)\n    at async y (D:\\software engineering\\templates\\frontend-template\\tailadmin-dashboard\\.next\\server\\chunks\\ssr\\[root-of-the-server]__1653add._.js:1:219707)\n    at async rF (D:\\software engineering\\templates\\frontend-template\\tailadmin-dashboard\\node_modules\\next\\dist\\compiled\\next-server\\app-page-turbo.runtime.prod.js:16:2271)\n    at async D:\\software engineering\\templates\\frontend-template\\tailadmin-dashboard\\node_modules\\next\\dist\\compiled\\next-server\\app-page-turbo.runtime.prod.js:16:671\n    at async rU (D:\\software engineering\\templates\\frontend-template\\tailadmin-dashboard\\node_modules\\next\\dist\\compiled\\next-server\\app-page-turbo.runtime.prod.js:14:14943)\n    at async lH (D:\\software engineering\\templates\\frontend-template\\tailadmin-dashboard\\node_modules\\next\\dist\\compiled\\next-server\\app-page-turbo.runtime.prod.js:51:28284)\n    at async o (D:\\software engineering\\templates\\frontend-template\\tailadmin-dashboard\\.next\\server\\chunks\\ssr\\node_modules_next_dist_esm_build_templates_app-page_1799gqc.js:1:11030)\n    at async uI.handleResponse (D:\\software engineering\\templates\\frontend-template\\tailadmin-dashboard\\node_modules\\next\\dist\\compiled\\next-server\\app-page-turbo.runtime.prod.js:53:38084)\n    at async q (D:\\software engineering\\templates\\frontend-template\\tailadmin-dashboard\\.next\\server\\chunks\\ssr\\node_modules_next_dist_esm_build_templates_app-page_1799gqc.js:2:4256)","status":400,"type":"ae"},"context":"signIn","email":"admin@gmail.com","msg":"API request failed"}
{"level":40,"time":1787771896643,"pid":19020,"hostname":"ELTECH","detail":"Invalid email or password","instance":"/api/v1/auth/login","status":400,"title":"Bad request","errorCode":"BAD_REQUEST","msg":"[Axios Error] [signIn]"}
{"level":30,"time":1787771903676,"pid":19020,"hostname":"ELTECH","msg":"Request to safe URL http://localhost:8081/api/v1/auth/login, skipping token interceptor"}
{"level":30,"time":1787771903946,"pid":19020,"hostname":"ELTECH","id":1,"email":"admin@gmail.com","msg":"User signed in"}
{"level":30,"time":1787771928276,"pid":19020,"hostname":"ELTECH","filters":{"page":1,"limit":10},"count":5,"msg":"Posts fetched"}
{"level":30,"time":1787771928268,"pid":19020,"hostname":"ELTECH","filters":{"page":1,"limit":5},"count":5,"msg":"Posts fetched"}
{"level":30,"time":1787771928339,"pid":19020,"hostname":"ELTECH","filters":{"limit":1000},"count":5,"msg":"Posts fetched"}
{"level":30,"time":1787771950316,"pid":19020,"hostname":"ELTECH","filters":{"limit":1000},"count":16,"msg":"Users fetched"}
{"level":30,"time":1787771976898,"pid":19020,"hostname":"ELTECH","id":6,"msg":"Post created"}
{"level":30,"time":1787771977599,"pid":19020,"hostname":"ELTECH","filters":{"limit":1000},"count":6,"msg":"Posts fetched"}
{"level":30,"time":1787771987307,"pid":19020,"hostname":"ELTECH","filters":{"page":1,"limit":10},"count":6,"msg":"Posts fetched"}
{"level":30,"time":1787771987390,"pid":19020,"hostname":"ELTECH","filters":{"page":1,"limit":5},"count":6,"msg":"Posts fetched"}
{"level":30,"time":1787772061296,"pid":19020,"hostname":"ELTECH","id":7,"msg":"Post created"}
{"level":30,"time":1787772063193,"pid":19020,"hostname":"ELTECH","filters":{"page":1,"limit":10},"count":7,"msg":"Posts fetched"}
{"level":30,"time":1787772063198,"pid":19020,"hostname":"ELTECH","filters":{"limit":1000},"count":7,"msg":"Posts fetched"}
{"level":30,"time":1787772063216,"pid":19020,"hostname":"ELTECH","filters":{"page":1,"limit":5},"count":7,"msg":"Posts fetched"}
{"level":30,"time":1787772063862,"pid":19020,"hostname":"ELTECH","filters":{"page":1,"limit":10},"count":7,"msg":"Posts fetched"}
{"level":30,"time":1787772064033,"pid":19020,"hostname":"ELTECH","filters":{"page":1,"limit":10},"count":7,"msg":"Posts fetched"}
{"level":30,"time":1787772075594,"pid":19020,"hostname":"ELTECH","id":7,"msg":"Post fetched"}
{"level":30,"time":1787772075678,"pid":19020,"hostname":"ELTECH","filters":{"limit":1000},"count":16,"msg":"Users fetched"}
{"level":30,"time":1787772082782,"pid":19020,"hostname":"ELTECH","id":7,"msg":"Post updated"}
{"level":30,"time":1787772083031,"pid":19020,"hostname":"ELTECH","filters":{"page":1,"limit":10},"count":7,"msg":"Posts fetched"}
{"level":30,"time":1787772083263,"pid":19020,"hostname":"ELTECH","id":7,"msg":"Post fetched"}
{"level":30,"time":1787772083962,"pid":19020,"hostname":"ELTECH","filters":{"page":1,"limit":5},"count":7,"msg":"Posts fetched"}
{"level":30,"time":1787772083994,"pid":19020,"hostname":"ELTECH","filters":{"limit":1000},"count":7,"msg":"Posts fetched"}
{"level":30,"time":1787772084879,"pid":19020,"hostname":"ELTECH","filters":{"page":1,"limit":10},"count":7,"msg":"Posts fetched"}
{"level":30,"time":1787772084888,"pid":19020,"hostname":"ELTECH","filters":{"page":1,"limit":10},"count":7,"msg":"Posts fetched"}
{"level":30,"time":1787772096133,"pid":19020,"hostname":"ELTECH","filters":{"page":2,"limit":10},"count":7,"msg":"Posts fetched"}
{"level":30,"time":1787772096171,"pid":19020,"hostname":"ELTECH","filters":{"page":2,"limit":5},"count":7,"msg":"Posts fetched"}
{"level":30,"time":1787772099531,"pid":19020,"hostname":"ELTECH","filters":{"page":1,"limit":10},"count":7,"msg":"Posts fetched"}
{"level":30,"time":1787772101093,"pid":19020,"hostname":"ELTECH","filters":{"page":2,"limit":10},"count":7,"msg":"Posts fetched"}
{"level":30,"time":1787772141239,"pid":19020,"hostname":"ELTECH","id":1,"msg":"Post fetched"}
{"level":30,"time":1787772141396,"pid":19020,"hostname":"ELTECH","filters":{"limit":1000},"count":16,"msg":"Users fetched"}
{"level":30,"time":1787772208412,"pid":19020,"hostname":"ELTECH","filters":{"limit":1000},"count":16,"msg":"Users fetched"}
{"level":30,"time":1787772239742,"pid":19020,"hostname":"ELTECH","id":6,"content":"tests","msg":"Comment created successfully"}
{"level":30,"time":1787772240732,"pid":19020,"hostname":"ELTECH","filters":{"page":2,"limit":10},"count":7,"msg":"Posts fetched"}
{"level":30,"time":1787772258549,"pid":19020,"hostname":"ELTECH","id":1,"content":"Excellent article monsieur !","msg":"Comment updated successfully"}
{"level":30,"time":1787772259710,"pid":19020,"hostname":"ELTECH","filters":{"page":2,"limit":10},"count":7,"msg":"Posts fetched"}
{"level":30,"time":1787772294454,"pid":19020,"hostname":"ELTECH","filters":{"limit":1000},"count":16,"msg":"Users fetched"}
{"level":30,"time":1787772294638,"pid":19020,"hostname":"ELTECH","filters":{"limit":1000},"count":7,"msg":"Posts fetched"}
{"level":30,"time":1787772321130,"pid":19020,"hostname":"ELTECH","id":7,"content":"messgae 20","msg":"Comment created successfully"}
{"level":30,"time":1787772339490,"pid":19020,"hostname":"ELTECH","filters":{"page":1,"limit":10},"count":7,"msg":"Posts fetched"}
{"level":30,"time":1787772339572,"pid":19020,"hostname":"ELTECH","filters":{"page":1,"limit":5},"count":7,"msg":"Posts fetched"}
{"level":30,"time":1787772345674,"pid":19020,"hostname":"ELTECH","id":7,"msg":"Post fetched"}
{"level":30,"time":1787772365226,"pid":19020,"hostname":"ELTECH","filters":{"limit":1000},"count":16,"msg":"Users fetched"}
{"level":30,"time":1787772365289,"pid":19020,"hostname":"ELTECH","filters":{"limit":1000},"count":7,"msg":"Posts fetched"}
{"level":30,"time":1787772410031,"pid":19020,"hostname":"ELTECH","filters":{"page":1,"limit":10},"count":7,"msg":"Posts fetched"}
{"level":30,"time":1787772410104,"pid":19020,"hostname":"ELTECH","filters":{"page":1,"limit":5},"count":7,"msg":"Posts fetched"}
{"level":30,"time":1787772439772,"pid":19020,"hostname":"ELTECH","filters":{"page":1,"limit":10},"count":7,"msg":"Posts fetched"}
{"level":30,"time":1787772439854,"pid":19020,"hostname":"ELTECH","filters":{"limit":1000},"count":7,"msg":"Posts fetched"}
{"level":30,"time":1787772442842,"pid":19020,"hostname":"ELTECH","id":7,"msg":"Post fetched"}
{"level":30,"time":1787772471153,"pid":19020,"hostname":"ELTECH","id":6,"msg":"Post fetched"}
{"level":30,"time":1787772574112,"pid":19020,"hostname":"ELTECH","id":7,"msg":"Post fetched"}
{"level":30,"time":1787772574178,"pid":19020,"hostname":"ELTECH","filters":{"page":1,"limit":5},"count":7,"msg":"Posts fetched"}
{"level":30,"time":1787772574188,"pid":19020,"hostname":"ELTECH","filters":{"limit":1000},"count":7,"msg":"Posts fetched"}
{"level":30,"time":1787772642370,"pid":19020,"hostname":"ELTECH","filters":{"limit":1000},"count":16,"msg":"Users fetched"}
{"level":30,"time":1787772642419,"pid":19020,"hostname":"ELTECH","filters":{"limit":1000},"count":7,"msg":"Posts fetched"}
{"level":30,"time":1787772651720,"pid":19020,"hostname":"ELTECH","filters":{"page":1,"limit":10},"count":7,"msg":"Posts fetched"}
{"level":30,"time":1787772651866,"pid":19020,"hostname":"ELTECH","filters":{"page":1,"limit":5},"count":7,"msg":"Posts fetched"}
{"level":30,"time":1787772654072,"pid":19020,"hostname":"ELTECH","id":7,"msg":"Post fetched"}
{"level":30,"time":1787772700476,"pid":19020,"hostname":"ELTECH","filters":{"page":1,"limit":10},"count":7,"msg":"Posts fetched"}
{"level":30,"time":1787772793996,"pid":19020,"hostname":"ELTECH","filters":{"limit":1000},"count":16,"msg":"Users fetched"}
{"level":30,"time":1787772794134,"pid":19020,"hostname":"ELTECH","filters":{"limit":1000},"count":7,"msg":"Posts fetched"}
{"level":30,"time":1787772875484,"pid":19020,"hostname":"ELTECH","filters":{"limit":1000},"count":16,"msg":"Users fetched"}
{"level":30,"time":1787772875518,"pid":19020,"hostname":"ELTECH","filters":{"limit":1000},"count":7,"msg":"Posts fetched"}
{"level":30,"time":1787772904100,"pid":19020,"hostname":"ELTECH","filters":{"page":1,"limit":10},"count":16,"msg":"Users fetched"}
{"level":30,"time":1787772904126,"pid":19020,"hostname":"ELTECH","filters":{"page":1,"limit":5},"count":16,"msg":"Users fetched"}
{"level":30,"time":1787772935847,"pid":19020,"hostname":"ELTECH","id":16,"msg":"User fetched"}
{"level":30,"time":1787772948750,"pid":19020,"hostname":"ELTECH","addressId":22,"msg":"Address fetched"}
{"level":30,"time":1787772956934,"pid":19020,"hostname":"ELTECH","addressId":22,"msg":"Address updated"}
{"level":30,"time":1787772957766,"pid":19020,"hostname":"ELTECH","filters":{"page":1,"limit":10},"count":16,"msg":"Users fetched"}
{"level":30,"time":1787772958250,"pid":19020,"hostname":"ELTECH","addressId":22,"msg":"Address fetched"}
{"level":30,"time":1787772958839,"pid":19020,"hostname":"ELTECH","filters":{"limit":1000},"count":16,"msg":"Users fetched"}
{"level":30,"time":1787772958848,"pid":19020,"hostname":"ELTECH","filters":{"page":1,"limit":5},"count":16,"msg":"Users fetched"}
{"level":30,"time":1787772959131,"pid":19020,"hostname":"ELTECH","id":16,"msg":"User fetched"}
{"level":30,"time":1787772959150,"pid":19020,"hostname":"ELTECH","addressId":22,"msg":"Address updated"}
{"level":30,"time":1787772959831,"pid":19020,"hostname":"ELTECH","filters":{"page":1,"limit":10},"count":16,"msg":"Users fetched"}
{"level":30,"time":1787772959823,"pid":19020,"hostname":"ELTECH","addressId":22,"msg":"Address fetched"}
{"level":30,"time":1787772959850,"pid":19020,"hostname":"ELTECH","filters":{"limit":1000},"count":16,"msg":"Users fetched"}
{"level":30,"time":1787772960318,"pid":19020,"hostname":"ELTECH","filters":{"page":1,"limit":5},"count":16,"msg":"Users fetched"}
{"level":30,"time":1787772960436,"pid":19020,"hostname":"ELTECH","id":16,"msg":"User fetched"}
{"level":30,"time":1787772960549,"pid":19020,"hostname":"ELTECH","filters":{"page":1,"limit":10},"count":16,"msg":"Users fetched"}
{"level":30,"time":1787772960684,"pid":19020,"hostname":"ELTECH","filters":{"limit":1000},"count":16,"msg":"Users fetched"}
{"level":30,"time":1787772960940,"pid":19020,"hostname":"ELTECH","filters":{"page":1,"limit":5},"count":16,"msg":"Users fetched"}
{"level":30,"time":1787772961079,"pid":19020,"hostname":"ELTECH","id":16,"msg":"User fetched"}
{"level":30,"time":1787772961827,"pid":19020,"hostname":"ELTECH","filters":{"limit":1000},"count":16,"msg":"Users fetched"}
{"level":30,"time":1787772961851,"pid":19020,"hostname":"ELTECH","filters":{"page":1,"limit":10},"count":16,"msg":"Users fetched"}
{"level":30,"time":1787772961870,"pid":19020,"hostname":"ELTECH","filters":{"page":1,"limit":5},"count":16,"msg":"Users fetched"}
{"level":30,"time":1787772961949,"pid":19020,"hostname":"ELTECH","id":16,"msg":"User fetched"}
{"level":30,"time":1787772968877,"pid":19020,"hostname":"ELTECH","userId":16,"addressId":23,"msg":"Address created"}
{"level":30,"time":1787772969843,"pid":19020,"hostname":"ELTECH","filters":{"page":1,"limit":10},"count":16,"msg":"Users fetched"}
{"level":30,"time":1787772969950,"pid":19020,"hostname":"ELTECH","userId":16,"addressId":24,"msg":"Address created"}
{"level":30,"time":1787772970009,"pid":19020,"hostname":"ELTECH","filters":{"limit":1000},"count":16,"msg":"Users fetched"}
{"level":30,"time":1787772970742,"pid":19020,"hostname":"ELTECH","filters":{"page":1,"limit":10},"count":16,"msg":"Users fetched"}
{"level":30,"time":1787772970744,"pid":19020,"hostname":"ELTECH","id":16,"msg":"User fetched"}
{"level":30,"time":1787772970748,"pid":19020,"hostname":"ELTECH","filters":{"page":1,"limit":5},"count":16,"msg":"Users fetched"}
{"level":30,"time":1787772971312,"pid":19020,"hostname":"ELTECH","filters":{"limit":1000},"count":16,"msg":"Users fetched"}
{"level":30,"time":1787772971739,"pid":19020,"hostname":"ELTECH","filters":{"page":1,"limit":5},"count":16,"msg":"Users fetched"}
{"level":30,"time":1787772971742,"pid":19020,"hostname":"ELTECH","id":16,"msg":"User fetched"}
{"level":30,"time":1787772971818,"pid":19020,"hostname":"ELTECH","filters":{"page":1,"limit":10},"count":16,"msg":"Users fetched"}
{"level":30,"time":1787772971824,"pid":19020,"hostname":"ELTECH","filters":{"limit":1000},"count":16,"msg":"Users fetched"}
{"level":30,"time":1787772972221,"pid":19020,"hostname":"ELTECH","id":16,"msg":"User fetched"}
{"level":30,"time":1787772972246,"pid":19020,"hostname":"ELTECH","filters":{"page":1,"limit":5},"count":16,"msg":"Users fetched"}
{"level":30,"time":1787772973183,"pid":19020,"hostname":"ELTECH","filters":{"page":1,"limit":10},"count":16,"msg":"Users fetched"}
{"level":30,"time":1787772973513,"pid":19020,"hostname":"ELTECH","filters":{"limit":1000},"count":16,"msg":"Users fetched"}
{"level":30,"time":1787772973615,"pid":19020,"hostname":"ELTECH","id":16,"msg":"User fetched"}
{"level":30,"time":1787772973918,"pid":19020,"hostname":"ELTECH","filters":{"page":1,"limit":5},"count":16,"msg":"Users fetched"}
{"level":30,"time":1787772976489,"pid":19020,"hostname":"ELTECH","userId":16,"addressId":24,"msg":"Address deleted"}
{"level":30,"time":1787772976961,"pid":19020,"hostname":"ELTECH","filters":{"page":1,"limit":10},"count":16,"msg":"Users fetched"}
{"level":30,"time":1787772977092,"pid":19020,"hostname":"ELTECH","filters":{"limit":1000},"count":16,"msg":"Users fetched"}
{"level":30,"time":1787772977100,"pid":19020,"hostname":"ELTECH","filters":{"page":1,"limit":5},"count":16,"msg":"Users fetched"}
{"level":30,"time":1787772977135,"pid":19020,"hostname":"ELTECH","id":16,"msg":"User fetched"}
{"level":30,"time":1787772978699,"pid":19020,"hostname":"ELTECH","filters":{"limit":1000},"count":16,"msg":"Users fetched"}
{"level":30,"time":1787772978738,"pid":19020,"hostname":"ELTECH","filters":{"page":1,"limit":5},"count":16,"msg":"Users fetched"}
{"level":30,"time":1787772978772,"pid":19020,"hostname":"ELTECH","id":16,"msg":"User fetched"}
{"level":30,"time":1787772992656,"pid":19020,"hostname":"ELTECH","filters":{"limit":1000},"count":7,"msg":"Posts fetched"}
{"level":30,"time":1787773002873,"pid":19020,"hostname":"ELTECH","filters":{"page":1,"limit":10},"count":16,"msg":"Users fetched"}
{"level":30,"time":1787773091296,"pid":19020,"hostname":"ELTECH","filters":{"page":1,"limit":10},"count":7,"msg":"Posts fetched"}
{"level":30,"time":1787773091474,"pid":19020,"hostname":"ELTECH","filters":{"page":1,"limit":5},"count":7,"msg":"Posts fetched"}
{"level":30,"time":1787773091524,"pid":19020,"hostname":"ELTECH","filters":{"limit":1000},"count":7,"msg":"Posts fetched"}
{"level":30,"time":1787773107859,"pid":19020,"hostname":"ELTECH","filters":{"page":1,"limit":10},"count":7,"msg":"Posts fetched"}
{"level":30,"time":1787773116875,"pid":19020,"hostname":"ELTECH","id":7,"msg":"Post fetched"}
{"level":30,"time":1787773154152,"pid":19020,"hostname":"ELTECH","filters":{"limit":1000},"count":16,"msg":"Users fetched"}
{"level":30,"time":1787773154258,"pid":19020,"hostname":"ELTECH","filters":{"limit":1000},"count":7,"msg":"Posts fetched"}
{"level":30,"time":1787773201037,"pid":19020,"hostname":"ELTECH","filters":{"page":1,"limit":10},"count":7,"msg":"Posts fetched"}
{"level":30,"time":1787773201228,"pid":19020,"hostname":"ELTECH","filters":{"page":1,"limit":5},"count":7,"msg":"Posts fetched"}
{"level":30,"time":1787773208899,"pid":19020,"hostname":"ELTECH","id":7,"msg":"Post fetched"}
{"level":30,"time":1787773247552,"pid":19020,"hostname":"ELTECH","filters":{"limit":1000},"count":16,"msg":"Users fetched"}
{"level":30,"time":1787773321738,"pid":19020,"hostname":"ELTECH","id":7,"msg":"Post fetched"}
{"level":30,"time":1787773321989,"pid":19020,"hostname":"ELTECH","filters":{"page":1,"limit":5},"count":7,"msg":"Posts fetched"}
{"level":30,"time":1787773322503,"pid":19020,"hostname":"ELTECH","filters":{"limit":1000},"count":7,"msg":"Posts fetched"}
{"level":30,"time":1787773401906,"pid":19020,"hostname":"ELTECH","id":7,"msg":"Post fetched"}
{"level":30,"time":1787773403936,"pid":19020,"hostname":"ELTECH","filters":{"limit":1000},"count":16,"msg":"Users fetched"}
{"level":30,"time":1787773466283,"pid":19020,"hostname":"ELTECH","id":7,"msg":"Post fetched"}
{"level":30,"time":1787773476146,"pid":19020,"hostname":"ELTECH","filters":{"limit":1000},"count":16,"msg":"Users fetched"}
{"level":30,"time":1787773476238,"pid":19020,"hostname":"ELTECH","filters":{"limit":1000},"count":7,"msg":"Posts fetched"}
{"level":30,"time":1787773509623,"pid":19020,"hostname":"ELTECH","filters":{"page":1,"limit":10},"count":7,"msg":"Posts fetched"}
{"level":30,"time":1787773509721,"pid":19020,"hostname":"ELTECH","filters":{"page":1,"limit":5},"count":7,"msg":"Posts fetched"}
{"level":30,"time":1787773521833,"pid":19020,"hostname":"ELTECH","filters":{"page":1,"limit":10},"count":7,"msg":"Posts fetched"}
{"level":30,"time":1787773594563,"pid":19020,"hostname":"ELTECH","filters":{"limit":1000},"count":16,"msg":"Users fetched"}
{"level":30,"time":1787773594668,"pid":19020,"hostname":"ELTECH","filters":{"limit":1000},"count":7,"msg":"Posts fetched"}
{"level":30,"time":1787773670087,"pid":19020,"hostname":"ELTECH","filters":{"page":1,"limit":10},"count":7,"msg":"Posts fetched"}
{"level":30,"time":1787773670343,"pid":19020,"hostname":"ELTECH","filters":{"page":1,"limit":5},"count":7,"msg":"Posts fetched"}
{"level":30,"time":1787773670462,"pid":19020,"hostname":"ELTECH","filters":{"limit":1000},"count":7,"msg":"Posts fetched"}
{"level":30,"time":1787773677031,"pid":19020,"hostname":"ELTECH","id":7,"msg":"Post fetched"}
{"level":30,"time":1787773688870,"pid":19020,"hostname":"ELTECH","filters":{"limit":1000},"count":16,"msg":"Users fetched"}
{"level":30,"time":1787773802145,"pid":19020,"hostname":"ELTECH","filters":{"page":1,"limit":10},"count":16,"msg":"Users fetched"}
{"level":30,"time":1787773802157,"pid":19020,"hostname":"ELTECH","filters":{"page":1,"limit":5},"count":16,"msg":"Users fetched"}
{"level":30,"time":1787773802260,"pid":19020,"hostname":"ELTECH","filters":{"limit":1000},"count":16,"msg":"Users fetched"}
{"level":30,"time":1787773806881,"pid":19020,"hostname":"ELTECH","filters":{"limit":1000},"count":7,"msg":"Posts fetched"}
{"level":30,"time":1787773810575,"pid":19020,"hostname":"ELTECH","filters":{"page":1,"limit":10},"count":16,"msg":"Users fetched"}
{"level":30,"time":1787773815311,"pid":19020,"hostname":"ELTECH","id":16,"msg":"User fetched"}
{"level":30,"time":1787773851722,"pid":19020,"hostname":"ELTECH","filters":{"page":1,"limit":10},"count":7,"msg":"Posts fetched"}
{"level":30,"time":1787773851898,"pid":19020,"hostname":"ELTECH","filters":{"page":1,"limit":5},"count":7,"msg":"Posts fetched"}
{"level":30,"time":1787773854873,"pid":19020,"hostname":"ELTECH","filters":{"page":1,"limit":10},"count":16,"msg":"Users fetched"}
{"level":30,"time":1787773889841,"pid":19020,"hostname":"ELTECH","filters":{"page":1,"limit":10},"count":7,"msg":"Posts fetched"}
{"level":30,"time":1787773890083,"pid":19020,"hostname":"ELTECH","filters":{"limit":1000},"count":7,"msg":"Posts fetched"}
{"level":30,"time":1787773891714,"pid":19020,"hostname":"ELTECH","id":7,"msg":"Post fetched"}
{"level":30,"time":1787773906603,"pid":19020,"hostname":"ELTECH","filters":{"page":1,"limit":10},"count":16,"msg":"Users fetched"}
{"level":30,"time":1787773906747,"pid":19020,"hostname":"ELTECH","filters":{"page":1,"limit":5},"count":16,"msg":"Users fetched"}
{"level":30,"time":1787773906774,"pid":19020,"hostname":"ELTECH","filters":{"limit":1000},"count":16,"msg":"Users fetched"}
{"level":30,"time":1787773909423,"pid":19020,"hostname":"ELTECH","id":16,"msg":"User fetched"}
{"level":30,"time":1787773956858,"pid":19020,"hostname":"ELTECH","filters":{"page":1,"limit":10},"count":7,"msg":"Posts fetched"}
{"level":30,"time":1787773956962,"pid":19020,"hostname":"ELTECH","filters":{"page":1,"limit":5},"count":7,"msg":"Posts fetched"}
{"level":30,"time":1787773956975,"pid":19020,"hostname":"ELTECH","filters":{"limit":1000},"count":7,"msg":"Posts fetched"}
{"level":30,"time":1787773963482,"pid":19020,"hostname":"ELTECH","id":7,"msg":"Post fetched"}
{"level":30,"time":1787773982808,"pid":19020,"hostname":"ELTECH","filters":{"limit":1000},"count":16,"msg":"Users fetched"}
{"level":30,"time":1787773984253,"pid":19020,"hostname":"ELTECH","filters":{"page":1,"limit":10},"count":7,"msg":"Posts fetched"}
{"level":30,"time":1787774024714,"pid":19020,"hostname":"ELTECH","filters":{"limit":1000},"count":7,"msg":"Posts fetched"}
{"level":30,"time":1787774261070,"pid":19020,"hostname":"ELTECH","filters":{"limit":1000},"count":16,"msg":"Users fetched"}
{"level":30,"time":1787774261099,"pid":19020,"hostname":"ELTECH","filters":{"limit":1000},"count":7,"msg":"Posts fetched"}
{"level":30,"time":1787935386386,"pid":25140,"hostname":"ELTECH","msg":"Request to safe URL http://localhost:8081/api/v1/auth/login, skipping token interceptor"}
{"level":30,"time":1787935387383,"pid":25140,"hostname":"ELTECH","id":2,"email":"visitor@gmail.com","msg":"User signed in"}
{"level":30,"time":1787935403869,"pid":25140,"hostname":"ELTECH","filters":{"page":1,"limit":10},"count":16,"msg":"Users fetched"}
{"level":30,"time":1787935404097,"pid":25140,"hostname":"ELTECH","filters":{"page":1,"limit":5},"count":16,"msg":"Users fetched"}
{"level":30,"time":1787935404190,"pid":25140,"hostname":"ELTECH","filters":{"limit":1000},"count":16,"msg":"Users fetched"}
{"level":30,"time":1787935407311,"pid":25140,"hostname":"ELTECH","filters":{"page":1,"limit":10},"count":5,"msg":"Posts fetched"}
{"level":30,"time":1787935407366,"pid":25140,"hostname":"ELTECH","filters":{"page":1,"limit":5},"count":5,"msg":"Posts fetched"}
{"level":30,"time":1787935407426,"pid":25140,"hostname":"ELTECH","filters":{"limit":1000},"count":5,"msg":"Posts fetched"}
{"level":30,"time":1787935417762,"pid":25140,"hostname":"ELTECH","filters":{"page":1,"limit":10},"count":5,"msg":"Posts fetched"}
{"level":30,"time":1787935425432,"pid":25140,"hostname":"ELTECH","filters":{"page":1,"limit":10},"count":16,"msg":"Users fetched"}
{"level":30,"time":1787935427110,"pid":25140,"hostname":"ELTECH","filters":{"page":2,"limit":10},"count":16,"msg":"Users fetched"}
{"level":30,"time":1787935427127,"pid":25140,"hostname":"ELTECH","filters":{"page":2,"limit":5},"count":16,"msg":"Users fetched"}
{"level":30,"time":1787935428223,"pid":25140,"hostname":"ELTECH","filters":{"page":3,"limit":10},"count":16,"msg":"Users fetched"}
{"level":30,"time":1787935428236,"pid":25140,"hostname":"ELTECH","filters":{"page":3,"limit":5},"count":16,"msg":"Users fetched"}
{"level":30,"time":1787935477301,"pid":25140,"hostname":"ELTECH","filters":{"page":1,"limit":10},"count":5,"msg":"Posts fetched"}
{"level":30,"time":1787935477376,"pid":25140,"hostname":"ELTECH","filters":{"page":1,"limit":5},"count":5,"msg":"Posts fetched"}
{"level":30,"time":1787935477388,"pid":25140,"hostname":"ELTECH","filters":{"limit":1000},"count":5,"msg":"Posts fetched"}
{"level":30,"time":1787935484020,"pid":25140,"hostname":"ELTECH","id":1,"msg":"Post fetched"}
{"level":30,"time":1787935529080,"pid":25140,"hostname":"ELTECH","filters":{"limit":1000},"count":16,"msg":"Users fetched"}
{"level":30,"time":1787935629572,"pid":25140,"hostname":"ELTECH","filters":{"page":1,"limit":10},"count":16,"msg":"Users fetched"}
{"level":30,"time":1787935629676,"pid":25140,"hostname":"ELTECH","filters":{"page":1,"limit":5},"count":16,"msg":"Users fetched"}
{"level":30,"time":1787935629690,"pid":25140,"hostname":"ELTECH","filters":{"limit":1000},"count":16,"msg":"Users fetched"}
{"level":30,"time":1787935687434,"pid":25140,"hostname":"ELTECH","id":16,"msg":"User fetched"}
{"level":30,"time":1787935804753,"pid":25140,"hostname":"ELTECH","id":16,"msg":"User fetched"}
{"level":30,"time":1787936761908,"pid":7520,"hostname":"ELTECH","filters":{"limit":1000},"count":5,"msg":"Posts fetched"}
{"level":30,"time":1787937553612,"pid":7520,"hostname":"ELTECH","filters":{"limit":1000},"count":16,"msg":"Users fetched"}
{"level":30,"time":1787937553639,"pid":7520,"hostname":"ELTECH","filters":{"page":1,"limit":5},"count":16,"msg":"Users fetched"}
{"level":30,"time":1787937607367,"pid":7520,"hostname":"ELTECH","filters":{"page":2,"limit":10},"count":16,"msg":"Users fetched"}
{"level":30,"time":1787937607961,"pid":7520,"hostname":"ELTECH","filters":{"page":2,"limit":10},"count":16,"msg":"Users fetched"}
{"level":30,"time":1787937608069,"pid":7520,"hostname":"ELTECH","filters":{"page":2,"limit":10},"count":16,"msg":"Users fetched"}
{"level":30,"time":1787937612117,"pid":7520,"hostname":"ELTECH","filters":{"page":2,"limit":5},"count":16,"msg":"Users fetched"}
{"level":30,"time":1787937612481,"pid":7520,"hostname":"ELTECH","filters":{"limit":1000},"count":16,"msg":"Users fetched"}
{"level":30,"time":1787937621225,"pid":7520,"hostname":"ELTECH","filters":{"page":2,"limit":10},"count":16,"msg":"Users fetched"}
{"level":30,"time":1787937783743,"pid":7520,"hostname":"ELTECH","filters":{"page":2,"limit":10},"count":16,"msg":"Users fetched"}
{"level":30,"time":1787937859665,"pid":7520,"hostname":"ELTECH","filters":{"limit":1000},"count":16,"msg":"Users fetched"}
{"level":30,"time":1787937859679,"pid":7520,"hostname":"ELTECH","filters":{"page":2,"limit":5},"count":16,"msg":"Users fetched"}
{"level":30,"time":1787937987823,"pid":7520,"hostname":"ELTECH","filters":{"page":2,"limit":10},"count":16,"msg":"Users fetched"}
{"level":30,"time":1787938004428,"pid":7520,"hostname":"ELTECH","filters":{"page":2,"limit":10},"count":16,"msg":"Users fetched"}
{"level":30,"time":1787938007436,"pid":7520,"hostname":"ELTECH","filters":{"page":2,"limit":10},"count":16,"msg":"Users fetched"}
{"level":30,"time":1787938009925,"pid":7520,"hostname":"ELTECH","filters":{"page":2,"limit":10},"count":16,"msg":"Users fetched"}
{"level":30,"time":1787938015985,"pid":7520,"hostname":"ELTECH","filters":{"page":2,"limit":10},"count":16,"msg":"Users fetched"}
{"level":30,"time":1787938048428,"pid":7520,"hostname":"ELTECH","filters":{"page":2,"limit":5},"count":16,"msg":"Users fetched"}
{"level":30,"time":1787938048472,"pid":7520,"hostname":"ELTECH","filters":{"limit":1000},"count":16,"msg":"Users fetched"}
{"level":30,"time":1787938055699,"pid":7520,"hostname":"ELTECH","id":11,"msg":"User fetched"}
{"level":30,"time":1787938058267,"pid":7520,"hostname":"ELTECH","filters":{"page":2,"limit":10},"count":16,"msg":"Users fetched"}
{"level":50,"time":1787938065061,"pid":7520,"hostname":"ELTECH","error":"Request failed with status code 500","detail":"An unexpected error occurred","instance":"/api/v1/addresses/user/11","status":500,"title":"Internal server error","errorCode":"INTERNAL_ERROR","msg":"API error"}
{"level":50,"time":1787938065066,"pid":7520,"hostname":"ELTECH","err":{"code":"ERR_BAD_RESPONSE","config":{"adapter":["xhr","http","fetch"],"allowAbsoluteUrls":true,"baseURL":"","env":{},"headers":{"Accept":"application/json","Accept-Encoding":"gzip, compress, deflate, br","Content-Type":"application/json; charset=utf-8","User-Agent":"axios/1.17.0"},"maxBodyLength":-1,"maxContentLength":-1,"method":"get","timeout":60000,"transformRequest":[null],"transformResponse":[null],"transitional":{"advertiseZstdAcceptEncoding":false,"clarifyTimeoutError":false,"forcedJSONParsing":true,"legacyInterceptorReqResOrdering":true,"silentJSONParsing":true},"url":"http://localhost:8081/api/v1/addresses/user/11?page=2&limit=5","xsrfCookieName":"XSRF-TOKEN","xsrfHeaderName":"X-XSRF-TOKEN"},"isAxiosError":true,"message":"Request failed with status code 500","name":"AxiosError","request":{"_closed":false,"_contentLength":0,"_defaultKeepAlive":true,"_ended":true,"_events":{},"_eventsCount":7,"_hasBody":true,"_header":"GET /api/v1/addresses/user/11?page=2&limit=5 HTTP/1.1\r\nAccept: application/json\r\nContent-Type: application/json; charset=utf-8\r\nUser-Agent: axios/1.17.0\r\nAccept-Encoding: gzip, compress, deflate, br\r\nHost: localhost:8081\r\nConnection: keep-alive\r\n\r\n","_headerSent":true,"_keepAliveTimeout":0,"_last":true,"_redirectable":{"_currentRequest":"[Circular]","_currentUrl":"http://localhost:8081/api/v1/addresses/user/11?page=2&limit=5","_ended":true,"_ending":true,"_events":{"socket":[null,null]},"_eventsCount":4,"_headerFilter":{},"_options":{"agents":{},"beforeRedirects":{},"headers":{"Accept":"application/json","Accept-Encoding":"gzip, compress, deflate, br","Content-Type":"application/json; charset=utf-8","User-Agent":"axios/1.17.0"},"hostname":"localhost","insecureHTTPParser":false,"maxBodyLength":null,"maxRedirects":21,"method":"GET","nativeProtocols":{"http:":"[Object]","https:":"[Object]"},"path":"/api/v1/addresses/user/11?page=2&limit=5","pathname":"/api/v1/addresses/user/11","port":"8081","protocol":"http:","search":"?page=2&limit=5","sensitiveHeaders":[]},"_redirectCount":0,"_redirects":[],"_requestBodyBuffers":[],"_requestBodyLength":0,"_timeout":null,"_writableState":{"bufferedIndex":0,"corked":0,"highWaterMark":16384,"length":0,"pendingcb":0,"writelen":0}},"_removedConnection":false,"_removedContLen":false,"_removedTE":false,"_trailer":"","aborted":false,"agent":{"_events":{},"_eventsCount":2,"defaultPort":80,"freeSockets":{},"keepAlive":true,"keepAliveMsecs":1000,"maxFreeSockets":256,"maxSockets":null,"maxTotalSockets":null,"options":{"keepAlive":true,"noDelay":true,"path":null,"scheduling":"lifo","timeout":5000},"protocol":"http:","requests":{},"scheduling":"lifo","sockets":{"localhost:8081:":["[Object]"]},"totalSocketCount":1},"chunkedEncoding":false,"destroyed":false,"finished":true,"host":"localhost","insecureHTTPParser":false,"maxHeadersCount":null,"maxRequestsOnConnectionReached":false,"method":"GET","outputData":[],"outputSize":0,"parser":null,"path":"/api/v1/addresses/user/11?page=2&limit=5","protocol":"http:","res":{"_consuming":true,"_dumped":false,"_events":{"end":[null,null]},"_eventsCount":4,"_readableState":{"awaitDrainWriters":null,"buffer":[],"bufferIndex":0,"highWaterMark":16384,"length":0,"pipes":[]},"aborted":false,"client":{"_closeAfterHandlingError":false,"_events":{"close":"[Array]","error":"[Array]","timeout":"[Array]"},"_eventsCount":7,"_hadError":false,"_host":"localhost","_httpMessage":"[Circular]","_parent":null,"_pendingData":null,"_pendingEncoding":"","_readableState":{"awaitDrainWriters":null,"buffer":[],"bufferIndex":0,"highWaterMark":16384,"length":0,"pipes":[]},"_server":null,"_sockname":null,"_writableState":{"bufferedIndex":0,"corked":0,"highWaterMark":16384,"length":0,"pendingcb":1,"writelen":0},"allowHalfOpen":false,"autoSelectFamilyAttemptedAddresses":["::1:8081"],"connecting":false,"parser":null,"server":null,"timeout":60000},"complete":true,"httpVersion":"1.1","httpVersionMajor":1,"httpVersionMinor":1,"method":null,"rawHeaders":["X-Content-Type-Options","nosniff","X-XSS-Protection","0","Cache-Control","no-cache, no-store, max-age=0, must-revalidate","Pragma","no-cache","Expires","0","X-Frame-Options","DENY","Content-Type","application/problem+json","Transfer-Encoding","chunked","Date","Fri, 28 Aug 2026 17:27:45 GMT","Connection","close"],"rawTrailers":[],"redirects":[],"req":"[Circular]","responseUrl":"http://localhost:8081/api/v1/addresses/user/11?page=2&limit=5","socket":{"_closeAfterHandlingError":false,"_events":{"close":"[Array]","error":"[Array]","timeout":"[Array]"},"_eventsCount":7,"_hadError":false,"_host":"localhost","_httpMessage":"[Circular]","_parent":null,"_pendingData":null,"_pendingEncoding":"","_readableState":{"awaitDrainWriters":null,"buffer":[],"bufferIndex":0,"highWaterMark":16384,"length":0,"pipes":[]},"_server":null,"_sockname":null,"_writableState":{"bufferedIndex":0,"corked":0,"highWaterMark":16384,"length":0,"pendingcb":1,"writelen":0},"allowHalfOpen":false,"autoSelectFamilyAttemptedAddresses":["::1:8081"],"connecting":false,"parser":null,"server":null,"timeout":60000},"statusCode":500,"statusMessage":"","upgrade":false,"url":""},"reusedSocket":false,"sendDate":false,"shouldKeepAlive":false,"strictContentLength":false,"upgradeOrConnect":false,"useChunkedEncodingByDefault":false,"writable":true},"response":{"config":{"adapter":["xhr","http","fetch"],"allowAbsoluteUrls":true,"baseURL":"","env":{},"headers":{"Accept":"application/json","Accept-Encoding":"gzip, compress, deflate, br","Content-Type":"application/json; charset=utf-8","User-Agent":"axios/1.17.0"},"maxBodyLength":-1,"maxContentLength":-1,"method":"get","timeout":60000,"transformRequest":[null],"transformResponse":[null],"transitional":{"advertiseZstdAcceptEncoding":false,"clarifyTimeoutError":false,"forcedJSONParsing":true,"legacyInterceptorReqResOrdering":true,"silentJSONParsing":true},"url":"http://localhost:8081/api/v1/addresses/user/11?page=2&limit=5","xsrfCookieName":"XSRF-TOKEN","xsrfHeaderName":"X-XSRF-TOKEN"},"data":{"detail":"An unexpected error occurred","errorCode":"INTERNAL_ERROR","instance":"/api/v1/addresses/user/11","status":500,"title":"Internal server error"},"headers":{"cache-control":"no-cache, no-store, max-age=0, must-revalidate","connection":"close","content-type":"application/problem+json","date":"Fri, 28 Aug 2026 17:27:45 GMT","expires":"0","pragma":"no-cache","transfer-encoding":"chunked","x-content-type-options":"nosniff","x-frame-options":"DENY","x-xss-protection":"0"},"request":{"_closed":false,"_contentLength":0,"_defaultKeepAlive":true,"_ended":true,"_events":{},"_eventsCount":7,"_hasBody":true,"_header":"GET /api/v1/addresses/user/11?page=2&limit=5 HTTP/1.1\r\nAccept: application/json\r\nContent-Type: application/json; charset=utf-8\r\nUser-Agent: axios/1.17.0\r\nAccept-Encoding: gzip, compress, deflate, br\r\nHost: localhost:8081\r\nConnection: keep-alive\r\n\r\n","_headerSent":true,"_keepAliveTimeout":0,"_last":true,"_redirectable":{"_currentRequest":"[Circular]","_currentUrl":"http://localhost:8081/api/v1/addresses/user/11?page=2&limit=5","_ended":true,"_ending":true,"_events":{"socket":"[Array]"},"_eventsCount":4,"_headerFilter":{},"_options":{"agents":"[Object]","beforeRedirects":"[Object]","headers":"[Object]","hostname":"localhost","insecureHTTPParser":false,"maxBodyLength":null,"maxRedirects":21,"method":"GET","nativeProtocols":"[Object]","path":"/api/v1/addresses/user/11?page=2&limit=5","pathname":"/api/v1/addresses/user/11","port":"8081","protocol":"http:","search":"?page=2&limit=5","sensitiveHeaders":[]},"_redirectCount":0,"_redirects":[],"_requestBodyBuffers":[],"_requestBodyLength":0,"_timeout":null,"_writableState":{"bufferedIndex":0,"corked":0,"highWaterMark":16384,"length":0,"pendingcb":0,"writelen":0}},"_removedConnection":false,"_removedContLen":false,"_removedTE":false,"_trailer":"","aborted":false,"agent":{"_events":{},"_eventsCount":2,"defaultPort":80,"freeSockets":{},"keepAlive":true,"keepAliveMsecs":1000,"maxFreeSockets":256,"maxSockets":null,"maxTotalSockets":null,"options":{"keepAlive":true,"noDelay":true,"path":null,"scheduling":"lifo","timeout":5000},"protocol":"http:","requests":{},"scheduling":"lifo","sockets":{"localhost:8081:":"[Array]"},"totalSocketCount":1},"chunkedEncoding":false,"destroyed":false,"finished":true,"host":"localhost","insecureHTTPParser":false,"maxHeadersCount":null,"maxRequestsOnConnectionReached":false,"method":"GET","outputData":[],"outputSize":0,"parser":null,"path":"/api/v1/addresses/user/11?page=2&limit=5","protocol":"http:","res":{"_consuming":true,"_dumped":false,"_events":{"end":"[Array]"},"_eventsCount":4,"_readableState":{"awaitDrainWriters":null,"buffer":[],"bufferIndex":0,"highWaterMark":16384,"length":0,"pipes":[]},"aborted":false,"client":{"_closeAfterHandlingError":false,"_events":"[Object]","_eventsCount":7,"_hadError":false,"_host":"localhost","_httpMessage":"[Circular]","_parent":null,"_pendingData":null,"_pendingEncoding":"","_readableState":"[Object]","_server":null,"_sockname":null,"_writableState":"[Object]","allowHalfOpen":false,"autoSelectFamilyAttemptedAddresses":"[Array]","connecting":false,"parser":null,"server":null,"timeout":60000},"complete":true,"httpVersion":"1.1","httpVersionMajor":1,"httpVersionMinor":1,"method":null,"rawHeaders":["X-Content-Type-Options","nosniff","X-XSS-Protection","0","Cache-Control","no-cache, no-store, max-age=0, must-revalidate","Pragma","no-cache","Expires","0","X-Frame-Options","DENY","Content-Type","application/problem+json","Transfer-Encoding","chunked","Date","Fri, 28 Aug 2026 17:27:45 GMT","Connection","close"],"rawTrailers":[],"redirects":[],"req":"[Circular]","responseUrl":"http://localhost:8081/api/v1/addresses/user/11?page=2&limit=5","socket":{"_closeAfterHandlingError":false,"_events":"[Object]","_eventsCount":7,"_hadError":false,"_host":"localhost","_httpMessage":"[Circular]","_parent":null,"_pendingData":null,"_pendingEncoding":"","_readableState":"[Object]","_server":null,"_sockname":null,"_writableState":"[Object]","allowHalfOpen":false,"autoSelectFamilyAttemptedAddresses":"[Array]","connecting":false,"parser":null,"server":null,"timeout":60000},"statusCode":500,"statusMessage":"","upgrade":false,"url":""},"reusedSocket":false,"sendDate":false,"shouldKeepAlive":false,"strictContentLength":false,"upgradeOrConnect":false,"useChunkedEncodingByDefault":false,"writable":true},"status":500,"statusText":""},"stack":"AxiosError: Request failed with status code 500\n    at settle (webpack-internal:///(rsc)/./node_modules/axios/lib/core/settle.js:24:12)\n    at IncomingMessage.handleStreamEnd (webpack-internal:///(rsc)/./node_modules/axios/lib/adapters/http.js:1116:73)\n    at IncomingMessage.emit (node:events:530:35)\n    at endReadableNT (node:internal/streams/readable:1698:12)\n    at process.processTicksAndRejections (node:internal/process/task_queues:90:21)\n    at Axios.request (webpack-internal:///(rsc)/./node_modules/axios/lib/core/Axios.js:59:41)\n    at process.processTicksAndRejections (node:internal/process/task_queues:105:5)\n    at async getUserAddresses (webpack-internal:///(rsc)/./src/lib/addresses/api/services/address.server.ts:38:26)\n    at async GET (webpack-internal:///(rsc)/./src/app/api/addresses/user/[userId]/route.ts:23:22)\n    at async AppRouteRouteModule.do (D:\\software engineering\\templates\\frontend-template\\tailadmin-dashboard\\node_modules\\next\\dist\\compiled\\next-server\\app-route.runtime.dev.js:5:40131)\n    at async AppRouteRouteModule.handle (D:\\software engineering\\templates\\frontend-template\\tailadmin-dashboard\\node_modules\\next\\dist\\compiled\\next-server\\app-route.runtime.dev.js:5:47411)\n    at async responseGenerator (webpack-internal:///(rsc)/./node_modules/next/dist/build/webpack/loaders/next-app-loader/index.js?name=app%2Fapi%2Faddresses%2Fuser%2F%5BuserId%5D%2Froute&page=%2Fapi%2Faddresses%2Fuser%2F%5BuserId%5D%2Froute&appPaths=&allNormalizedAppPaths=&pagePath=private-next-app-dir%2Fapi%2Faddresses%2Fuser%2F%5BuserId%5D%2Froute.ts&appDir=D%3A%5Csoftware%20engineering%5Ctemplates%5Cfrontend-template%5Ctailadmin-dashboard%5Csrc%5Capp&pageExtensions=tsx&pageExtensions=ts&pageExtensions=jsx&pageExtensions=js&rootDir=D%3A%5Csoftware%20engineering%5Ctemplates%5Cfrontend-template%5Ctailadmin-dashboard&isDev=true&tsconfigPath=&basePath=&assetPrefix=&nextConfigOutput=&preferredRegion=&middlewareConfig=e30%3D&isGlobalNotFoundEnabled=!:251:38)\n    at async AppRouteRouteModule.handleResponse (D:\\software engineering\\templates\\frontend-template\\tailadmin-dashboard\\node_modules\\next\\dist\\compiled\\next-server\\app-route.runtime.dev.js:1:228477)\n    at async handleResponse (webpack-internal:///(rsc)/./node_modules/next/dist/build/webpack/loaders/next-app-loader/index.js?name=app%2Fapi%2Faddresses%2Fuser%2F%5BuserId%5D%2Froute&page=%2Fapi%2Faddresses%2Fuser%2F%5BuserId%5D%2Froute&appPaths=&allNormalizedAppPaths=&pagePath=private-next-app-dir%2Fapi%2Faddresses%2Fuser%2F%5BuserId%5D%2Froute.ts&appDir=D%3A%5Csoftware%20engineering%5Ctemplates%5Cfrontend-template%5Ctailadmin-dashboard%5Csrc%5Capp&pageExtensions=tsx&pageExtensions=ts&pageExtensions=jsx&pageExtensions=js&rootDir=D%3A%5Csoftware%20engineering%5Ctemplates%5Cfrontend-template%5Ctailadmin-dashboard&isDev=true&tsconfigPath=&basePath=&assetPrefix=&nextConfigOutput=&preferredRegion=&middlewareConfig=e30%3D&isGlobalNotFoundEnabled=!:314:32)\n    at async Module.handler (webpack-internal:///(rsc)/./node_modules/next/dist/build/webpack/loaders/next-app-loader/index.js?name=app%2Fapi%2Faddresses%2Fuser%2F%5BuserId%5D%2Froute&page=%2Fapi%2Faddresses%2Fuser%2F%5BuserId%5D%2Froute&appPaths=&allNormalizedAppPaths=&pagePath=private-next-app-dir%2Fapi%2Faddresses%2Fuser%2F%5BuserId%5D%2Froute.ts&appDir=D%3A%5Csoftware%20engineering%5Ctemplates%5Cfrontend-template%5Ctailadmin-dashboard%5Csrc%5Capp&pageExtensions=tsx&pageExtensions=ts&pageExtensions=jsx&pageExtensions=js&rootDir=D%3A%5Csoftware%20engineering%5Ctemplates%5Cfrontend-template%5Ctailadmin-dashboard&isDev=true&tsconfigPath=&basePath=&assetPrefix=&nextConfigOutput=&preferredRegion=&middlewareConfig=e30%3D&isGlobalNotFoundEnabled=!:369:13)\n    at async DevServer.renderToResponseWithComponentsImpl (D:\\software engineering\\templates\\frontend-template\\tailadmin-dashboard\\node_modules\\next\\dist\\server\\base-server.js:1462:9)\n    at async DevServer.renderPageComponent (D:\\software engineering\\templates\\frontend-template\\tailadmin-dashboard\\node_modules\\next\\dist\\server\\base-server.js:1514:24)\n    at async DevServer.renderToResponseImpl (D:\\software engineering\\templates\\frontend-template\\tailadmin-dashboard\\node_modules\\next\\dist\\server\\base-server.js:1564:32)\n    at async DevServer.pipeImpl (D:\\software engineering\\templates\\frontend-template\\tailadmin-dashboard\\node_modules\\next\\dist\\server\\base-server.js:1044:25)\n    at async NextNodeServer.handleCatchallRenderRequest (D:\\software engineering\\templates\\frontend-template\\tailadmin-dashboard\\node_modules\\next\\dist\\server\\next-server.js:338:17)\n    at async DevServer.handleRequestImpl (D:\\software engineering\\templates\\frontend-template\\tailadmin-dashboard\\node_modules\\next\\dist\\server\\base-server.js:935:17)\n    at async D:\\software engineering\\templates\\frontend-template\\tailadmin-dashboard\\node_modules\\next\\dist\\server\\dev\\next-dev-server.js:394:20\n    at async Span.traceAsyncFn (D:\\software engineering\\templates\\frontend-template\\tailadmin-dashboard\\node_modules\\next\\dist\\trace\\trace.js:164:20)\n    at async DevServer.handleRequest (D:\\software engineering\\templates\\frontend-template\\tailadmin-dashboard\\node_modules\\next\\dist\\server\\dev\\next-dev-server.js:390:24)\n    at async invokeRender (D:\\software engineering\\templates\\frontend-template\\tailadmin-dashboard\\node_modules\\next\\dist\\server\\lib\\router-server.js:266:21)\n    at async handleRequest (D:\\software engineering\\templates\\frontend-template\\tailadmin-dashboard\\node_modules\\next\\dist\\server\\lib\\router-server.js:465:24)\n    at async requestHandlerImpl (D:\\software engineering\\templates\\frontend-template\\tailadmin-dashboard\\node_modules\\next\\dist\\server\\lib\\router-server.js:514:13)\n    at async Server.requestListener (D:\\software engineering\\templates\\frontend-template\\tailadmin-dashboard\\node_modules\\next\\dist\\server\\lib\\start-server.js:225:13)","status":500,"type":"AxiosError"},"context":"getUserAddresses","userId":11,"filters":{"page":2,"limit":5},"msg":"API request failed"}
{"level":50,"time":1787938065071,"pid":7520,"hostname":"ELTECH","detail":"An unexpected error occurred","instance":"/api/v1/addresses/user/11","status":500,"title":"Internal server error","errorCode":"INTERNAL_ERROR","msg":"[Axios Error] [getUserAddresses]"}
{"level":50,"time":1787938065271,"pid":7520,"hostname":"ELTECH","error":"Request failed with status code 500","detail":"An unexpected error occurred","instance":"/api/v1/addresses/user/11","status":500,"title":"Internal server error","errorCode":"INTERNAL_ERROR","msg":"API error"}
{"level":50,"time":1787938065273,"pid":7520,"hostname":"ELTECH","err":{"code":"ERR_BAD_RESPONSE","config":{"adapter":["xhr","http","fetch"],"allowAbsoluteUrls":true,"baseURL":"","env":{},"headers":{"Accept":"application/json","Accept-Encoding":"gzip, compress, deflate, br","Content-Type":"application/json; charset=utf-8","User-Agent":"axios/1.17.0"},"maxBodyLength":-1,"maxContentLength":-1,"method":"get","timeout":60000,"transformRequest":[null],"transformResponse":[null],"transitional":{"advertiseZstdAcceptEncoding":false,"clarifyTimeoutError":false,"forcedJSONParsing":true,"legacyInterceptorReqResOrdering":true,"silentJSONParsing":true},"url":"http://localhost:8081/api/v1/addresses/user/11?limit=1000","xsrfCookieName":"XSRF-TOKEN","xsrfHeaderName":"X-XSRF-TOKEN"},"isAxiosError":true,"message":"Request failed with status code 500","name":"AxiosError","request":{"_closed":false,"_contentLength":0,"_defaultKeepAlive":true,"_ended":true,"_events":{},"_eventsCount":7,"_hasBody":true,"_header":"GET /api/v1/addresses/user/11?limit=1000 HTTP/1.1\r\nAccept: application/json\r\nContent-Type: application/json; charset=utf-8\r\nUser-Agent: axios/1.17.0\r\nAccept-Encoding: gzip, compress, deflate, br\r\nHost: localhost:8081\r\nConnection: keep-alive\r\n\r\n","_headerSent":true,"_keepAliveTimeout":0,"_last":true,"_redirectable":{"_currentRequest":"[Circular]","_currentUrl":"http://localhost:8081/api/v1/addresses/user/11?limit=1000","_ended":true,"_ending":true,"_events":{"socket":[null,null]},"_eventsCount":4,"_headerFilter":{},"_options":{"agents":{},"beforeRedirects":{},"headers":{"Accept":"application/json","Accept-Encoding":"gzip, compress, deflate, br","Content-Type":"application/json; charset=utf-8","User-Agent":"axios/1.17.0"},"hostname":"localhost","insecureHTTPParser":false,"maxBodyLength":null,"maxRedirects":21,"method":"GET","nativeProtocols":{"http:":"[Object]","https:":"[Object]"},"path":"/api/v1/addresses/user/11?limit=1000","pathname":"/api/v1/addresses/user/11","port":"8081","protocol":"http:","search":"?limit=1000","sensitiveHeaders":[]},"_redirectCount":0,"_redirects":[],"_requestBodyBuffers":[],"_requestBodyLength":0,"_timeout":null,"_writableState":{"bufferedIndex":0,"corked":0,"highWaterMark":16384,"length":0,"pendingcb":0,"writelen":0}},"_removedConnection":false,"_removedContLen":false,"_removedTE":false,"_trailer":"","aborted":false,"agent":{"_events":{},"_eventsCount":2,"defaultPort":80,"freeSockets":{},"keepAlive":true,"keepAliveMsecs":1000,"maxFreeSockets":256,"maxSockets":null,"maxTotalSockets":null,"options":{"keepAlive":true,"noDelay":true,"path":null,"scheduling":"lifo","timeout":5000},"protocol":"http:","requests":{},"scheduling":"lifo","sockets":{"localhost:8081:":["[Object]"]},"totalSocketCount":1},"chunkedEncoding":false,"destroyed":false,"finished":true,"host":"localhost","insecureHTTPParser":false,"maxHeadersCount":null,"maxRequestsOnConnectionReached":false,"method":"GET","outputData":[],"outputSize":0,"parser":null,"path":"/api/v1/addresses/user/11?limit=1000","protocol":"http:","res":{"_consuming":false,"_dumped":false,"_events":{"end":[null,null]},"_eventsCount":4,"_readableState":{"awaitDrainWriters":null,"buffer":[],"bufferIndex":0,"highWaterMark":16384,"length":0,"pipes":[]},"aborted":false,"client":{"_closeAfterHandlingError":false,"_events":{"close":"[Array]","error":"[Array]","timeout":"[Array]"},"_eventsCount":7,"_hadError":false,"_host":"localhost","_httpMessage":"[Circular]","_parent":null,"_pendingData":null,"_pendingEncoding":"","_readableState":{"awaitDrainWriters":null,"buffer":[],"bufferIndex":0,"highWaterMark":16384,"length":0,"pipes":[]},"_server":null,"_sockname":null,"_writableState":{"bufferedIndex":0,"corked":0,"highWaterMark":16384,"length":0,"pendingcb":1,"writelen":0},"allowHalfOpen":false,"autoSelectFamilyAttemptedAddresses":["::1:8081"],"connecting":false,"parser":null,"server":null,"timeout":60000},"complete":true,"httpVersion":"1.1","httpVersionMajor":1,"httpVersionMinor":1,"method":null,"rawHeaders":["X-Content-Type-Options","nosniff","X-XSS-Protection","0","Cache-Control","no-cache, no-store, max-age=0, must-revalidate","Pragma","no-cache","Expires","0","X-Frame-Options","DENY","Content-Type","application/problem+json","Transfer-Encoding","chunked","Date","Fri, 28 Aug 2026 17:27:45 GMT","Connection","close"],"rawTrailers":[],"redirects":[],"req":"[Circular]","responseUrl":"http://localhost:8081/api/v1/addresses/user/11?limit=1000","socket":{"_closeAfterHandlingError":false,"_events":{"close":"[Array]","error":"[Array]","timeout":"[Array]"},"_eventsCount":7,"_hadError":false,"_host":"localhost","_httpMessage":"[Circular]","_parent":null,"_pendingData":null,"_pendingEncoding":"","_readableState":{"awaitDrainWriters":null,"buffer":[],"bufferIndex":0,"highWaterMark":16384,"length":0,"pipes":[]},"_server":null,"_sockname":null,"_writableState":{"bufferedIndex":0,"corked":0,"highWaterMark":16384,"length":0,"pendingcb":1,"writelen":0},"allowHalfOpen":false,"autoSelectFamilyAttemptedAddresses":["::1:8081"],"connecting":false,"parser":null,"server":null,"timeout":60000},"statusCode":500,"statusMessage":"","upgrade":false,"url":""},"reusedSocket":false,"sendDate":false,"shouldKeepAlive":false,"strictContentLength":false,"upgradeOrConnect":false,"useChunkedEncodingByDefault":false,"writable":true},"response":{"config":{"adapter":["xhr","http","fetch"],"allowAbsoluteUrls":true,"baseURL":"","env":{},"headers":{"Accept":"application/json","Accept-Encoding":"gzip, compress, deflate, br","Content-Type":"application/json; charset=utf-8","User-Agent":"axios/1.17.0"},"maxBodyLength":-1,"maxContentLength":-1,"method":"get","timeout":60000,"transformRequest":[null],"transformResponse":[null],"transitional":{"advertiseZstdAcceptEncoding":false,"clarifyTimeoutError":false,"forcedJSONParsing":true,"legacyInterceptorReqResOrdering":true,"silentJSONParsing":true},"url":"http://localhost:8081/api/v1/addresses/user/11?limit=1000","xsrfCookieName":"XSRF-TOKEN","xsrfHeaderName":"X-XSRF-TOKEN"},"data":{"detail":"An unexpected error occurred","errorCode":"INTERNAL_ERROR","instance":"/api/v1/addresses/user/11","status":500,"title":"Internal server error"},"headers":{"cache-control":"no-cache, no-store, max-age=0, must-revalidate","connection":"close","content-type":"application/problem+json","date":"Fri, 28 Aug 2026 17:27:45 GMT","expires":"0","pragma":"no-cache","transfer-encoding":"chunked","x-content-type-options":"nosniff","x-frame-options":"DENY","x-xss-protection":"0"},"request":{"_closed":false,"_contentLength":0,"_defaultKeepAlive":true,"_ended":true,"_events":{},"_eventsCount":7,"_hasBody":true,"_header":"GET /api/v1/addresses/user/11?limit=1000 HTTP/1.1\r\nAccept: application/json\r\nContent-Type: application/json; charset=utf-8\r\nUser-Agent: axios/1.17.0\r\nAccept-Encoding: gzip, compress, deflate, br\r\nHost: localhost:8081\r\nConnection: keep-alive\r\n\r\n","_headerSent":true,"_keepAliveTimeout":0,"_last":true,"_redirectable":{"_currentRequest":"[Circular]","_currentUrl":"http://localhost:8081/api/v1/addresses/user/11?limit=1000","_ended":true,"_ending":true,"_events":{"socket":"[Array]"},"_eventsCount":4,"_headerFilter":{},"_options":{"agents":"[Object]","beforeRedirects":"[Object]","headers":"[Object]","hostname":"localhost","insecureHTTPParser":false,"maxBodyLength":null,"maxRedirects":21,"method":"GET","nativeProtocols":"[Object]","path":"/api/v1/addresses/user/11?limit=1000","pathname":"/api/v1/addresses/user/11","port":"8081","protocol":"http:","search":"?limit=1000","sensitiveHeaders":[]},"_redirectCount":0,"_redirects":[],"_requestBodyBuffers":[],"_requestBodyLength":0,"_timeout":null,"_writableState":{"bufferedIndex":0,"corked":0,"highWaterMark":16384,"length":0,"pendingcb":0,"writelen":0}},"_removedConnection":false,"_removedContLen":false,"_removedTE":false,"_trailer":"","aborted":false,"agent":{"_events":{},"_eventsCount":2,"defaultPort":80,"freeSockets":{},"keepAlive":true,"keepAliveMsecs":1000,"maxFreeSockets":256,"maxSockets":null,"maxTotalSockets":null,"options":{"keepAlive":true,"noDelay":true,"path":null,"scheduling":"lifo","timeout":5000},"protocol":"http:","requests":{},"scheduling":"lifo","sockets":{"localhost:8081:":"[Array]"},"totalSocketCount":1},"chunkedEncoding":false,"destroyed":false,"finished":true,"host":"localhost","insecureHTTPParser":false,"maxHeadersCount":null,"maxRequestsOnConnectionReached":false,"method":"GET","outputData":[],"outputSize":0,"parser":null,"path":"/api/v1/addresses/user/11?limit=1000","protocol":"http:","res":{"_consuming":false,"_dumped":false,"_events":{"end":"[Array]"},"_eventsCount":4,"_readableState":{"awaitDrainWriters":null,"buffer":[],"bufferIndex":0,"highWaterMark":16384,"length":0,"pipes":[]},"aborted":false,"client":{"_closeAfterHandlingError":false,"_events":"[Object]","_eventsCount":7,"_hadError":false,"_host":"localhost","_httpMessage":"[Circular]","_parent":null,"_pendingData":null,"_pendingEncoding":"","_readableState":"[Object]","_server":null,"_sockname":null,"_writableState":"[Object]","allowHalfOpen":false,"autoSelectFamilyAttemptedAddresses":"[Array]","connecting":false,"parser":null,"server":null,"timeout":60000},"complete":true,"httpVersion":"1.1","httpVersionMajor":1,"httpVersionMinor":1,"method":null,"rawHeaders":["X-Content-Type-Options","nosniff","X-XSS-Protection","0","Cache-Control","no-cache, no-store, max-age=0, must-revalidate","Pragma","no-cache","Expires","0","X-Frame-Options","DENY","Content-Type","application/problem+json","Transfer-Encoding","chunked","Date","Fri, 28 Aug 2026 17:27:45 GMT","Connection","close"],"rawTrailers":[],"redirects":[],"req":"[Circular]","responseUrl":"http://localhost:8081/api/v1/addresses/user/11?limit=1000","socket":{"_closeAfterHandlingError":false,"_events":"[Object]","_eventsCount":7,"_hadError":false,"_host":"localhost","_httpMessage":"[Circular]","_parent":null,"_pendingData":null,"_pendingEncoding":"","_readableState":"[Object]","_server":null,"_sockname":null,"_writableState":"[Object]","allowHalfOpen":false,"autoSelectFamilyAttemptedAddresses":"[Array]","connecting":false,"parser":null,"server":null,"timeout":60000},"statusCode":500,"statusMessage":"","upgrade":false,"url":""},"reusedSocket":false,"sendDate":false,"shouldKeepAlive":false,"strictContentLength":false,"upgradeOrConnect":false,"useChunkedEncodingByDefault":false,"writable":true},"status":500,"statusText":""},"stack":"AxiosError: Request failed with status code 500\n    at settle (webpack-internal:///(rsc)/./node_modules/axios/lib/core/settle.js:24:12)\n    at IncomingMessage.handleStreamEnd (webpack-internal:///(rsc)/./node_modules/axios/lib/adapters/http.js:1116:73)\n    at IncomingMessage.emit (node:events:530:35)\n    at endReadableNT (node:internal/streams/readable:1698:12)\n    at process.processTicksAndRejections (node:internal/process/task_queues:90:21)\n    at Axios.request (webpack-internal:///(rsc)/./node_modules/axios/lib/core/Axios.js:59:41)\n    at process.processTicksAndRejections (node:internal/process/task_queues:105:5)\n    at async getUserAddresses (webpack-internal:///(rsc)/./src/lib/addresses/api/services/address.server.ts:38:26)\n    at async GET (webpack-internal:///(rsc)/./src/app/api/addresses/user/[userId]/route.ts:23:22)\n    at async AppRouteRouteModule.do (D:\\software engineering\\templates\\frontend-template\\tailadmin-dashboard\\node_modules\\next\\dist\\compiled\\next-server\\app-route.runtime.dev.js:5:40131)\n    at async AppRouteRouteModule.handle (D:\\software engineering\\templates\\frontend-template\\tailadmin-dashboard\\node_modules\\next\\dist\\compiled\\next-server\\app-route.runtime.dev.js:5:47411)\n    at async responseGenerator (webpack-internal:///(rsc)/./node_modules/next/dist/build/webpack/loaders/next-app-loader/index.js?name=app%2Fapi%2Faddresses%2Fuser%2F%5BuserId%5D%2Froute&page=%2Fapi%2Faddresses%2Fuser%2F%5BuserId%5D%2Froute&appPaths=&allNormalizedAppPaths=&pagePath=private-next-app-dir%2Fapi%2Faddresses%2Fuser%2F%5BuserId%5D%2Froute.ts&appDir=D%3A%5Csoftware%20engineering%5Ctemplates%5Cfrontend-template%5Ctailadmin-dashboard%5Csrc%5Capp&pageExtensions=tsx&pageExtensions=ts&pageExtensions=jsx&pageExtensions=js&rootDir=D%3A%5Csoftware%20engineering%5Ctemplates%5Cfrontend-template%5Ctailadmin-dashboard&isDev=true&tsconfigPath=&basePath=&assetPrefix=&nextConfigOutput=&preferredRegion=&middlewareConfig=e30%3D&isGlobalNotFoundEnabled=!:251:38)\n    at async AppRouteRouteModule.handleResponse (D:\\software engineering\\templates\\frontend-template\\tailadmin-dashboard\\node_modules\\next\\dist\\compiled\\next-server\\app-route.runtime.dev.js:1:228477)\n    at async handleResponse (webpack-internal:///(rsc)/./node_modules/next/dist/build/webpack/loaders/next-app-loader/index.js?name=app%2Fapi%2Faddresses%2Fuser%2F%5BuserId%5D%2Froute&page=%2Fapi%2Faddresses%2Fuser%2F%5BuserId%5D%2Froute&appPaths=&allNormalizedAppPaths=&pagePath=private-next-app-dir%2Fapi%2Faddresses%2Fuser%2F%5BuserId%5D%2Froute.ts&appDir=D%3A%5Csoftware%20engineering%5Ctemplates%5Cfrontend-template%5Ctailadmin-dashboard%5Csrc%5Capp&pageExtensions=tsx&pageExtensions=ts&pageExtensions=jsx&pageExtensions=js&rootDir=D%3A%5Csoftware%20engineering%5Ctemplates%5Cfrontend-template%5Ctailadmin-dashboard&isDev=true&tsconfigPath=&basePath=&assetPrefix=&nextConfigOutput=&preferredRegion=&middlewareConfig=e30%3D&isGlobalNotFoundEnabled=!:314:32)\n    at async Module.handler (webpack-internal:///(rsc)/./node_modules/next/dist/build/webpack/loaders/next-app-loader/index.js?name=app%2Fapi%2Faddresses%2Fuser%2F%5BuserId%5D%2Froute&page=%2Fapi%2Faddresses%2Fuser%2F%5BuserId%5D%2Froute&appPaths=&allNormalizedAppPaths=&pagePath=private-next-app-dir%2Fapi%2Faddresses%2Fuser%2F%5BuserId%5D%2Froute.ts&appDir=D%3A%5Csoftware%20engineering%5Ctemplates%5Cfrontend-template%5Ctailadmin-dashboard%5Csrc%5Capp&pageExtensions=tsx&pageExtensions=ts&pageExtensions=jsx&pageExtensions=js&rootDir=D%3A%5Csoftware%20engineering%5Ctemplates%5Cfrontend-template%5Ctailadmin-dashboard&isDev=true&tsconfigPath=&basePath=&assetPrefix=&nextConfigOutput=&preferredRegion=&middlewareConfig=e30%3D&isGlobalNotFoundEnabled=!:369:13)\n    at async DevServer.renderToResponseWithComponentsImpl (D:\\software engineering\\templates\\frontend-template\\tailadmin-dashboard\\node_modules\\next\\dist\\server\\base-server.js:1462:9)\n    at async DevServer.renderPageComponent (D:\\software engineering\\templates\\frontend-template\\tailadmin-dashboard\\node_modules\\next\\dist\\server\\base-server.js:1514:24)\n    at async DevServer.renderToResponseImpl (D:\\software engineering\\templates\\frontend-template\\tailadmin-dashboard\\node_modules\\next\\dist\\server\\base-server.js:1564:32)\n    at async DevServer.pipeImpl (D:\\software engineering\\templates\\frontend-template\\tailadmin-dashboard\\node_modules\\next\\dist\\server\\base-server.js:1044:25)\n    at async NextNodeServer.handleCatchallRenderRequest (D:\\software engineering\\templates\\frontend-template\\tailadmin-dashboard\\node_modules\\next\\dist\\server\\next-server.js:338:17)\n    at async DevServer.handleRequestImpl (D:\\software engineering\\templates\\frontend-template\\tailadmin-dashboard\\node_modules\\next\\dist\\server\\base-server.js:935:17)\n    at async D:\\software engineering\\templates\\frontend-template\\tailadmin-dashboard\\node_modules\\next\\dist\\server\\dev\\next-dev-server.js:394:20\n    at async Span.traceAsyncFn (D:\\software engineering\\templates\\frontend-template\\tailadmin-dashboard\\node_modules\\next\\dist\\trace\\trace.js:164:20)\n    at async DevServer.handleRequest (D:\\software engineering\\templates\\frontend-template\\tailadmin-dashboard\\node_modules\\next\\dist\\server\\dev\\next-dev-server.js:390:24)\n    at async invokeRender (D:\\software engineering\\templates\\frontend-template\\tailadmin-dashboard\\node_modules\\next\\dist\\server\\lib\\router-server.js:266:21)\n    at async handleRequest (D:\\software engineering\\templates\\frontend-template\\tailadmin-dashboard\\node_modules\\next\\dist\\server\\lib\\router-server.js:465:24)\n    at async requestHandlerImpl (D:\\software engineering\\templates\\frontend-template\\tailadmin-dashboard\\node_modules\\next\\dist\\server\\lib\\router-server.js:514:13)\n    at async Server.requestListener (D:\\software engineering\\templates\\frontend-template\\tailadmin-dashboard\\node_modules\\next\\dist\\server\\lib\\start-server.js:225:13)","status":500,"type":"AxiosError"},"context":"getUserAddresses","userId":11,"filters":{"limit":1000},"msg":"API request failed"}
{"level":50,"time":1787938065276,"pid":7520,"hostname":"ELTECH","detail":"An unexpected error occurred","instance":"/api/v1/addresses/user/11","status":500,"title":"Internal server error","errorCode":"INTERNAL_ERROR","msg":"[Axios Error] [getUserAddresses]"}
{"level":30,"time":1787938067935,"pid":7520,"hostname":"ELTECH","filters":{"page":2,"limit":10},"count":16,"msg":"Users fetched"}
{"level":30,"time":1787938146125,"pid":7520,"hostname":"ELTECH","filters":{"limit":1000},"count":16,"msg":"Users fetched"}
{"level":30,"time":1787938146133,"pid":7520,"hostname":"ELTECH","filters":{"page":2,"limit":5},"count":16,"msg":"Users fetched"}
{"level":50,"time":1787938146163,"pid":7520,"hostname":"ELTECH","error":"Request failed with status code 500","detail":"An unexpected error occurred","instance":"/api/v1/addresses/user/11","status":500,"title":"Internal server error","errorCode":"INTERNAL_ERROR","msg":"API error"}
{"level":50,"time":1787938146164,"pid":7520,"hostname":"ELTECH","err":{"code":"ERR_BAD_RESPONSE","config":{"adapter":["xhr","http","fetch"],"allowAbsoluteUrls":true,"baseURL":"","env":{},"headers":{"Accept":"application/json","Accept-Encoding":"gzip, compress, deflate, br","Content-Type":"application/json; charset=utf-8","User-Agent":"axios/1.17.0"},"maxBodyLength":-1,"maxContentLength":-1,"method":"get","timeout":60000,"transformRequest":[null],"transformResponse":[null],"transitional":{"advertiseZstdAcceptEncoding":false,"clarifyTimeoutError":false,"forcedJSONParsing":true,"legacyInterceptorReqResOrdering":true,"silentJSONParsing":true},"url":"http://localhost:8081/api/v1/addresses/user/11?limit=1000","xsrfCookieName":"XSRF-TOKEN","xsrfHeaderName":"X-XSRF-TOKEN"},"isAxiosError":true,"message":"Request failed with status code 500","name":"AxiosError","request":{"_closed":false,"_contentLength":0,"_defaultKeepAlive":true,"_ended":true,"_events":{},"_eventsCount":7,"_hasBody":true,"_header":"GET /api/v1/addresses/user/11?limit=1000 HTTP/1.1\r\nAccept: application/json\r\nContent-Type: application/json; charset=utf-8\r\nUser-Agent: axios/1.17.0\r\nAccept-Encoding: gzip, compress, deflate, br\r\nHost: localhost:8081\r\nConnection: keep-alive\r\n\r\n","_headerSent":true,"_keepAliveTimeout":0,"_last":true,"_redirectable":{"_currentRequest":"[Circular]","_currentUrl":"http://localhost:8081/api/v1/addresses/user/11?limit=1000","_ended":true,"_ending":true,"_events":{"socket":[null,null]},"_eventsCount":4,"_headerFilter":{},"_options":{"agents":{},"beforeRedirects":{},"headers":{"Accept":"application/json","Accept-Encoding":"gzip, compress, deflate, br","Content-Type":"application/json; charset=utf-8","User-Agent":"axios/1.17.0"},"hostname":"localhost","insecureHTTPParser":false,"maxBodyLength":null,"maxRedirects":21,"method":"GET","nativeProtocols":{"http:":"[Object]","https:":"[Object]"},"path":"/api/v1/addresses/user/11?limit=1000","pathname":"/api/v1/addresses/user/11","port":"8081","protocol":"http:","search":"?limit=1000","sensitiveHeaders":[]},"_redirectCount":0,"_redirects":[],"_requestBodyBuffers":[],"_requestBodyLength":0,"_timeout":null,"_writableState":{"bufferedIndex":0,"corked":0,"highWaterMark":16384,"length":0,"pendingcb":0,"writelen":0}},"_removedConnection":false,"_removedContLen":false,"_removedTE":false,"_trailer":"","aborted":false,"agent":{"_events":{},"_eventsCount":2,"defaultPort":80,"freeSockets":{"localhost:8081:":["[Object]","[Object]"]},"keepAlive":true,"keepAliveMsecs":1000,"maxFreeSockets":256,"maxSockets":null,"maxTotalSockets":null,"options":{"keepAlive":true,"noDelay":true,"path":null,"scheduling":"lifo","timeout":5000},"protocol":"http:","requests":{},"scheduling":"lifo","sockets":{"localhost:8081:":["[Object]","[Object]","[Object]"]},"totalSocketCount":5},"chunkedEncoding":false,"destroyed":false,"finished":true,"host":"localhost","insecureHTTPParser":false,"maxHeadersCount":null,"maxRequestsOnConnectionReached":false,"method":"GET","outputData":[],"outputSize":0,"parser":null,"path":"/api/v1/addresses/user/11?limit=1000","protocol":"http:","res":{"_consuming":true,"_dumped":false,"_events":{"end":[null,null]},"_eventsCount":4,"_readableState":{"awaitDrainWriters":null,"buffer":[],"bufferIndex":0,"highWaterMark":16384,"length":0,"pipes":[]},"aborted":false,"client":{"_closeAfterHandlingError":false,"_events":{"close":"[Array]","error":"[Array]","timeout":"[Array]"},"_eventsCount":7,"_hadError":false,"_host":"localhost","_httpMessage":"[Circular]","_parent":null,"_pendingData":null,"_pendingEncoding":"","_readableState":{"awaitDrainWriters":null,"buffer":[],"bufferIndex":0,"highWaterMark":16384,"length":0,"pipes":[]},"_server":null,"_sockname":null,"_writableState":{"bufferedIndex":0,"corked":0,"highWaterMark":16384,"length":0,"pendingcb":1,"writelen":0},"allowHalfOpen":false,"autoSelectFamilyAttemptedAddresses":["::1:8081"],"connecting":false,"parser":null,"server":null,"timeout":60000},"complete":true,"httpVersion":"1.1","httpVersionMajor":1,"httpVersionMinor":1,"method":null,"rawHeaders":["X-Content-Type-Options","nosniff","X-XSS-Protection","0","Cache-Control","no-cache, no-store, max-age=0, must-revalidate","Pragma","no-cache","Expires","0","X-Frame-Options","DENY","Content-Type","application/problem+json","Transfer-Encoding","chunked","Date","Fri, 28 Aug 2026 17:29:06 GMT","Connection","close"],"rawTrailers":[],"redirects":[],"req":"[Circular]","responseUrl":"http://localhost:8081/api/v1/addresses/user/11?limit=1000","socket":{"_closeAfterHandlingError":false,"_events":{"close":"[Array]","error":"[Array]","timeout":"[Array]"},"_eventsCount":7,"_hadError":false,"_host":"localhost","_httpMessage":"[Circular]","_parent":null,"_pendingData":null,"_pendingEncoding":"","_readableState":{"awaitDrainWriters":null,"buffer":[],"bufferIndex":0,"highWaterMark":16384,"length":0,"pipes":[]},"_server":null,"_sockname":null,"_writableState":{"bufferedIndex":0,"corked":0,"highWaterMark":16384,"length":0,"pendingcb":1,"writelen":0},"allowHalfOpen":false,"autoSelectFamilyAttemptedAddresses":["::1:8081"],"connecting":false,"parser":null,"server":null,"timeout":60000},"statusCode":500,"statusMessage":"","upgrade":false,"url":""},"reusedSocket":false,"sendDate":false,"shouldKeepAlive":false,"strictContentLength":false,"upgradeOrConnect":false,"useChunkedEncodingByDefault":false,"writable":true},"response":{"config":{"adapter":["xhr","http","fetch"],"allowAbsoluteUrls":true,"baseURL":"","env":{},"headers":{"Accept":"application/json","Accept-Encoding":"gzip, compress, deflate, br","Content-Type":"application/json; charset=utf-8","User-Agent":"axios/1.17.0"},"maxBodyLength":-1,"maxContentLength":-1,"method":"get","timeout":60000,"transformRequest":[null],"transformResponse":[null],"transitional":{"advertiseZstdAcceptEncoding":false,"clarifyTimeoutError":false,"forcedJSONParsing":true,"legacyInterceptorReqResOrdering":true,"silentJSONParsing":true},"url":"http://localhost:8081/api/v1/addresses/user/11?limit=1000","xsrfCookieName":"XSRF-TOKEN","xsrfHeaderName":"X-XSRF-TOKEN"},"data":{"detail":"An unexpected error occurred","errorCode":"INTERNAL_ERROR","instance":"/api/v1/addresses/user/11","status":500,"title":"Internal server error"},"headers":{"cache-control":"no-cache, no-store, max-age=0, must-revalidate","connection":"close","content-type":"application/problem+json","date":"Fri, 28 Aug 2026 17:29:06 GMT","expires":"0","pragma":"no-cache","transfer-encoding":"chunked","x-content-type-options":"nosniff","x-frame-options":"DENY","x-xss-protection":"0"},"request":{"_closed":false,"_contentLength":0,"_defaultKeepAlive":true,"_ended":true,"_events":{},"_eventsCount":7,"_hasBody":true,"_header":"GET /api/v1/addresses/user/11?limit=1000 HTTP/1.1\r\nAccept: application/json\r\nContent-Type: application/json; charset=utf-8\r\nUser-Agent: axios/1.17.0\r\nAccept-Encoding: gzip, compress, deflate, br\r\nHost: localhost:8081\r\nConnection: keep-alive\r\n\r\n","_headerSent":true,"_keepAliveTimeout":0,"_last":true,"_redirectable":{"_currentRequest":"[Circular]","_currentUrl":"http://localhost:8081/api/v1/addresses/user/11?limit=1000","_ended":true,"_ending":true,"_events":{"socket":"[Array]"},"_eventsCount":4,"_headerFilter":{},"_options":{"agents":"[Object]","beforeRedirects":"[Object]","headers":"[Object]","hostname":"localhost","insecureHTTPParser":false,"maxBodyLength":null,"maxRedirects":21,"method":"GET","nativeProtocols":"[Object]","path":"/api/v1/addresses/user/11?limit=1000","pathname":"/api/v1/addresses/user/11","port":"8081","protocol":"http:","search":"?limit=1000","sensitiveHeaders":[]},"_redirectCount":0,"_redirects":[],"_requestBodyBuffers":[],"_requestBodyLength":0,"_timeout":null,"_writableState":{"bufferedIndex":0,"corked":0,"highWaterMark":16384,"length":0,"pendingcb":0,"writelen":0}},"_removedConnection":false,"_removedContLen":false,"_removedTE":false,"_trailer":"","aborted":false,"agent":{"_events":{},"_eventsCount":2,"defaultPort":80,"freeSockets":{"localhost:8081:":"[Array]"},"keepAlive":true,"keepAliveMsecs":1000,"maxFreeSockets":256,"maxSockets":null,"maxTotalSockets":null,"options":{"keepAlive":true,"noDelay":true,"path":null,"scheduling":"lifo","timeout":5000},"protocol":"http:","requests":{},"scheduling":"lifo","sockets":{"localhost:8081:":"[Array]"},"totalSocketCount":5},"chunkedEncoding":false,"destroyed":false,"finished":true,"host":"localhost","insecureHTTPParser":false,"maxHeadersCount":null,"maxRequestsOnConnectionReached":false,"method":"GET","outputData":[],"outputSize":0,"parser":null,"path":"/api/v1/addresses/user/11?limit=1000","protocol":"http:","res":{"_consuming":true,"_dumped":false,"_events":{"end":"[Array]"},"_eventsCount":4,"_readableState":{"awaitDrainWriters":null,"buffer":[],"bufferIndex":0,"highWaterMark":16384,"length":0,"pipes":[]},"aborted":false,"client":{"_closeAfterHandlingError":false,"_events":"[Object]","_eventsCount":7,"_hadError":false,"_host":"localhost","_httpMessage":"[Circular]","_parent":null,"_pendingData":null,"_pendingEncoding":"","_readableState":"[Object]","_server":null,"_sockname":null,"_writableState":"[Object]","allowHalfOpen":false,"autoSelectFamilyAttemptedAddresses":"[Array]","connecting":false,"parser":null,"server":null,"timeout":60000},"complete":true,"httpVersion":"1.1","httpVersionMajor":1,"httpVersionMinor":1,"method":null,"rawHeaders":["X-Content-Type-Options","nosniff","X-XSS-Protection","0","Cache-Control","no-cache, no-store, max-age=0, must-revalidate","Pragma","no-cache","Expires","0","X-Frame-Options","DENY","Content-Type","application/problem+json","Transfer-Encoding","chunked","Date","Fri, 28 Aug 2026 17:29:06 GMT","Connection","close"],"rawTrailers":[],"redirects":[],"req":"[Circular]","responseUrl":"http://localhost:8081/api/v1/addresses/user/11?limit=1000","socket":{"_closeAfterHandlingError":false,"_events":"[Object]","_eventsCount":7,"_hadError":false,"_host":"localhost","_httpMessage":"[Circular]","_parent":null,"_pendingData":null,"_pendingEncoding":"","_readableState":"[Object]","_server":null,"_sockname":null,"_writableState":"[Object]","allowHalfOpen":false,"autoSelectFamilyAttemptedAddresses":"[Array]","connecting":false,"parser":null,"server":null,"timeout":60000},"statusCode":500,"statusMessage":"","upgrade":false,"url":""},"reusedSocket":false,"sendDate":false,"shouldKeepAlive":false,"strictContentLength":false,"upgradeOrConnect":false,"useChunkedEncodingByDefault":false,"writable":true},"status":500,"statusText":""},"stack":"AxiosError: Request failed with status code 500\n    at settle (webpack-internal:///(rsc)/./node_modules/axios/lib/core/settle.js:24:12)\n    at IncomingMessage.handleStreamEnd (webpack-internal:///(rsc)/./node_modules/axios/lib/adapters/http.js:1116:73)\n    at IncomingMessage.emit (node:events:530:35)\n    at endReadableNT (node:internal/streams/readable:1698:12)\n    at process.processTicksAndRejections (node:internal/process/task_queues:90:21)\n    at Axios.request (webpack-internal:///(rsc)/./node_modules/axios/lib/core/Axios.js:59:41)\n    at process.processTicksAndRejections (node:internal/process/task_queues:105:5)\n    at async getUserAddresses (webpack-internal:///(rsc)/./src/lib/addresses/api/services/address.server.ts:38:26)\n    at async GET (webpack-internal:///(rsc)/./src/app/api/addresses/user/[userId]/route.ts:23:22)\n    at async AppRouteRouteModule.do (D:\\software engineering\\templates\\frontend-template\\tailadmin-dashboard\\node_modules\\next\\dist\\compiled\\next-server\\app-route.runtime.dev.js:5:40131)\n    at async AppRouteRouteModule.handle (D:\\software engineering\\templates\\frontend-template\\tailadmin-dashboard\\node_modules\\next\\dist\\compiled\\next-server\\app-route.runtime.dev.js:5:47411)\n    at async responseGenerator (webpack-internal:///(rsc)/./node_modules/next/dist/build/webpack/loaders/next-app-loader/index.js?name=app%2Fapi%2Faddresses%2Fuser%2F%5BuserId%5D%2Froute&page=%2Fapi%2Faddresses%2Fuser%2F%5BuserId%5D%2Froute&appPaths=&allNormalizedAppPaths=&pagePath=private-next-app-dir%2Fapi%2Faddresses%2Fuser%2F%5BuserId%5D%2Froute.ts&appDir=D%3A%5Csoftware%20engineering%5Ctemplates%5Cfrontend-template%5Ctailadmin-dashboard%5Csrc%5Capp&pageExtensions=tsx&pageExtensions=ts&pageExtensions=jsx&pageExtensions=js&rootDir=D%3A%5Csoftware%20engineering%5Ctemplates%5Cfrontend-template%5Ctailadmin-dashboard&isDev=true&tsconfigPath=&basePath=&assetPrefix=&nextConfigOutput=&preferredRegion=&middlewareConfig=e30%3D&isGlobalNotFoundEnabled=!:251:38)\n    at async AppRouteRouteModule.handleResponse (D:\\software engineering\\templates\\frontend-template\\tailadmin-dashboard\\node_modules\\next\\dist\\compiled\\next-server\\app-route.runtime.dev.js:1:228477)\n    at async handleResponse (webpack-internal:///(rsc)/./node_modules/next/dist/build/webpack/loaders/next-app-loader/index.js?name=app%2Fapi%2Faddresses%2Fuser%2F%5BuserId%5D%2Froute&page=%2Fapi%2Faddresses%2Fuser%2F%5BuserId%5D%2Froute&appPaths=&allNormalizedAppPaths=&pagePath=private-next-app-dir%2Fapi%2Faddresses%2Fuser%2F%5BuserId%5D%2Froute.ts&appDir=D%3A%5Csoftware%20engineering%5Ctemplates%5Cfrontend-template%5Ctailadmin-dashboard%5Csrc%5Capp&pageExtensions=tsx&pageExtensions=ts&pageExtensions=jsx&pageExtensions=js&rootDir=D%3A%5Csoftware%20engineering%5Ctemplates%5Cfrontend-template%5Ctailadmin-dashboard&isDev=true&tsconfigPath=&basePath=&assetPrefix=&nextConfigOutput=&preferredRegion=&middlewareConfig=e30%3D&isGlobalNotFoundEnabled=!:314:32)\n    at async Module.handler (webpack-internal:///(rsc)/./node_modules/next/dist/build/webpack/loaders/next-app-loader/index.js?name=app%2Fapi%2Faddresses%2Fuser%2F%5BuserId%5D%2Froute&page=%2Fapi%2Faddresses%2Fuser%2F%5BuserId%5D%2Froute&appPaths=&allNormalizedAppPaths=&pagePath=private-next-app-dir%2Fapi%2Faddresses%2Fuser%2F%5BuserId%5D%2Froute.ts&appDir=D%3A%5Csoftware%20engineering%5Ctemplates%5Cfrontend-template%5Ctailadmin-dashboard%5Csrc%5Capp&pageExtensions=tsx&pageExtensions=ts&pageExtensions=jsx&pageExtensions=js&rootDir=D%3A%5Csoftware%20engineering%5Ctemplates%5Cfrontend-template%5Ctailadmin-dashboard&isDev=true&tsconfigPath=&basePath=&assetPrefix=&nextConfigOutput=&preferredRegion=&middlewareConfig=e30%3D&isGlobalNotFoundEnabled=!:369:13)\n    at async DevServer.renderToResponseWithComponentsImpl (D:\\software engineering\\templates\\frontend-template\\tailadmin-dashboard\\node_modules\\next\\dist\\server\\base-server.js:1462:9)\n    at async DevServer.renderPageComponent (D:\\software engineering\\templates\\frontend-template\\tailadmin-dashboard\\node_modules\\next\\dist\\server\\base-server.js:1514:24)\n    at async DevServer.renderToResponseImpl (D:\\software engineering\\templates\\frontend-template\\tailadmin-dashboard\\node_modules\\next\\dist\\server\\base-server.js:1564:32)\n    at async DevServer.pipeImpl (D:\\software engineering\\templates\\frontend-template\\tailadmin-dashboard\\node_modules\\next\\dist\\server\\base-server.js:1044:25)\n    at async NextNodeServer.handleCatchallRenderRequest (D:\\software engineering\\templates\\frontend-template\\tailadmin-dashboard\\node_modules\\next\\dist\\server\\next-server.js:338:17)\n    at async DevServer.handleRequestImpl (D:\\software engineering\\templates\\frontend-template\\tailadmin-dashboard\\node_modules\\next\\dist\\server\\base-server.js:935:17)\n    at async D:\\software engineering\\templates\\frontend-template\\tailadmin-dashboard\\node_modules\\next\\dist\\server\\dev\\next-dev-server.js:394:20\n    at async Span.traceAsyncFn (D:\\software engineering\\templates\\frontend-template\\tailadmin-dashboard\\node_modules\\next\\dist\\trace\\trace.js:164:20)\n    at async DevServer.handleRequest (D:\\software engineering\\templates\\frontend-template\\tailadmin-dashboard\\node_modules\\next\\dist\\server\\dev\\next-dev-server.js:390:24)\n    at async invokeRender (D:\\software engineering\\templates\\frontend-template\\tailadmin-dashboard\\node_modules\\next\\dist\\server\\lib\\router-server.js:266:21)\n    at async handleRequest (D:\\software engineering\\templates\\frontend-template\\tailadmin-dashboard\\node_modules\\next\\dist\\server\\lib\\router-server.js:465:24)\n    at async requestHandlerImpl (D:\\software engineering\\templates\\frontend-template\\tailadmin-dashboard\\node_modules\\next\\dist\\server\\lib\\router-server.js:514:13)\n    at async Server.requestListener (D:\\software engineering\\templates\\frontend-template\\tailadmin-dashboard\\node_modules\\next\\dist\\server\\lib\\start-server.js:225:13)","status":500,"type":"AxiosError"},"context":"getUserAddresses","userId":11,"filters":{"limit":1000},"msg":"API request failed"}
{"level":50,"time":1787938146167,"pid":7520,"hostname":"ELTECH","detail":"An unexpected error occurred","instance":"/api/v1/addresses/user/11","status":500,"title":"Internal server error","errorCode":"INTERNAL_ERROR","msg":"[Axios Error] [getUserAddresses]"}
{"level":50,"time":1787938146188,"pid":7520,"hostname":"ELTECH","error":"Request failed with status code 500","detail":"An unexpected error occurred","instance":"/api/v1/addresses/user/11","status":500,"title":"Internal server error","errorCode":"INTERNAL_ERROR","msg":"API error"}
{"level":50,"time":1787938146192,"pid":7520,"hostname":"ELTECH","err":{"code":"ERR_BAD_RESPONSE","config":{"adapter":["xhr","http","fetch"],"allowAbsoluteUrls":true,"baseURL":"","env":{},"headers":{"Accept":"application/json","Accept-Encoding":"gzip, compress, deflate, br","Content-Type":"application/json; charset=utf-8","User-Agent":"axios/1.17.0"},"maxBodyLength":-1,"maxContentLength":-1,"method":"get","timeout":60000,"transformRequest":[null],"transformResponse":[null],"transitional":{"advertiseZstdAcceptEncoding":false,"clarifyTimeoutError":false,"forcedJSONParsing":true,"legacyInterceptorReqResOrdering":true,"silentJSONParsing":true},"url":"http://localhost:8081/api/v1/addresses/user/11?page=2&limit=5","xsrfCookieName":"XSRF-TOKEN","xsrfHeaderName":"X-XSRF-TOKEN"},"isAxiosError":true,"message":"Request failed with status code 500","name":"AxiosError","request":{"_closed":false,"_contentLength":0,"_defaultKeepAlive":true,"_ended":true,"_events":{},"_eventsCount":7,"_hasBody":true,"_header":"GET /api/v1/addresses/user/11?page=2&limit=5 HTTP/1.1\r\nAccept: application/json\r\nContent-Type: application/json; charset=utf-8\r\nUser-Agent: axios/1.17.0\r\nAccept-Encoding: gzip, compress, deflate, br\r\nHost: localhost:8081\r\nConnection: keep-alive\r\n\r\n","_headerSent":true,"_keepAliveTimeout":0,"_last":true,"_redirectable":{"_currentRequest":"[Circular]","_currentUrl":"http://localhost:8081/api/v1/addresses/user/11?page=2&limit=5","_ended":true,"_ending":true,"_events":{"socket":[null,null]},"_eventsCount":4,"_headerFilter":{},"_options":{"agents":{},"beforeRedirects":{},"headers":{"Accept":"application/json","Accept-Encoding":"gzip, compress, deflate, br","Content-Type":"application/json; charset=utf-8","User-Agent":"axios/1.17.0"},"hostname":"localhost","insecureHTTPParser":false,"maxBodyLength":null,"maxRedirects":21,"method":"GET","nativeProtocols":{"http:":"[Object]","https:":"[Object]"},"path":"/api/v1/addresses/user/11?page=2&limit=5","pathname":"/api/v1/addresses/user/11","port":"8081","protocol":"http:","search":"?page=2&limit=5","sensitiveHeaders":[]},"_redirectCount":0,"_redirects":[],"_requestBodyBuffers":[],"_requestBodyLength":0,"_timeout":null,"_writableState":{"bufferedIndex":0,"corked":0,"highWaterMark":16384,"length":0,"pendingcb":0,"writelen":0}},"_removedConnection":false,"_removedContLen":false,"_removedTE":false,"_trailer":"","aborted":false,"agent":{"_events":{},"_eventsCount":2,"defaultPort":80,"freeSockets":{"localhost:8081:":["[Object]","[Object]"]},"keepAlive":true,"keepAliveMsecs":1000,"maxFreeSockets":256,"maxSockets":null,"maxTotalSockets":null,"options":{"keepAlive":true,"noDelay":true,"path":null,"scheduling":"lifo","timeout":5000},"protocol":"http:","requests":{},"scheduling":"lifo","sockets":{"localhost:8081:":["[Object]","[Object]"]},"totalSocketCount":4},"chunkedEncoding":false,"destroyed":false,"finished":true,"host":"localhost","insecureHTTPParser":false,"maxHeadersCount":null,"maxRequestsOnConnectionReached":false,"method":"GET","outputData":[],"outputSize":0,"parser":null,"path":"/api/v1/addresses/user/11?page=2&limit=5","protocol":"http:","res":{"_consuming":true,"_dumped":false,"_events":{"end":[null,null]},"_eventsCount":4,"_readableState":{"awaitDrainWriters":null,"buffer":[],"bufferIndex":0,"highWaterMark":16384,"length":0,"pipes":[]},"aborted":false,"client":{"_closeAfterHandlingError":false,"_events":{"close":"[Array]","error":"[Array]","timeout":"[Array]"},"_eventsCount":7,"_hadError":false,"_host":"localhost","_httpMessage":"[Circular]","_parent":null,"_pendingData":null,"_pendingEncoding":"","_readableState":{"awaitDrainWriters":null,"buffer":[],"bufferIndex":0,"highWaterMark":16384,"length":0,"pipes":[]},"_server":null,"_sockname":null,"_writableState":{"bufferedIndex":0,"corked":0,"highWaterMark":16384,"length":0,"pendingcb":1,"writelen":0},"allowHalfOpen":false,"autoSelectFamilyAttemptedAddresses":["::1:8081"],"connecting":false,"parser":null,"server":null,"timeout":60000},"complete":true,"httpVersion":"1.1","httpVersionMajor":1,"httpVersionMinor":1,"method":null,"rawHeaders":["X-Content-Type-Options","nosniff","X-XSS-Protection","0","Cache-Control","no-cache, no-store, max-age=0, must-revalidate","Pragma","no-cache","Expires","0","X-Frame-Options","DENY","Content-Type","application/problem+json","Transfer-Encoding","chunked","Date","Fri, 28 Aug 2026 17:29:06 GMT","Connection","close"],"rawTrailers":[],"redirects":[],"req":"[Circular]","responseUrl":"http://localhost:8081/api/v1/addresses/user/11?page=2&limit=5","socket":{"_closeAfterHandlingError":false,"_events":{"close":"[Array]","error":"[Array]","timeout":"[Array]"},"_eventsCount":7,"_hadError":false,"_host":"localhost","_httpMessage":"[Circular]","_parent":null,"_pendingData":null,"_pendingEncoding":"","_readableState":{"awaitDrainWriters":null,"buffer":[],"bufferIndex":0,"highWaterMark":16384,"length":0,"pipes":[]},"_server":null,"_sockname":null,"_writableState":{"bufferedIndex":0,"corked":0,"highWaterMark":16384,"length":0,"pendingcb":1,"writelen":0},"allowHalfOpen":false,"autoSelectFamilyAttemptedAddresses":["::1:8081"],"connecting":false,"parser":null,"server":null,"timeout":60000},"statusCode":500,"statusMessage":"","upgrade":false,"url":""},"reusedSocket":false,"sendDate":false,"shouldKeepAlive":false,"strictContentLength":false,"upgradeOrConnect":false,"useChunkedEncodingByDefault":false,"writable":true},"response":{"config":{"adapter":["xhr","http","fetch"],"allowAbsoluteUrls":true,"baseURL":"","env":{},"headers":{"Accept":"application/json","Accept-Encoding":"gzip, compress, deflate, br","Content-Type":"application/json; charset=utf-8","User-Agent":"axios/1.17.0"},"maxBodyLength":-1,"maxContentLength":-1,"method":"get","timeout":60000,"transformRequest":[null],"transformResponse":[null],"transitional":{"advertiseZstdAcceptEncoding":false,"clarifyTimeoutError":false,"forcedJSONParsing":true,"legacyInterceptorReqResOrdering":true,"silentJSONParsing":true},"url":"http://localhost:8081/api/v1/addresses/user/11?page=2&limit=5","xsrfCookieName":"XSRF-TOKEN","xsrfHeaderName":"X-XSRF-TOKEN"},"data":{"detail":"An unexpected error occurred","errorCode":"INTERNAL_ERROR","instance":"/api/v1/addresses/user/11","status":500,"title":"Internal server error"},"headers":{"cache-control":"no-cache, no-store, max-age=0, must-revalidate","connection":"close","content-type":"application/problem+json","date":"Fri, 28 Aug 2026 17:29:06 GMT","expires":"0","pragma":"no-cache","transfer-encoding":"chunked","x-content-type-options":"nosniff","x-frame-options":"DENY","x-xss-protection":"0"},"request":{"_closed":false,"_contentLength":0,"_defaultKeepAlive":true,"_ended":true,"_events":{},"_eventsCount":7,"_hasBody":true,"_header":"GET /api/v1/addresses/user/11?page=2&limit=5 HTTP/1.1\r\nAccept: application/json\r\nContent-Type: application/json; charset=utf-8\r\nUser-Agent: axios/1.17.0\r\nAccept-Encoding: gzip, compress, deflate, br\r\nHost: localhost:8081\r\nConnection: keep-alive\r\n\r\n","_headerSent":true,"_keepAliveTimeout":0,"_last":true,"_redirectable":{"_currentRequest":"[Circular]","_currentUrl":"http://localhost:8081/api/v1/addresses/user/11?page=2&limit=5","_ended":true,"_ending":true,"_events":{"socket":"[Array]"},"_eventsCount":4,"_headerFilter":{},"_options":{"agents":"[Object]","beforeRedirects":"[Object]","headers":"[Object]","hostname":"localhost","insecureHTTPParser":false,"maxBodyLength":null,"maxRedirects":21,"method":"GET","nativeProtocols":"[Object]","path":"/api/v1/addresses/user/11?page=2&limit=5","pathname":"/api/v1/addresses/user/11","port":"8081","protocol":"http:","search":"?page=2&limit=5","sensitiveHeaders":[]},"_redirectCount":0,"_redirects":[],"_requestBodyBuffers":[],"_requestBodyLength":0,"_timeout":null,"_writableState":{"bufferedIndex":0,"corked":0,"highWaterMark":16384,"length":0,"pendingcb":0,"writelen":0}},"_removedConnection":false,"_removedContLen":false,"_removedTE":false,"_trailer":"","aborted":false,"agent":{"_events":{},"_eventsCount":2,"defaultPort":80,"freeSockets":{"localhost:8081:":"[Array]"},"keepAlive":true,"keepAliveMsecs":1000,"maxFreeSockets":256,"maxSockets":null,"maxTotalSockets":null,"options":{"keepAlive":true,"noDelay":true,"path":null,"scheduling":"lifo","timeout":5000},"protocol":"http:","requests":{},"scheduling":"lifo","sockets":{"localhost:8081:":"[Array]"},"totalSocketCount":4},"chunkedEncoding":false,"destroyed":false,"finished":true,"host":"localhost","insecureHTTPParser":false,"maxHeadersCount":null,"maxRequestsOnConnectionReached":false,"method":"GET","outputData":[],"outputSize":0,"parser":null,"path":"/api/v1/addresses/user/11?page=2&limit=5","protocol":"http:","res":{"_consuming":true,"_dumped":false,"_events":{"end":"[Array]"},"_eventsCount":4,"_readableState":{"awaitDrainWriters":null,"buffer":[],"bufferIndex":0,"highWaterMark":16384,"length":0,"pipes":[]},"aborted":false,"client":{"_closeAfterHandlingError":false,"_events":"[Object]","_eventsCount":7,"_hadError":false,"_host":"localhost","_httpMessage":"[Circular]","_parent":null,"_pendingData":null,"_pendingEncoding":"","_readableState":"[Object]","_server":null,"_sockname":null,"_writableState":"[Object]","allowHalfOpen":false,"autoSelectFamilyAttemptedAddresses":"[Array]","connecting":false,"parser":null,"server":null,"timeout":60000},"complete":true,"httpVersion":"1.1","httpVersionMajor":1,"httpVersionMinor":1,"method":null,"rawHeaders":["X-Content-Type-Options","nosniff","X-XSS-Protection","0","Cache-Control","no-cache, no-store, max-age=0, must-revalidate","Pragma","no-cache","Expires","0","X-Frame-Options","DENY","Content-Type","application/problem+json","Transfer-Encoding","chunked","Date","Fri, 28 Aug 2026 17:29:06 GMT","Connection","close"],"rawTrailers":[],"redirects":[],"req":"[Circular]","responseUrl":"http://localhost:8081/api/v1/addresses/user/11?page=2&limit=5","socket":{"_closeAfterHandlingError":false,"_events":"[Object]","_eventsCount":7,"_hadError":false,"_host":"localhost","_httpMessage":"[Circular]","_parent":null,"_pendingData":null,"_pendingEncoding":"","_readableState":"[Object]","_server":null,"_sockname":null,"_writableState":"[Object]","allowHalfOpen":false,"autoSelectFamilyAttemptedAddresses":"[Array]","connecting":false,"parser":null,"server":null,"timeout":60000},"statusCode":500,"statusMessage":"","upgrade":false,"url":""},"reusedSocket":false,"sendDate":false,"shouldKeepAlive":false,"strictContentLength":false,"upgradeOrConnect":false,"useChunkedEncodingByDefault":false,"writable":true},"status":500,"statusText":""},"stack":"AxiosError: Request failed with status code 500\n    at settle (webpack-internal:///(rsc)/./node_modules/axios/lib/core/settle.js:24:12)\n    at IncomingMessage.handleStreamEnd (webpack-internal:///(rsc)/./node_modules/axios/lib/adapters/http.js:1116:73)\n    at IncomingMessage.emit (node:events:530:35)\n    at endReadableNT (node:internal/streams/readable:1698:12)\n    at process.processTicksAndRejections (node:internal/process/task_queues:90:21)\n    at Axios.request (webpack-internal:///(rsc)/./node_modules/axios/lib/core/Axios.js:59:41)\n    at process.processTicksAndRejections (node:internal/process/task_queues:105:5)\n    at async getUserAddresses (webpack-internal:///(rsc)/./src/lib/addresses/api/services/address.server.ts:38:26)\n    at async GET (webpack-internal:///(rsc)/./src/app/api/addresses/user/[userId]/route.ts:23:22)\n    at async AppRouteRouteModule.do (D:\\software engineering\\templates\\frontend-template\\tailadmin-dashboard\\node_modules\\next\\dist\\compiled\\next-server\\app-route.runtime.dev.js:5:40131)\n    at async AppRouteRouteModule.handle (D:\\software engineering\\templates\\frontend-template\\tailadmin-dashboard\\node_modules\\next\\dist\\compiled\\next-server\\app-route.runtime.dev.js:5:47411)\n    at async responseGenerator (webpack-internal:///(rsc)/./node_modules/next/dist/build/webpack/loaders/next-app-loader/index.js?name=app%2Fapi%2Faddresses%2Fuser%2F%5BuserId%5D%2Froute&page=%2Fapi%2Faddresses%2Fuser%2F%5BuserId%5D%2Froute&appPaths=&allNormalizedAppPaths=&pagePath=private-next-app-dir%2Fapi%2Faddresses%2Fuser%2F%5BuserId%5D%2Froute.ts&appDir=D%3A%5Csoftware%20engineering%5Ctemplates%5Cfrontend-template%5Ctailadmin-dashboard%5Csrc%5Capp&pageExtensions=tsx&pageExtensions=ts&pageExtensions=jsx&pageExtensions=js&rootDir=D%3A%5Csoftware%20engineering%5Ctemplates%5Cfrontend-template%5Ctailadmin-dashboard&isDev=true&tsconfigPath=&basePath=&assetPrefix=&nextConfigOutput=&preferredRegion=&middlewareConfig=e30%3D&isGlobalNotFoundEnabled=!:251:38)\n    at async AppRouteRouteModule.handleResponse (D:\\software engineering\\templates\\frontend-template\\tailadmin-dashboard\\node_modules\\next\\dist\\compiled\\next-server\\app-route.runtime.dev.js:1:228477)\n    at async handleResponse (webpack-internal:///(rsc)/./node_modules/next/dist/build/webpack/loaders/next-app-loader/index.js?name=app%2Fapi%2Faddresses%2Fuser%2F%5BuserId%5D%2Froute&page=%2Fapi%2Faddresses%2Fuser%2F%5BuserId%5D%2Froute&appPaths=&allNormalizedAppPaths=&pagePath=private-next-app-dir%2Fapi%2Faddresses%2Fuser%2F%5BuserId%5D%2Froute.ts&appDir=D%3A%5Csoftware%20engineering%5Ctemplates%5Cfrontend-template%5Ctailadmin-dashboard%5Csrc%5Capp&pageExtensions=tsx&pageExtensions=ts&pageExtensions=jsx&pageExtensions=js&rootDir=D%3A%5Csoftware%20engineering%5Ctemplates%5Cfrontend-template%5Ctailadmin-dashboard&isDev=true&tsconfigPath=&basePath=&assetPrefix=&nextConfigOutput=&preferredRegion=&middlewareConfig=e30%3D&isGlobalNotFoundEnabled=!:314:32)\n    at async Module.handler (webpack-internal:///(rsc)/./node_modules/next/dist/build/webpack/loaders/next-app-loader/index.js?name=app%2Fapi%2Faddresses%2Fuser%2F%5BuserId%5D%2Froute&page=%2Fapi%2Faddresses%2Fuser%2F%5BuserId%5D%2Froute&appPaths=&allNormalizedAppPaths=&pagePath=private-next-app-dir%2Fapi%2Faddresses%2Fuser%2F%5BuserId%5D%2Froute.ts&appDir=D%3A%5Csoftware%20engineering%5Ctemplates%5Cfrontend-template%5Ctailadmin-dashboard%5Csrc%5Capp&pageExtensions=tsx&pageExtensions=ts&pageExtensions=jsx&pageExtensions=js&rootDir=D%3A%5Csoftware%20engineering%5Ctemplates%5Cfrontend-template%5Ctailadmin-dashboard&isDev=true&tsconfigPath=&basePath=&assetPrefix=&nextConfigOutput=&preferredRegion=&middlewareConfig=e30%3D&isGlobalNotFoundEnabled=!:369:13)\n    at async DevServer.renderToResponseWithComponentsImpl (D:\\software engineering\\templates\\frontend-template\\tailadmin-dashboard\\node_modules\\next\\dist\\server\\base-server.js:1462:9)\n    at async DevServer.renderPageComponent (D:\\software engineering\\templates\\frontend-template\\tailadmin-dashboard\\node_modules\\next\\dist\\server\\base-server.js:1514:24)\n    at async DevServer.renderToResponseImpl (D:\\software engineering\\templates\\frontend-template\\tailadmin-dashboard\\node_modules\\next\\dist\\server\\base-server.js:1564:32)\n    at async DevServer.pipeImpl (D:\\software engineering\\templates\\frontend-template\\tailadmin-dashboard\\node_modules\\next\\dist\\server\\base-server.js:1044:25)\n    at async NextNodeServer.handleCatchallRenderRequest (D:\\software engineering\\templates\\frontend-template\\tailadmin-dashboard\\node_modules\\next\\dist\\server\\next-server.js:338:17)\n    at async DevServer.handleRequestImpl (D:\\software engineering\\templates\\frontend-template\\tailadmin-dashboard\\node_modules\\next\\dist\\server\\base-server.js:935:17)\n    at async D:\\software engineering\\templates\\frontend-template\\tailadmin-dashboard\\node_modules\\next\\dist\\server\\dev\\next-dev-server.js:394:20\n    at async Span.traceAsyncFn (D:\\software engineering\\templates\\frontend-template\\tailadmin-dashboard\\node_modules\\next\\dist\\trace\\trace.js:164:20)\n    at async DevServer.handleRequest (D:\\software engineering\\templates\\frontend-template\\tailadmin-dashboard\\node_modules\\next\\dist\\server\\dev\\next-dev-server.js:390:24)\n    at async invokeRender (D:\\software engineering\\templates\\frontend-template\\tailadmin-dashboard\\node_modules\\next\\dist\\server\\lib\\router-server.js:266:21)\n    at async handleRequest (D:\\software engineering\\templates\\frontend-template\\tailadmin-dashboard\\node_modules\\next\\dist\\server\\lib\\router-server.js:465:24)\n    at async requestHandlerImpl (D:\\software engineering\\templates\\frontend-template\\tailadmin-dashboard\\node_modules\\next\\dist\\server\\lib\\router-server.js:514:13)\n    at async Server.requestListener (D:\\software engineering\\templates\\frontend-template\\tailadmin-dashboard\\node_modules\\next\\dist\\server\\lib\\start-server.js:225:13)","status":500,"type":"AxiosError"},"context":"getUserAddresses","userId":11,"filters":{"page":2,"limit":5},"msg":"API request failed"}
{"level":50,"time":1787938146200,"pid":7520,"hostname":"ELTECH","detail":"An unexpected error occurred","instance":"/api/v1/addresses/user/11","status":500,"title":"Internal server error","errorCode":"INTERNAL_ERROR","msg":"[Axios Error] [getUserAddresses]"}
{"level":30,"time":1787938146311,"pid":7520,"hostname":"ELTECH","id":11,"msg":"User fetched"}
{"level":30,"time":1787938150271,"pid":7520,"hostname":"ELTECH","filters":{"page":2,"limit":10},"count":16,"msg":"Users fetched"}
{"level":30,"time":1787938258774,"pid":7520,"hostname":"ELTECH","filters":{"page":2,"limit":10},"count":16,"msg":"Users fetched"}
{"level":30,"time":1787938268920,"pid":7520,"hostname":"ELTECH","filters":{"page":2,"limit":10},"count":16,"msg":"Users fetched"}
{"level":30,"time":1787938320710,"pid":7520,"hostname":"ELTECH","filters":{"page":2,"limit":10},"count":16,"msg":"Users fetched"}
{"level":30,"time":1787938321786,"pid":7520,"hostname":"ELTECH","filters":{"page":2,"limit":10},"count":16,"msg":"Users fetched"}
{"level":30,"time":1787938323699,"pid":7520,"hostname":"ELTECH","filters":{"page":2,"limit":10},"count":16,"msg":"Users fetched"}
{"level":30,"time":1787938342041,"pid":7520,"hostname":"ELTECH","filters":{"limit":1000},"count":16,"msg":"Users fetched"}
{"level":30,"time":1787938342065,"pid":7520,"hostname":"ELTECH","filters":{"page":2,"limit":5},"count":16,"msg":"Users fetched"}
{"level":30,"time":1787938342068,"pid":7520,"hostname":"ELTECH","filters":{"page":2,"limit":10},"count":16,"msg":"Users fetched"}
{"level":30,"time":1787938345253,"pid":7520,"hostname":"ELTECH","filters":{"page":2,"limit":5},"count":16,"msg":"Users fetched"}
{"level":30,"time":1787938345808,"pid":7520,"hostname":"ELTECH","filters":{"limit":1000},"count":16,"msg":"Users fetched"}
{"level":30,"time":1787938347932,"pid":7520,"hostname":"ELTECH","filters":{"page":2,"limit":10},"count":16,"msg":"Users fetched"}
{"level":30,"time":1787938359689,"pid":7520,"hostname":"ELTECH","filters":{"page":2,"limit":10},"count":16,"msg":"Users fetched"}
{"level":30,"time":1787938394915,"pid":7520,"hostname":"ELTECH","filters":{"page":2,"limit":10},"count":16,"msg":"Users fetched"}
{"level":30,"time":1787938397961,"pid":7520,"hostname":"ELTECH","filters":{"page":2,"limit":10},"count":16,"msg":"Users fetched"}
{"level":30,"time":1787938402531,"pid":7520,"hostname":"ELTECH","filters":{"page":2,"limit":10},"count":16,"msg":"Users fetched"}
{"level":30,"time":1787938404459,"pid":7520,"hostname":"ELTECH","filters":{"page":2,"limit":10},"count":16,"msg":"Users fetched"}
{"level":30,"time":1787938416069,"pid":7520,"hostname":"ELTECH","filters":{"page":2,"limit":10},"count":16,"msg":"Users fetched"}
{"level":30,"time":1787938422576,"pid":7520,"hostname":"ELTECH","filters":{"page":2,"limit":10},"count":16,"msg":"Users fetched"}
{"level":30,"time":1787938435270,"pid":7520,"hostname":"ELTECH","filters":{"page":2,"limit":10},"count":16,"msg":"Users fetched"}
{"level":30,"time":1787938454293,"pid":7520,"hostname":"ELTECH","filters":{"page":2,"limit":10},"count":16,"msg":"Users fetched"}
{"level":30,"time":1787938457679,"pid":7520,"hostname":"ELTECH","filters":{"page":2,"limit":10},"count":16,"msg":"Users fetched"}
{"level":30,"time":1787938460995,"pid":7520,"hostname":"ELTECH","filters":{"page":2,"limit":10},"count":16,"msg":"Users fetched"}
{"level":30,"time":1787938465383,"pid":7520,"hostname":"ELTECH","filters":{"page":2,"limit":10},"count":16,"msg":"Users fetched"}
{"level":30,"time":1787938470058,"pid":7520,"hostname":"ELTECH","filters":{"page":2,"limit":10},"count":16,"msg":"Users fetched"}
{"level":30,"time":1787938473974,"pid":7520,"hostname":"ELTECH","filters":{"page":2,"limit":10},"count":16,"msg":"Users fetched"}
{"level":30,"time":1787938480096,"pid":7520,"hostname":"ELTECH","filters":{"page":2,"limit":10},"count":16,"msg":"Users fetched"}
{"level":30,"time":1787938485384,"pid":7520,"hostname":"ELTECH","filters":{"page":2,"limit":10},"count":16,"msg":"Users fetched"}
{"level":30,"time":1787938487658,"pid":7520,"hostname":"ELTECH","filters":{"page":2,"limit":10},"count":16,"msg":"Users fetched"}
{"level":30,"time":1787938508720,"pid":7520,"hostname":"ELTECH","filters":{"page":2,"limit":10},"count":16,"msg":"Users fetched"}
{"level":30,"time":1787938509737,"pid":7520,"hostname":"ELTECH","filters":{"page":2,"limit":10},"count":16,"msg":"Users fetched"}
{"level":30,"time":1787938512929,"pid":7520,"hostname":"ELTECH","filters":{"page":2,"limit":10},"count":16,"msg":"Users fetched"}
{"level":30,"time":1787938539871,"pid":7520,"hostname":"ELTECH","filters":{"page":2,"limit":10},"count":16,"msg":"Users fetched"}
{"level":30,"time":1787938544514,"pid":7520,"hostname":"ELTECH","filters":{"page":2,"limit":10},"count":16,"msg":"Users fetched"}
{"level":30,"time":1787938551797,"pid":7520,"hostname":"ELTECH","filters":{"page":2,"limit":10},"count":16,"msg":"Users fetched"}
{"level":30,"time":1787938554507,"pid":7520,"hostname":"ELTECH","filters":{"page":2,"limit":10},"count":16,"msg":"Users fetched"}
{"level":30,"time":1787938557619,"pid":7520,"hostname":"ELTECH","filters":{"page":2,"limit":10},"count":16,"msg":"Users fetched"}
{"level":30,"time":1787938567822,"pid":7520,"hostname":"ELTECH","filters":{"page":2,"limit":10},"count":16,"msg":"Users fetched"}
{"level":30,"time":1787938581491,"pid":7520,"hostname":"ELTECH","filters":{"page":2,"limit":10},"count":16,"msg":"Users fetched"}
{"level":30,"time":1787938581576,"pid":7520,"hostname":"ELTECH","filters":{"page":2,"limit":10},"count":16,"msg":"Users fetched"}
{"level":30,"time":1787938585083,"pid":7520,"hostname":"ELTECH","filters":{"page":2,"limit":10},"count":16,"msg":"Users fetched"}
{"level":30,"time":1787938610462,"pid":7520,"hostname":"ELTECH","filters":{"page":2,"limit":10},"count":16,"msg":"Users fetched"}
{"level":30,"time":1787938613201,"pid":7520,"hostname":"ELTECH","filters":{"page":2,"limit":10},"count":16,"msg":"Users fetched"}
{"level":30,"time":1787938633468,"pid":7520,"hostname":"ELTECH","filters":{"page":2,"limit":10},"count":16,"msg":"Users fetched"}
{"level":30,"time":1787938647959,"pid":7520,"hostname":"ELTECH","filters":{"limit":1000},"count":16,"msg":"Users fetched"}
{"level":30,"time":1787938647964,"pid":7520,"hostname":"ELTECH","filters":{"page":2,"limit":5},"count":16,"msg":"Users fetched"}
{"level":30,"time":1787938647969,"pid":7520,"hostname":"ELTECH","filters":{"page":2,"limit":10},"count":16,"msg":"Users fetched"}
{"level":30,"time":1787938649506,"pid":7520,"hostname":"ELTECH","filters":{"page":2,"limit":5},"count":16,"msg":"Users fetched"}
{"level":30,"time":1787938649684,"pid":7520,"hostname":"ELTECH","filters":{"limit":1000},"count":16,"msg":"Users fetched"}
{"level":30,"time":1787938663635,"pid":7520,"hostname":"ELTECH","id":11,"msg":"User fetched"}
{"level":30,"time":1787938709921,"pid":7520,"hostname":"ELTECH","filters":{"page":2,"limit":10},"count":16,"msg":"Users fetched"}
{"level":30,"time":1787938712678,"pid":7520,"hostname":"ELTECH","filters":{"page":2,"limit":5},"count":16,"msg":"Users fetched"}
{"level":30,"time":1787938713080,"pid":7520,"hostname":"ELTECH","filters":{"limit":1000},"count":16,"msg":"Users fetched"}
{"level":30,"time":1787938747951,"pid":7520,"hostname":"ELTECH","filters":{"page":2,"limit":10},"count":16,"msg":"Users fetched"}
{"level":30,"time":1787938749395,"pid":7520,"hostname":"ELTECH","filters":{"page":2,"limit":5},"count":16,"msg":"Users fetched"}
{"level":30,"time":1787938756112,"pid":7520,"hostname":"ELTECH","filters":{"limit":1000},"count":16,"msg":"Users fetched"}
{"level":30,"time":1787938771603,"pid":7520,"hostname":"ELTECH","filters":{"page":1,"limit":10},"count":16,"msg":"Users fetched"}
{"level":30,"time":1787938771644,"pid":7520,"hostname":"ELTECH","filters":{"page":1,"limit":5},"count":16,"msg":"Users fetched"}
{"level":30,"time":1787938777994,"pid":7520,"hostname":"ELTECH","id":16,"msg":"User fetched"}
{"level":30,"time":1787938787857,"pid":7520,"hostname":"ELTECH","filters":{"page":1,"limit":10},"count":16,"msg":"Users fetched"}
{"level":30,"time":1787938836058,"pid":7520,"hostname":"ELTECH","filters":{"page":1,"limit":5},"count":16,"msg":"Users fetched"}
{"level":30,"time":1787938836075,"pid":7520,"hostname":"ELTECH","filters":{"limit":1000},"count":16,"msg":"Users fetched"}
{"level":30,"time":1787938861856,"pid":7520,"hostname":"ELTECH","filters":{"page":1,"limit":10},"count":16,"msg":"Users fetched"}
{"level":30,"time":1787938863798,"pid":7520,"hostname":"ELTECH","filters":{"page":1,"limit":5},"count":16,"msg":"Users fetched"}
{"level":30,"time":1787938864204,"pid":7520,"hostname":"ELTECH","filters":{"limit":1000},"count":16,"msg":"Users fetched"}
{"level":30,"time":1787938925863,"pid":7520,"hostname":"ELTECH","filters":{"page":1,"limit":10},"count":16,"msg":"Users fetched"}
{"level":30,"time":1787938949856,"pid":7520,"hostname":"ELTECH","filters":{"page":1,"limit":10},"count":16,"msg":"Users fetched"}
{"level":30,"time":1787938952386,"pid":7520,"hostname":"ELTECH","filters":{"page":1,"limit":10},"count":16,"msg":"Users fetched"}
{"level":30,"time":1787938967053,"pid":7520,"hostname":"ELTECH","url":"http://localhost:8081/api/v1/addresses","filters":{},"count":22,"msg":"User addresses fetched"}
{"level":30,"time":1787938973387,"pid":7520,"hostname":"ELTECH","url":"http://localhost:8081/api/v1/addresses","filters":{},"count":22,"msg":"User addresses fetched"}
{"level":30,"time":1787939004156,"pid":7520,"hostname":"ELTECH","url":"http://localhost:8081/api/v1/addresses","filters":{},"count":22,"msg":"User addresses fetched"}
{"level":30,"time":1787939005873,"pid":7520,"hostname":"ELTECH","url":"http://localhost:8081/api/v1/addresses","filters":{},"count":22,"msg":"User addresses fetched"}
{"level":30,"time":1787939049717,"pid":7520,"hostname":"ELTECH","url":"http://localhost:8081/api/v1/addresses","filters":{},"count":22,"msg":"User addresses fetched"}
{"level":30,"time":1787939050901,"pid":7520,"hostname":"ELTECH","url":"http://localhost:8081/api/v1/addresses","filters":{},"count":22,"msg":"User addresses fetched"}
{"level":30,"time":1787939077311,"pid":7520,"hostname":"ELTECH","url":"http://localhost:8081/api/v1/addresses","filters":{},"count":22,"msg":"User addresses fetched"}
{"level":30,"time":1787939096646,"pid":7520,"hostname":"ELTECH","url":"http://localhost:8081/api/v1/addresses?userId=2","filters":{"userId":2},"count":7,"msg":"User addresses fetched"}
{"level":30,"time":1787939114281,"pid":7520,"hostname":"ELTECH","filters":{"page":1,"limit":5},"count":16,"msg":"Users fetched"}
{"level":30,"time":1787939114291,"pid":7520,"hostname":"ELTECH","filters":{"limit":1000},"count":16,"msg":"Users fetched"}
{"level":30,"time":1787939117728,"pid":7520,"hostname":"ELTECH","id":16,"msg":"User fetched"}
{"level":30,"time":1787939120347,"pid":7520,"hostname":"ELTECH","url":"http://localhost:8081/api/v1/addresses?page=1&limit=5","filters":{"page":1,"limit":5},"count":22,"msg":"User addresses fetched"}
{"level":30,"time":1787939120430,"pid":7520,"hostname":"ELTECH","url":"http://localhost:8081/api/v1/addresses?limit=1000","filters":{"limit":1000},"count":22,"msg":"User addresses fetched"}
{"level":30,"time":1787939125436,"pid":7520,"hostname":"ELTECH","filters":{"page":2,"limit":10},"count":16,"msg":"Users fetched"}
{"level":30,"time":1787939128634,"pid":7520,"hostname":"ELTECH","filters":{"page":2,"limit":10},"count":16,"msg":"Users fetched"}
{"level":30,"time":1787939129200,"pid":7520,"hostname":"ELTECH","filters":{"page":2,"limit":5},"count":16,"msg":"Users fetched"}
{"level":30,"time":1787939129422,"pid":7520,"hostname":"ELTECH","url":"http://localhost:8081/api/v1/addresses?page=2&limit=5","filters":{"page":2,"limit":5},"count":22,"msg":"User addresses fetched"}
{"level":30,"time":1787939143682,"pid":7520,"hostname":"ELTECH","filters":{"page":3,"limit":10},"count":16,"msg":"Users fetched"}
{"level":30,"time":1787939143717,"pid":7520,"hostname":"ELTECH","filters":{"page":3,"limit":5},"count":16,"msg":"Users fetched"}
{"level":30,"time":1787939143829,"pid":7520,"hostname":"ELTECH","url":"http://localhost:8081/api/v1/addresses?page=3&limit=5","filters":{"page":3,"limit":5},"count":22,"msg":"User addresses fetched"}
{"level":30,"time":1787939147441,"pid":7520,"hostname":"ELTECH","filters":{"page":4,"limit":10},"count":16,"msg":"Users fetched"}
{"level":30,"time":1787939147484,"pid":7520,"hostname":"ELTECH","filters":{"page":4,"limit":5},"count":16,"msg":"Users fetched"}
{"level":30,"time":1787939147543,"pid":7520,"hostname":"ELTECH","url":"http://localhost:8081/api/v1/addresses?page=4&limit=5","filters":{"page":4,"limit":5},"count":22,"msg":"User addresses fetched"}
{"level":30,"time":1787939148750,"pid":7520,"hostname":"ELTECH","filters":{"page":5,"limit":10},"count":16,"msg":"Users fetched"}
{"level":30,"time":1787939148820,"pid":7520,"hostname":"ELTECH","filters":{"page":5,"limit":5},"count":16,"msg":"Users fetched"}
{"level":30,"time":1787939148917,"pid":7520,"hostname":"ELTECH","url":"http://localhost:8081/api/v1/addresses?page=5&limit=5","filters":{"page":5,"limit":5},"count":22,"msg":"User addresses fetched"}
{"level":30,"time":1787939150525,"pid":7520,"hostname":"ELTECH","filters":{"page":3,"limit":10},"count":16,"msg":"Users fetched"}
{"level":30,"time":1787939154215,"pid":7520,"hostname":"ELTECH","filters":{"page":4,"limit":10},"count":16,"msg":"Users fetched"}
{"level":30,"time":1787939158967,"pid":7520,"hostname":"ELTECH","filters":{"page":2,"limit":10},"count":16,"msg":"Users fetched"}
{"level":30,"time":1787939160785,"pid":7520,"hostname":"ELTECH","filters":{"page":3,"limit":10},"count":16,"msg":"Users fetched"}
{"level":30,"time":1787939162651,"pid":7520,"hostname":"ELTECH","filters":{"page":4,"limit":10},"count":16,"msg":"Users fetched"}
{"level":30,"time":1787939191167,"pid":7520,"hostname":"ELTECH","filters":{"page":2,"limit":10},"count":16,"msg":"Users fetched"}
{"level":30,"time":1787939191452,"pid":7520,"hostname":"ELTECH","url":"http://localhost:8081/api/v1/addresses?page=2&limit=5","filters":{"page":2,"limit":5},"count":22,"msg":"User addresses fetched"}
{"level":30,"time":1787939191567,"pid":7520,"hostname":"ELTECH","filters":{"page":2,"limit":5},"count":16,"msg":"Users fetched"}
{"level":30,"time":1787939246732,"pid":7520,"hostname":"ELTECH","filters":{"page":2,"limit":10},"count":16,"msg":"Users fetched"}
{"level":30,"time":1787939247508,"pid":7520,"hostname":"ELTECH","filters":{"page":2,"limit":10},"count":16,"msg":"Users fetched"}
{"level":30,"time":1787939253050,"pid":7520,"hostname":"ELTECH","filters":{"page":2,"limit":10},"count":16,"msg":"Users fetched"}
{"level":30,"time":1787939287362,"pid":7520,"hostname":"ELTECH","filters":{"limit":1000},"count":16,"msg":"Users fetched"}
{"level":30,"time":1787939287375,"pid":7520,"hostname":"ELTECH","filters":{"page":2,"limit":5},"count":16,"msg":"Users fetched"}
{"level":30,"time":1787939348054,"pid":7520,"hostname":"ELTECH","id":10,"msg":"User fetched"}
{"level":30,"time":1787939364380,"pid":7520,"hostname":"ELTECH","url":"http://localhost:8081/api/v1/addresses?page=2&limit=5","filters":{"page":2,"limit":5},"count":22,"msg":"User addresses fetched"}
{"level":30,"time":1787939364409,"pid":7520,"hostname":"ELTECH","url":"http://localhost:8081/api/v1/addresses?limit=1000","filters":{"limit":1000},"count":22,"msg":"User addresses fetched"}
{"level":30,"time":1787939364419,"pid":7520,"hostname":"ELTECH","filters":{"page":4,"limit":10},"count":16,"msg":"Users fetched"}
{"level":30,"time":1787939364474,"pid":7520,"hostname":"ELTECH","filters":{"page":4,"limit":10},"count":16,"msg":"Users fetched"}
{"level":30,"time":1787939364949,"pid":7520,"hostname":"ELTECH","url":"http://localhost:8081/api/v1/addresses?page=4&limit=5","filters":{"page":4,"limit":5},"count":22,"msg":"User addresses fetched"}
{"level":30,"time":1787939368645,"pid":7520,"hostname":"ELTECH","filters":{"page":4,"limit":5},"count":16,"msg":"Users fetched"}
{"level":30,"time":1787939371938,"pid":7520,"hostname":"ELTECH","filters":{"page":4,"limit":10},"count":16,"msg":"Users fetched"}
{"level":30,"time":1787939374489,"pid":7520,"hostname":"ELTECH","filters":{"page":4,"limit":5},"count":16,"msg":"Users fetched"}
{"level":30,"time":1787939374711,"pid":7520,"hostname":"ELTECH","filters":{"limit":1000},"count":16,"msg":"Users fetched"}
{"level":30,"time":1787939397022,"pid":7520,"hostname":"ELTECH","filters":{"page":4,"limit":10},"count":16,"msg":"Users fetched"}
{"level":30,"time":1787939398725,"pid":7520,"hostname":"ELTECH","filters":{"page":4,"limit":5},"count":16,"msg":"Users fetched"}
{"level":30,"time":1787939398891,"pid":7520,"hostname":"ELTECH","filters":{"limit":1000},"count":16,"msg":"Users fetched"}
{"level":30,"time":1787939502331,"pid":7520,"hostname":"ELTECH","filters":{"page":4,"limit":10},"count":16,"msg":"Users fetched"}
{"level":30,"time":1787939503160,"pid":7520,"hostname":"ELTECH","filters":{"page":4,"limit":10},"count":16,"msg":"Users fetched"}
{"level":30,"time":1787939507603,"pid":7520,"hostname":"ELTECH","filters":{"page":4,"limit":10},"count":16,"msg":"Users fetched"}
{"level":30,"time":1787939508816,"pid":7520,"hostname":"ELTECH","filters":{"page":4,"limit":10},"count":16,"msg":"Users fetched"}
{"level":30,"time":1787939515941,"pid":7520,"hostname":"ELTECH","filters":{"page":4,"limit":10},"count":16,"msg":"Users fetched"}
{"level":30,"time":1787939530750,"pid":7520,"hostname":"ELTECH","filters":{"page":4,"limit":10},"count":16,"msg":"Users fetched"}
{"level":30,"time":1787939570608,"pid":7520,"hostname":"ELTECH","filters":{"page":4,"limit":10},"count":16,"msg":"Users fetched"}
{"level":30,"time":1787939574439,"pid":7520,"hostname":"ELTECH","filters":{"page":4,"limit":10},"count":16,"msg":"Users fetched"}
{"level":30,"time":1787939626737,"pid":7520,"hostname":"ELTECH","filters":{"page":4,"limit":10},"count":16,"msg":"Users fetched"}
{"level":30,"time":1787939632579,"pid":7520,"hostname":"ELTECH","filters":{"page":4,"limit":10},"count":16,"msg":"Users fetched"}
{"level":30,"time":1787939655392,"pid":7520,"hostname":"ELTECH","filters":{"page":4,"limit":5},"count":16,"msg":"Users fetched"}
{"level":30,"time":1787939655406,"pid":7520,"hostname":"ELTECH","filters":{"limit":1000},"count":16,"msg":"Users fetched"}
{"level":30,"time":1787939655426,"pid":7520,"hostname":"ELTECH","filters":{"page":4,"limit":10},"count":16,"msg":"Users fetched"}
{"level":30,"time":1787939657867,"pid":7520,"hostname":"ELTECH","filters":{"page":4,"limit":5},"count":16,"msg":"Users fetched"}
{"level":30,"time":1787939658029,"pid":7520,"hostname":"ELTECH","filters":{"limit":1000},"count":16,"msg":"Users fetched"}
{"level":30,"time":1787939689346,"pid":7520,"hostname":"ELTECH","filters":{"page":1,"limit":10},"count":5,"msg":"Posts fetched"}
{"level":30,"time":1787939690283,"pid":7520,"hostname":"ELTECH","filters":{"page":1,"limit":10},"count":5,"msg":"Posts fetched"}
{"level":30,"time":1787939693066,"pid":7520,"hostname":"ELTECH","filters":{"page":1,"limit":5},"count":5,"msg":"Posts fetched"}
{"level":30,"time":1787939693238,"pid":7520,"hostname":"ELTECH","filters":{"limit":1000},"count":5,"msg":"Posts fetched"}
{"level":30,"time":1787939695126,"pid":7520,"hostname":"ELTECH","filters":{"page":1,"limit":10},"count":16,"msg":"Users fetched"}
{"level":30,"time":1787939695199,"pid":7520,"hostname":"ELTECH","filters":{"page":1,"limit":5},"count":16,"msg":"Users fetched"}
{"level":30,"time":1787939705205,"pid":7520,"hostname":"ELTECH","id":16,"msg":"User fetched"}
{"level":30,"time":1787939752065,"pid":7520,"hostname":"ELTECH","url":"http://localhost:8081/api/v1/addresses?page=1&limit=5&userId=16","filters":{"page":1,"limit":5,"userId":16},"count":1,"msg":"User addresses fetched"}
{"level":30,"time":1787939752191,"pid":7520,"hostname":"ELTECH","filters":{"page":1,"limit":10},"count":16,"msg":"Users fetched"}
{"level":30,"time":1787939752246,"pid":7520,"hostname":"ELTECH","url":"http://localhost:8081/api/v1/addresses?limit=1000","filters":{"limit":1000},"count":22,"msg":"User addresses fetched"}
{"level":30,"time":1787939777730,"pid":7520,"hostname":"ELTECH","filters":{"page":4,"limit":10},"count":16,"msg":"Users fetched"}
{"level":30,"time":1787939777836,"pid":7520,"hostname":"ELTECH","filters":{"page":4,"limit":5},"count":16,"msg":"Users fetched"}
{"level":30,"time":1787939779342,"pid":7520,"hostname":"ELTECH","filters":{"page":2,"limit":10},"count":16,"msg":"Users fetched"}
{"level":30,"time":1787939779396,"pid":7520,"hostname":"ELTECH","filters":{"page":2,"limit":5},"count":16,"msg":"Users fetched"}
{"level":30,"time":1787939781448,"pid":7520,"hostname":"ELTECH","filters":{"page":4,"limit":10},"count":16,"msg":"Users fetched"}
{"level":30,"time":1787939784669,"pid":7520,"hostname":"ELTECH","filters":{"page":3,"limit":10},"count":16,"msg":"Users fetched"}
{"level":30,"time":1787939784725,"pid":7520,"hostname":"ELTECH","filters":{"page":3,"limit":5},"count":16,"msg":"Users fetched"}
{"level":30,"time":1787939786519,"pid":7520,"hostname":"ELTECH","filters":{"page":4,"limit":10},"count":16,"msg":"Users fetched"}
{"level":30,"time":1787939788463,"pid":7520,"hostname":"ELTECH","filters":{"page":3,"limit":10},"count":16,"msg":"Users fetched"}
{"level":30,"time":1787939791874,"pid":7520,"hostname":"ELTECH","id":2,"msg":"User fetched"}
{"level":30,"time":1787939793186,"pid":7520,"hostname":"ELTECH","url":"http://localhost:8081/api/v1/addresses?page=3&limit=5&userId=2","filters":{"page":3,"limit":5,"userId":2},"count":7,"msg":"User addresses fetched"}
{"level":30,"time":1787939796472,"pid":7520,"hostname":"ELTECH","filters":{"page":3,"limit":10},"count":16,"msg":"Users fetched"}
{"level":30,"time":1787939813805,"pid":7520,"hostname":"ELTECH","filters":{"page":4,"limit":10},"count":16,"msg":"Users fetched"}
{"level":30,"time":1787939816912,"pid":7520,"hostname":"ELTECH","id":1,"msg":"User fetched"}
{"level":30,"time":1787939818393,"pid":7520,"hostname":"ELTECH","url":"http://localhost:8081/api/v1/addresses?page=4&limit=5&userId=1","filters":{"page":4,"limit":5,"userId":1},"count":1,"msg":"User addresses fetched"}
{"level":30,"time":1787939818452,"pid":7520,"hostname":"ELTECH","url":"http://localhost:8081/api/v1/addresses?limit=1000","filters":{"limit":1000},"count":22,"msg":"User addresses fetched"}
{"level":30,"time":1787939821590,"pid":7520,"hostname":"ELTECH","filters":{"page":4,"limit":10},"count":16,"msg":"Users fetched"}
{"level":30,"time":1787939828637,"pid":7520,"hostname":"ELTECH","filters":{"page":2,"limit":10},"count":16,"msg":"Users fetched"}
{"level":30,"time":1787939830945,"pid":7520,"hostname":"ELTECH","id":9,"msg":"User fetched"}
{"level":30,"time":1787939832138,"pid":7520,"hostname":"ELTECH","url":"http://localhost:8081/api/v1/addresses?page=2&limit=5&userId=9","filters":{"page":2,"limit":5,"userId":9},"count":1,"msg":"User addresses fetched"}
{"level":30,"time":1787939834302,"pid":7520,"hostname":"ELTECH","filters":{"page":2,"limit":10},"count":16,"msg":"Users fetched"}
{"level":30,"time":1787939836137,"pid":7520,"hostname":"ELTECH","filters":{"page":1,"limit":10},"count":16,"msg":"Users fetched"}
{"level":30,"time":1787939836248,"pid":7520,"hostname":"ELTECH","filters":{"page":1,"limit":5},"count":16,"msg":"Users fetched"}
{"level":30,"time":1787939838743,"pid":7520,"hostname":"ELTECH","id":14,"msg":"User fetched"}
{"level":30,"time":1787939839807,"pid":7520,"hostname":"ELTECH","url":"http://localhost:8081/api/v1/addresses?page=1&limit=5&userId=14","filters":{"page":1,"limit":5,"userId":14},"count":1,"msg":"User addresses fetched"}
{"level":30,"time":1787939842703,"pid":7520,"hostname":"ELTECH","filters":{"page":1,"limit":10},"count":16,"msg":"Users fetched"}
{"level":30,"time":1787939850672,"pid":7520,"hostname":"ELTECH","url":"http://localhost:8081/api/v1/addresses?userId=2","filters":{"userId":2},"count":7,"msg":"User addresses fetched"}
{"level":30,"time":1787939860427,"pid":7520,"hostname":"ELTECH","filters":{"limit":1000},"count":16,"msg":"Users fetched"}
{"level":30,"time":1787939863507,"pid":7520,"hostname":"ELTECH","filters":{"page":4,"limit":10},"count":16,"msg":"Users fetched"}
{"level":30,"time":1787939863596,"pid":7520,"hostname":"ELTECH","filters":{"page":4,"limit":5},"count":16,"msg":"Users fetched"}
{"level":30,"time":1787939865136,"pid":7520,"hostname":"ELTECH","filters":{"page":3,"limit":10},"count":16,"msg":"Users fetched"}
{"level":30,"time":1787939865231,"pid":7520,"hostname":"ELTECH","filters":{"page":3,"limit":5},"count":16,"msg":"Users fetched"}
{"level":30,"time":1787939868112,"pid":7520,"hostname":"ELTECH","id":2,"msg":"User fetched"}
{"level":30,"time":1787939869356,"pid":7520,"hostname":"ELTECH","url":"http://localhost:8081/api/v1/addresses?page=3&limit=5&userId=2","filters":{"page":3,"limit":5,"userId":2},"count":7,"msg":"User addresses fetched"}
{"level":30,"time":1787939874972,"pid":7520,"hostname":"ELTECH","filters":{"page":3,"limit":10},"count":16,"msg":"Users fetched"}
{"level":30,"time":1787939893090,"pid":7520,"hostname":"ELTECH","url":"http://localhost:8081/api/v1/addresses?limit=1000","filters":{"limit":1000},"count":22,"msg":"User addresses fetched"}
{"level":30,"time":1787939920853,"pid":7520,"hostname":"ELTECH","filters":{"limit":1000},"count":16,"msg":"Users fetched"}
{"level":30,"time":1787939959768,"pid":7520,"hostname":"ELTECH","filters":{"page":3,"limit":10},"count":16,"msg":"Users fetched"}
{"level":30,"time":1787940006816,"pid":7520,"hostname":"ELTECH","filters":{"limit":1000},"count":16,"msg":"Users fetched"}
{"level":30,"time":1787940006873,"pid":7520,"hostname":"ELTECH","url":"http://localhost:8081/api/v1/addresses?page=3&limit=5&userId=2","filters":{"page":3,"limit":5,"userId":2},"count":7,"msg":"User addresses fetched"}
{"level":30,"time":1787940006914,"pid":7520,"hostname":"ELTECH","filters":{"page":3,"limit":5},"count":16,"msg":"Users fetched"}
{"level":30,"time":1787940006983,"pid":7520,"hostname":"ELTECH","url":"http://localhost:8081/api/v1/addresses?limit=1000","filters":{"limit":1000},"count":22,"msg":"User addresses fetched"}
{"level":30,"time":1787940011084,"pid":7520,"hostname":"ELTECH","id":2,"msg":"User fetched"}
{"level":30,"time":1787940013862,"pid":7520,"hostname":"ELTECH","filters":{"page":3,"limit":10},"count":16,"msg":"Users fetched"}
{"level":30,"time":1787940093575,"pid":7520,"hostname":"ELTECH","url":"http://localhost:8081/api/v1/addresses?page=3&limit=5&userId=2","filters":{"page":3,"limit":5,"userId":2},"count":7,"msg":"User addresses fetched"}
{"level":30,"time":1787940093603,"pid":7520,"hostname":"ELTECH","url":"http://localhost:8081/api/v1/addresses?limit=1000","filters":{"limit":1000},"count":22,"msg":"User addresses fetched"}
{"level":30,"time":1787940093621,"pid":7520,"hostname":"ELTECH","filters":{"limit":1000},"count":16,"msg":"Users fetched"}
{"level":30,"time":1787940093641,"pid":7520,"hostname":"ELTECH","filters":{"page":3,"limit":5},"count":16,"msg":"Users fetched"}
{"level":30,"time":1787940093743,"pid":7520,"hostname":"ELTECH","id":2,"msg":"User fetched"}
{"level":30,"time":1787940158973,"pid":7520,"hostname":"ELTECH","filters":{"page":3,"limit":5},"count":16,"msg":"Users fetched"}
{"level":30,"time":1787940159065,"pid":7520,"hostname":"ELTECH","url":"http://localhost:8081/api/v1/addresses?limit=1000","filters":{"limit":1000},"count":22,"msg":"User addresses fetched"}
{"level":30,"time":1787940159274,"pid":7520,"hostname":"ELTECH","url":"http://localhost:8081/api/v1/addresses?page=3&limit=5&userId=2","filters":{"page":3,"limit":5,"userId":2},"count":7,"msg":"User addresses fetched"}
{"level":30,"time":1787940159328,"pid":7520,"hostname":"ELTECH","filters":{"limit":1000},"count":16,"msg":"Users fetched"}
{"level":30,"time":1787940159883,"pid":7520,"hostname":"ELTECH","id":2,"msg":"User fetched"}
{"level":30,"time":1787940165200,"pid":7520,"hostname":"ELTECH","filters":{"page":3,"limit":10},"count":16,"msg":"Users fetched"}
{"level":30,"time":1787940503680,"pid":7520,"hostname":"ELTECH","filters":{"limit":1000},"count":16,"msg":"Users fetched"}
{"level":30,"time":1787940503701,"pid":7520,"hostname":"ELTECH","url":"http://localhost:8081/api/v1/addresses?limit=1000","filters":{"limit":1000},"count":22,"msg":"User addresses fetched"}
{"level":30,"time":1787940503737,"pid":7520,"hostname":"ELTECH","url":"http://localhost:8081/api/v1/addresses?page=3&limit=5&userId=2","filters":{"page":3,"limit":5,"userId":2},"count":7,"msg":"User addresses fetched"}
{"level":30,"time":1787940503770,"pid":7520,"hostname":"ELTECH","filters":{"page":3,"limit":5},"count":16,"msg":"Users fetched"}
{"level":30,"time":1787940503903,"pid":7520,"hostname":"ELTECH","id":2,"msg":"User fetched"}
{"level":30,"time":1787940510340,"pid":7520,"hostname":"ELTECH","filters":{"page":3,"limit":10},"count":16,"msg":"Users fetched"}
{"level":30,"time":1787940514547,"pid":7520,"hostname":"ELTECH","filters":{"page":2,"limit":10},"count":16,"msg":"Users fetched"}
{"level":30,"time":1787940514590,"pid":7520,"hostname":"ELTECH","filters":{"page":2,"limit":5},"count":16,"msg":"Users fetched"}
{"level":30,"time":1787940518194,"pid":7520,"hostname":"ELTECH","id":9,"msg":"User fetched"}
{"level":30,"time":1787940520066,"pid":7520,"hostname":"ELTECH","url":"http://localhost:8081/api/v1/addresses?page=2&limit=5&userId=9","filters":{"page":2,"limit":5,"userId":9},"count":1,"msg":"User addresses fetched"}
{"level":30,"time":1787940522290,"pid":7520,"hostname":"ELTECH","filters":{"page":2,"limit":10},"count":16,"msg":"Users fetched"}
{"level":30,"time":1787940526117,"pid":7520,"hostname":"ELTECH","id":11,"msg":"User fetched"}
{"level":30,"time":1787940527140,"pid":7520,"hostname":"ELTECH","url":"http://localhost:8081/api/v1/addresses?page=2&limit=5&userId=11","filters":{"page":2,"limit":5,"userId":11},"count":1,"msg":"User addresses fetched"}
{"level":30,"time":1787940530055,"pid":7520,"hostname":"ELTECH","filters":{"page":2,"limit":10},"count":16,"msg":"Users fetched"}
{"level":30,"time":1787940530849,"pid":7520,"hostname":"ELTECH","filters":{"page":3,"limit":10},"count":16,"msg":"Users fetched"}
{"level":30,"time":1787940640231,"pid":7520,"hostname":"ELTECH","filters":{"page":3,"limit":10},"count":16,"msg":"Users fetched"}
{"level":30,"time":1787940650312,"pid":7520,"hostname":"ELTECH","filters":{"page":3,"limit":10},"count":16,"msg":"Users fetched"}
{"level":30,"time":1787940656815,"pid":7520,"hostname":"ELTECH","filters":{"page":3,"limit":10},"count":16,"msg":"Users fetched"}
{"level":30,"time":1787940662564,"pid":7520,"hostname":"ELTECH","filters":{"page":3,"limit":10},"count":16,"msg":"Users fetched"}
{"level":30,"time":1787940673651,"pid":7520,"hostname":"ELTECH","filters":{"page":3,"limit":10},"count":16,"msg":"Users fetched"}
{"level":30,"time":1787940673689,"pid":7520,"hostname":"ELTECH","filters":{"page":3,"limit":10},"count":16,"msg":"Users fetched"}
{"level":30,"time":1787940676815,"pid":7520,"hostname":"ELTECH","filters":{"page":3,"limit":10},"count":16,"msg":"Users fetched"}
{"level":30,"time":1787940681931,"pid":7520,"hostname":"ELTECH","filters":{"page":3,"limit":10},"count":16,"msg":"Users fetched"}
{"level":30,"time":1787940687610,"pid":7520,"hostname":"ELTECH","filters":{"page":3,"limit":10},"count":16,"msg":"Users fetched"}
{"level":30,"time":1787940694588,"pid":7520,"hostname":"ELTECH","filters":{"page":3,"limit":10},"count":16,"msg":"Users fetched"}
{"level":30,"time":1787940697786,"pid":7520,"hostname":"ELTECH","filters":{"page":3,"limit":10},"count":16,"msg":"Users fetched"}
{"level":30,"time":1787940702653,"pid":7520,"hostname":"ELTECH","filters":{"page":3,"limit":10},"count":16,"msg":"Users fetched"}
{"level":30,"time":1787940737017,"pid":7520,"hostname":"ELTECH","filters":{"limit":1000},"count":16,"msg":"Users fetched"}
{"level":30,"time":1787940737028,"pid":7520,"hostname":"ELTECH","filters":{"page":3,"limit":5},"count":16,"msg":"Users fetched"}
{"level":30,"time":1787940737042,"pid":7520,"hostname":"ELTECH","filters":{"page":2,"limit":10},"count":16,"msg":"Users fetched"}
{"level":30,"time":1787940737298,"pid":7520,"hostname":"ELTECH","filters":{"page":2,"limit":5},"count":16,"msg":"Users fetched"}
{"level":30,"time":1787940835924,"pid":7520,"hostname":"ELTECH","filters":{"limit":1000},"count":16,"msg":"Users fetched"}
{"level":30,"time":1787940835929,"pid":7520,"hostname":"ELTECH","filters":{"page":2,"limit":5},"count":16,"msg":"Users fetched"}
{"level":30,"time":1787940838074,"pid":7520,"hostname":"ELTECH","filters":{"page":4,"limit":10},"count":16,"msg":"Users fetched"}
{"level":30,"time":1787940838151,"pid":7520,"hostname":"ELTECH","filters":{"page":4,"limit":5},"count":16,"msg":"Users fetched"}
{"level":30,"time":1787940848259,"pid":7520,"hostname":"ELTECH","id":1,"msg":"User fetched"}
{"level":30,"time":1787940862861,"pid":7520,"hostname":"ELTECH","url":"http://localhost:8081/api/v1/addresses?page=4&limit=5&userId=1","filters":{"page":4,"limit":5,"userId":1},"count":1,"msg":"User addresses fetched"}
{"level":30,"time":1787940862945,"pid":7520,"hostname":"ELTECH","url":"http://localhost:8081/api/v1/addresses?limit=1000","filters":{"limit":1000},"count":22,"msg":"User addresses fetched"}
{"level":30,"time":1787940901993,"pid":7520,"hostname":"ELTECH","filters":{"limit":1000},"count":16,"msg":"Users fetched"}
{"level":30,"time":1787940902008,"pid":7520,"hostname":"ELTECH","filters":{"page":4,"limit":5},"count":16,"msg":"Users fetched"}
{"level":30,"time":1787940908550,"pid":7520,"hostname":"ELTECH","id":1,"msg":"User fetched"}
{"level":30,"time":1787940916069,"pid":7520,"hostname":"ELTECH","filters":{"page":4,"limit":10},"count":16,"msg":"Users fetched"}
{"level":30,"time":1787941031455,"pid":7520,"hostname":"ELTECH","filters":{"page":4,"limit":10},"count":16,"msg":"Users fetched"}
{"level":30,"time":1787941031461,"pid":7520,"hostname":"ELTECH","filters":{"page":4,"limit":10},"count":16,"msg":"Users fetched"}
{"level":30,"time":1787941031612,"pid":7520,"hostname":"ELTECH","filters":{"page":4,"limit":10},"count":16,"msg":"Users fetched"}
{"level":30,"time":1787941040961,"pid":7520,"hostname":"ELTECH","id":1,"msg":"User fetched"}
{"level":30,"time":1787941040967,"pid":7520,"hostname":"ELTECH","url":"http://localhost:8081/api/v1/addresses?limit=1000","filters":{"limit":1000},"count":22,"msg":"User addresses fetched"}
{"level":30,"time":1787941040969,"pid":7520,"hostname":"ELTECH","url":"http://localhost:8081/api/v1/addresses?page=4&limit=5&userId=1","filters":{"page":4,"limit":5,"userId":1},"count":1,"msg":"User addresses fetched"}
{"level":30,"time":1787941045815,"pid":7520,"hostname":"ELTECH","filters":{"page":4,"limit":5},"count":16,"msg":"Users fetched"}
{"level":30,"time":1787941046373,"pid":7520,"hostname":"ELTECH","filters":{"page":4,"limit":10},"count":16,"msg":"Users fetched"}
{"level":30,"time":1787941046412,"pid":7520,"hostname":"ELTECH","filters":{"limit":1000},"count":16,"msg":"Users fetched"}
{"level":30,"time":1787941057543,"pid":7520,"hostname":"ELTECH","id":1,"msg":"User fetched"}
{"level":30,"time":1787941060818,"pid":7520,"hostname":"ELTECH","url":"http://localhost:8081/api/v1/addresses?page=4&limit=5&userId=1","filters":{"page":4,"limit":5,"userId":1},"count":1,"msg":"User addresses fetched"}
{"level":30,"time":1787941060953,"pid":7520,"hostname":"ELTECH","url":"http://localhost:8081/api/v1/addresses?limit=1000","filters":{"limit":1000},"count":22,"msg":"User addresses fetched"}
{"level":30,"time":1787941062780,"pid":7520,"hostname":"ELTECH","filters":{"page":4,"limit":10},"count":16,"msg":"Users fetched"}
{"level":30,"time":1787941066548,"pid":7520,"hostname":"ELTECH","filters":{"page":3,"limit":10},"count":16,"msg":"Users fetched"}
{"level":30,"time":1787941066637,"pid":7520,"hostname":"ELTECH","filters":{"page":3,"limit":5},"count":16,"msg":"Users fetched"}
{"level":30,"time":1787941069594,"pid":7520,"hostname":"ELTECH","id":2,"msg":"User fetched"}
{"level":30,"time":1787941071366,"pid":7520,"hostname":"ELTECH","url":"http://localhost:8081/api/v1/addresses?page=3&limit=5&userId=2","filters":{"page":3,"limit":5,"userId":2},"count":7,"msg":"User addresses fetched"}
{"level":30,"time":1787941074167,"pid":7520,"hostname":"ELTECH","filters":{"page":3,"limit":10},"count":16,"msg":"Users fetched"}
{"level":30,"time":1787941166359,"pid":7520,"hostname":"ELTECH","url":"http://localhost:8081/api/v1/addresses?limit=1000","filters":{"limit":1000},"count":22,"msg":"User addresses fetched"}
{"level":30,"time":1787941166364,"pid":7520,"hostname":"ELTECH","url":"http://localhost:8081/api/v1/addresses?page=3&limit=5&userId=2","filters":{"page":3,"limit":5,"userId":2},"count":7,"msg":"User addresses fetched"}
{"level":30,"time":1787941166436,"pid":7520,"hostname":"ELTECH","filters":{"page":3,"limit":10},"count":16,"msg":"Users fetched"}
{"level":30,"time":1787941184971,"pid":7520,"hostname":"ELTECH","filters":{"page":3,"limit":10},"count":16,"msg":"Users fetched"}
{"level":30,"time":1787941209694,"pid":7520,"hostname":"ELTECH","id":2,"msg":"User fetched"}
{"level":30,"time":1787941209771,"pid":7520,"hostname":"ELTECH","filters":{"page":3,"limit":5},"count":16,"msg":"Users fetched"}
{"level":30,"time":1787941209791,"pid":7520,"hostname":"ELTECH","filters":{"limit":1000},"count":16,"msg":"Users fetched"}
{"level":30,"time":1787941209802,"pid":7520,"hostname":"ELTECH","filters":{"page":3,"limit":10},"count":16,"msg":"Users fetched"}
{"level":30,"time":1787941215798,"pid":7520,"hostname":"ELTECH","filters":{"page":3,"limit":5},"count":16,"msg":"Users fetched"}
{"level":30,"time":1787941215986,"pid":7520,"hostname":"ELTECH","filters":{"limit":1000},"count":16,"msg":"Users fetched"}
{"level":30,"time":1787941219133,"pid":7520,"hostname":"ELTECH","id":6,"msg":"User fetched"}
{"level":30,"time":1787941220760,"pid":7520,"hostname":"ELTECH","url":"http://localhost:8081/api/v1/addresses?page=3&limit=5&userId=6","filters":{"page":3,"limit":5,"userId":6},"count":1,"msg":"User addresses fetched"}
{"level":30,"time":1787941220996,"pid":7520,"hostname":"ELTECH","url":"http://localhost:8081/api/v1/addresses?limit=1000","filters":{"limit":1000},"count":22,"msg":"User addresses fetched"}
{"level":30,"time":1787941224328,"pid":7520,"hostname":"ELTECH","filters":{"page":3,"limit":10},"count":16,"msg":"Users fetched"}
{"level":30,"time":1787941322766,"pid":7520,"hostname":"ELTECH","filters":{"limit":1000},"count":16,"msg":"Users fetched"}
{"level":30,"time":1787941322791,"pid":7520,"hostname":"ELTECH","filters":{"page":3,"limit":5},"count":16,"msg":"Users fetched"}
{"level":30,"time":1787941322844,"pid":7520,"hostname":"ELTECH","filters":{"page":3,"limit":10},"count":16,"msg":"Users fetched"}
{"level":30,"time":1787941325726,"pid":7520,"hostname":"ELTECH","filters":{"page":3,"limit":5},"count":16,"msg":"Users fetched"}
{"level":30,"time":1787941325875,"pid":7520,"hostname":"ELTECH","filters":{"limit":1000},"count":16,"msg":"Users fetched"}
{"level":30,"time":1787941338724,"pid":7520,"hostname":"ELTECH","id":5,"msg":"User fetched"}
{"level":30,"time":1787941345004,"pid":7520,"hostname":"ELTECH","filters":{"page":3,"limit":10},"count":16,"msg":"Users fetched"}
{"level":30,"time":1787941359701,"pid":7520,"hostname":"ELTECH","url":"http://localhost:8081/api/v1/addresses?page=3&limit=5&userId=5","filters":{"page":3,"limit":5,"userId":5},"count":1,"msg":"User addresses fetched"}
{"level":30,"time":1787941359836,"pid":7520,"hostname":"ELTECH","url":"http://localhost:8081/api/v1/addresses?limit=1000","filters":{"limit":1000},"count":22,"msg":"User addresses fetched"}
{"level":30,"time":1787941394447,"pid":7520,"hostname":"ELTECH","filters":{"page":3,"limit":5},"count":16,"msg":"Users fetched"}
{"level":30,"time":1787941394461,"pid":7520,"hostname":"ELTECH","filters":{"limit":1000},"count":16,"msg":"Users fetched"}
{"level":30,"time":1787941401155,"pid":7520,"hostname":"ELTECH","id":5,"msg":"User fetched"}
{"level":30,"time":1787941406705,"pid":7520,"hostname":"ELTECH","filters":{"page":3,"limit":10},"count":16,"msg":"Users fetched"}
{"level":30,"time":1787941459369,"pid":7520,"hostname":"ELTECH","url":"http://localhost:8081/api/v1/addresses?page=3&limit=5&userId=5","filters":{"page":3,"limit":5,"userId":5},"count":1,"msg":"User addresses fetched"}
{"level":30,"time":1787941459377,"pid":7520,"hostname":"ELTECH","url":"http://localhost:8081/api/v1/addresses?limit=1000","filters":{"limit":1000},"count":22,"msg":"User addresses fetched"}
{"level":30,"time":1787941459438,"pid":7520,"hostname":"ELTECH","filters":{"page":3,"limit":10},"count":16,"msg":"Users fetched"}
{"level":30,"time":1787941461469,"pid":7520,"hostname":"ELTECH","filters":{"page":3,"limit":5},"count":16,"msg":"Users fetched"}
{"level":30,"time":1787941461516,"pid":7520,"hostname":"ELTECH","filters":{"limit":1000},"count":16,"msg":"Users fetched"}
{"level":30,"time":1787941483168,"pid":7520,"hostname":"ELTECH","filters":{"page":3,"limit":10},"count":16,"msg":"Users fetched"}
{"level":30,"time":1787941487649,"pid":7520,"hostname":"ELTECH","filters":{"page":3,"limit":7},"count":16,"msg":"Users fetched"}
{"level":30,"time":1787941488441,"pid":7520,"hostname":"ELTECH","filters":{"limit":1000},"count":16,"msg":"Users fetched"}
{"level":30,"time":1787941500032,"pid":7520,"hostname":"ELTECH","filters":{"page":3,"limit":10},"count":16,"msg":"Users fetched"}
{"level":30,"time":1787941502727,"pid":7520,"hostname":"ELTECH","filters":{"page":3,"limit":5},"count":16,"msg":"Users fetched"}
{"level":30,"time":1787941502927,"pid":7520,"hostname":"ELTECH","filters":{"limit":1000},"count":16,"msg":"Users fetched"}
{"level":30,"time":1787941519294,"pid":7520,"hostname":"ELTECH","filters":{"page":3,"limit":10},"count":16,"msg":"Users fetched"}
{"level":30,"time":1787941565040,"pid":7520,"hostname":"ELTECH","id":2,"msg":"User fetched"}
{"level":30,"time":1787941565116,"pid":7520,"hostname":"ELTECH","filters":{"page":3,"limit":10},"count":16,"msg":"Users fetched"}
{"level":30,"time":1787941573093,"pid":7520,"hostname":"ELTECH","url":"http://localhost:8081/api/v1/addresses?page=3&limit=5&userId=2","filters":{"page":3,"limit":5,"userId":2},"count":7,"msg":"User addresses fetched"}
{"level":30,"time":1787941573195,"pid":7520,"hostname":"ELTECH","filters":{"page":3,"limit":10},"count":16,"msg":"Users fetched"}
{"level":30,"time":1787941573261,"pid":7520,"hostname":"ELTECH","url":"http://localhost:8081/api/v1/addresses?limit=1000","filters":{"limit":1000},"count":22,"msg":"User addresses fetched"}
{"level":30,"time":1787941642656,"pid":7520,"hostname":"ELTECH","filters":{"page":3,"limit":5},"count":16,"msg":"Users fetched"}
{"level":30,"time":1787941642662,"pid":7520,"hostname":"ELTECH","url":"http://localhost:8081/api/v1/addresses?limit=1000","filters":{"limit":1000},"count":22,"msg":"User addresses fetched"}
{"level":30,"time":1787941642669,"pid":7520,"hostname":"ELTECH","url":"http://localhost:8081/api/v1/addresses?page=3&limit=5&userId=2","filters":{"page":3,"limit":5,"userId":2},"count":7,"msg":"User addresses fetched"}
{"level":30,"time":1787941642674,"pid":7520,"hostname":"ELTECH","filters":{"limit":1000},"count":16,"msg":"Users fetched"}
{"level":30,"time":1787941642699,"pid":7520,"hostname":"ELTECH","id":2,"msg":"User fetched"}
{"level":30,"time":1787941656022,"pid":7520,"hostname":"ELTECH","filters":{"page":3,"limit":10},"count":16,"msg":"Users fetched"}
{"level":30,"time":1787941805639,"pid":7520,"hostname":"ELTECH","url":"http://localhost:8081/api/v1/addresses?limit=5&userId=2","filters":{"limit":5,"userId":2},"count":7,"msg":"User addresses fetched"}
{"level":30,"time":1787941805710,"pid":7520,"hostname":"ELTECH","filters":{"page":3,"limit":10},"count":16,"msg":"Users fetched"}
{"level":30,"time":1787941805908,"pid":7520,"hostname":"ELTECH","url":"http://localhost:8081/api/v1/addresses?page=3&limit=5&userId=2","filters":{"page":3,"limit":5,"userId":2},"count":7,"msg":"User addresses fetched"}
{"level":30,"time":1787941805954,"pid":7520,"hostname":"ELTECH","url":"http://localhost:8081/api/v1/addresses?limit=1000","filters":{"limit":1000},"count":22,"msg":"User addresses fetched"}
{"level":30,"time":1787941831295,"pid":7520,"hostname":"ELTECH","id":2,"msg":"User fetched"}
{"level":30,"time":1787941831323,"pid":7520,"hostname":"ELTECH","filters":{"limit":1000},"count":16,"msg":"Users fetched"}
{"level":30,"time":1787941831336,"pid":7520,"hostname":"ELTECH","url":"http://localhost:8081/api/v1/addresses?page=1&limit=5&userId=2","filters":{"page":1,"limit":5,"userId":2},"count":7,"msg":"User addresses fetched"}
{"level":30,"time":1787941831347,"pid":7520,"hostname":"ELTECH","filters":{"page":3,"limit":5},"count":16,"msg":"Users fetched"}
{"level":30,"time":1787941831374,"pid":7520,"hostname":"ELTECH","filters":{"page":3,"limit":10},"count":16,"msg":"Users fetched"}
{"level":30,"time":1787941834401,"pid":7520,"hostname":"ELTECH","filters":{"page":2,"limit":10},"count":16,"msg":"Users fetched"}
{"level":30,"time":1787941835970,"pid":7520,"hostname":"ELTECH","filters":{"page":2,"limit":10},"count":16,"msg":"Users fetched"}
{"level":30,"time":1787941836221,"pid":7520,"hostname":"ELTECH","filters":{"page":2,"limit":5},"count":16,"msg":"Users fetched"}
{"level":30,"time":1787941853044,"pid":7520,"hostname":"ELTECH","addressId":8,"msg":"Address fetched"}
{"level":30,"time":1787941873736,"pid":7520,"hostname":"ELTECH","url":"http://localhost:8081/api/v1/addresses?limit=1000","filters":{"limit":1000},"count":22,"msg":"User addresses fetched"}
{"level":30,"time":1787941908740,"pid":7520,"hostname":"ELTECH","filters":{"page":2,"limit":10},"count":16,"msg":"Users fetched"}
{"level":30,"time":1787941912519,"pid":7520,"hostname":"ELTECH","filters":{"page":2,"limit":5},"count":16,"msg":"Users fetched"}
{"level":30,"time":1787941917000,"pid":7520,"hostname":"ELTECH","filters":{"limit":1000},"count":16,"msg":"Users fetched"}
{"level":30,"time":1787942008790,"pid":7520,"hostname":"ELTECH","filters":{"page":2,"limit":10},"count":16,"msg":"Users fetched"}
{"level":30,"time":1787942012403,"pid":7520,"hostname":"ELTECH","filters":{"page":2,"limit":10},"count":16,"msg":"Users fetched"}
{"level":30,"time":1787942023253,"pid":7520,"hostname":"ELTECH","filters":{"page":2,"limit":10},"count":16,"msg":"Users fetched"}
{"level":30,"time":1787942028506,"pid":7520,"hostname":"ELTECH","filters":{"page":2,"limit":10},"count":16,"msg":"Users fetched"}
{"level":30,"time":1787942039571,"pid":7520,"hostname":"ELTECH","filters":{"page":2,"limit":10},"count":16,"msg":"Users fetched"}
{"level":30,"time":1787942051711,"pid":7520,"hostname":"ELTECH","filters":{"page":2,"limit":10},"count":16,"msg":"Users fetched"}
{"level":30,"time":1787942084121,"pid":7520,"hostname":"ELTECH","filters":{"page":2,"limit":10},"count":16,"msg":"Users fetched"}
{"level":30,"time":1787942102949,"pid":7520,"hostname":"ELTECH","filters":{"page":2,"limit":10},"count":16,"msg":"Users fetched"}
{"level":30,"time":1787942107446,"pid":7520,"hostname":"ELTECH","filters":{"page":2,"limit":10},"count":16,"msg":"Users fetched"}
{"level":30,"time":1787942111356,"pid":7520,"hostname":"ELTECH","filters":{"page":2,"limit":10},"count":16,"msg":"Users fetched"}
{"level":30,"time":1787942142014,"pid":7520,"hostname":"ELTECH","filters":{"page":2,"limit":10},"count":16,"msg":"Users fetched"}
{"level":30,"time":1787942168698,"pid":7520,"hostname":"ELTECH","filters":{"page":2,"limit":10},"count":16,"msg":"Users fetched"}
{"level":30,"time":1787942199064,"pid":7520,"hostname":"ELTECH","filters":{"limit":1000},"count":16,"msg":"Users fetched"}
{"level":30,"time":1787942199094,"pid":7520,"hostname":"ELTECH","id":11,"msg":"User fetched"}
{"level":30,"time":1787942199101,"pid":7520,"hostname":"ELTECH","filters":{"page":2,"limit":5},"count":16,"msg":"Users fetched"}
{"level":30,"time":1787942215211,"pid":7520,"hostname":"ELTECH","url":"http://localhost:8081/api/v1/addresses?page=1&limit=5","filters":{"page":1,"limit":5},"count":22,"msg":"User addresses fetched"}
{"level":30,"time":1787942215319,"pid":7520,"hostname":"ELTECH","filters":{"page":2,"limit":10},"count":16,"msg":"Users fetched"}
{"level":30,"time":1787942215357,"pid":7520,"hostname":"ELTECH","filters":{"page":4,"limit":10},"count":16,"msg":"Users fetched"}
{"level":30,"time":1787942215484,"pid":7520,"hostname":"ELTECH","filters":{"page":4,"limit":5},"count":16,"msg":"Users fetched"}
{"level":30,"time":1787942217224,"pid":7520,"hostname":"ELTECH","filters":{"page":3,"limit":10},"count":16,"msg":"Users fetched"}
{"level":30,"time":1787942217321,"pid":7520,"hostname":"ELTECH","filters":{"page":3,"limit":5},"count":16,"msg":"Users fetched"}
{"level":30,"time":1787942221164,"pid":7520,"hostname":"ELTECH","id":2,"msg":"User fetched"}
{"level":30,"time":1787942222844,"pid":7520,"hostname":"ELTECH","url":"http://localhost:8081/api/v1/addresses?limit=1000","filters":{"limit":1000},"count":22,"msg":"User addresses fetched"}
{"level":30,"time":1787942225700,"pid":7520,"hostname":"ELTECH","filters":{"page":3,"limit":10},"count":16,"msg":"Users fetched"}
{"level":30,"time":1787942228156,"pid":7520,"hostname":"ELTECH","filters":{"page":3,"limit":10},"count":16,"msg":"Users fetched"}
{"level":30,"time":1787942228335,"pid":7520,"hostname":"ELTECH","url":"http://localhost:8081/api/v1/addresses?page=2&limit=5","filters":{"page":2,"limit":5},"count":22,"msg":"User addresses fetched"}
{"level":30,"time":1787942232303,"pid":7520,"hostname":"ELTECH","filters":{"page":3,"limit":10},"count":16,"msg":"Users fetched"}
{"level":30,"time":1787942232469,"pid":7520,"hostname":"ELTECH","url":"http://localhost:8081/api/v1/addresses?page=3&limit=5","filters":{"page":3,"limit":5},"count":22,"msg":"User addresses fetched"}
{"level":30,"time":1787942235772,"pid":7520,"hostname":"ELTECH","filters":{"page":3,"limit":10},"count":16,"msg":"Users fetched"}
{"level":30,"time":1787942235965,"pid":7520,"hostname":"ELTECH","url":"http://localhost:8081/api/v1/addresses?page=4&limit=5","filters":{"page":4,"limit":5},"count":22,"msg":"User addresses fetched"}
{"level":30,"time":1787942248895,"pid":7520,"hostname":"ELTECH","filters":{"page":3,"limit":10},"count":16,"msg":"Users fetched"}
{"level":30,"time":1787942249027,"pid":7520,"hostname":"ELTECH","url":"http://localhost:8081/api/v1/addresses?page=5&limit=5","filters":{"page":5,"limit":5},"count":22,"msg":"User addresses fetched"}
{"level":30,"time":1787942250882,"pid":7520,"hostname":"ELTECH","filters":{"page":3,"limit":10},"count":16,"msg":"Users fetched"}
{"level":30,"time":1787942254494,"pid":7520,"hostname":"ELTECH","filters":{"page":3,"limit":10},"count":16,"msg":"Users fetched"}
{"level":30,"time":1787942260791,"pid":7520,"hostname":"ELTECH","filters":{"page":3,"limit":10},"count":16,"msg":"Users fetched"}
{"level":30,"time":1787942262377,"pid":7520,"hostname":"ELTECH","filters":{"page":3,"limit":10},"count":16,"msg":"Users fetched"}
{"level":30,"time":1787942264486,"pid":7520,"hostname":"ELTECH","filters":{"page":3,"limit":10},"count":16,"msg":"Users fetched"}
{"level":30,"time":1787942270464,"pid":7520,"hostname":"ELTECH","filters":{"page":3,"limit":10},"count":16,"msg":"Users fetched"}
{"level":30,"time":1787942273069,"pid":7520,"hostname":"ELTECH","filters":{"page":3,"limit":10},"count":16,"msg":"Users fetched"}
{"level":30,"time":1787942317994,"pid":7520,"hostname":"ELTECH","filters":{"page":3,"limit":10},"count":16,"msg":"Users fetched"}
{"level":30,"time":1787942329197,"pid":7520,"hostname":"ELTECH","filters":{"page":3,"limit":10},"count":16,"msg":"Users fetched"}
{"level":30,"time":1787942331773,"pid":7520,"hostname":"ELTECH","filters":{"page":3,"limit":10},"count":16,"msg":"Users fetched"}
{"level":30,"time":1787942339412,"pid":7520,"hostname":"ELTECH","filters":{"page":3,"limit":10},"count":16,"msg":"Users fetched"}
{"level":30,"time":1787942356644,"pid":7520,"hostname":"ELTECH","id":2,"msg":"User fetched"}
{"level":30,"time":1787942356665,"pid":7520,"hostname":"ELTECH","url":"http://localhost:8081/api/v1/addresses","filters":{},"count":22,"msg":"User addresses fetched"}
{"level":30,"time":1787942356691,"pid":7520,"hostname":"ELTECH","url":"http://localhost:8081/api/v1/addresses","filters":{},"count":22,"msg":"User addresses fetched"}
{"level":30,"time":1787942356707,"pid":7520,"hostname":"ELTECH","filters":{"page":3,"limit":5},"count":16,"msg":"Users fetched"}
{"level":30,"time":1787942356732,"pid":7520,"hostname":"ELTECH","filters":{"limit":1000},"count":16,"msg":"Users fetched"}
{"level":30,"time":1787942356763,"pid":7520,"hostname":"ELTECH","filters":{"page":3,"limit":10},"count":16,"msg":"Users fetched"}
{"level":30,"time":1787942357276,"pid":7520,"hostname":"ELTECH","filters":{"page":3,"limit":10},"count":16,"msg":"Users fetched"}
{"level":30,"time":1787942357814,"pid":7520,"hostname":"ELTECH","url":"http://localhost:8081/api/v1/addresses","filters":{},"count":22,"msg":"User addresses fetched"}
{"level":30,"time":1787942359536,"pid":7520,"hostname":"ELTECH","filters":{"page":3,"limit":10},"count":16,"msg":"Users fetched"}
{"level":30,"time":1787942366648,"pid":7520,"hostname":"ELTECH","filters":{"page":3,"limit":10},"count":16,"msg":"Users fetched"}
{"level":30,"time":1787942367005,"pid":7520,"hostname":"ELTECH","url":"http://localhost:8081/api/v1/addresses","filters":{},"count":22,"msg":"User addresses fetched"}
{"level":30,"time":1787942368516,"pid":7520,"hostname":"ELTECH","filters":{"page":3,"limit":10},"count":16,"msg":"Users fetched"}
{"level":30,"time":1787942368657,"pid":7520,"hostname":"ELTECH","url":"http://localhost:8081/api/v1/addresses","filters":{},"count":22,"msg":"User addresses fetched"}
{"level":30,"time":1787942369879,"pid":7520,"hostname":"ELTECH","filters":{"page":3,"limit":10},"count":16,"msg":"Users fetched"}
{"level":30,"time":1787942371414,"pid":7520,"hostname":"ELTECH","filters":{"page":3,"limit":10},"count":16,"msg":"Users fetched"}
{"level":30,"time":1787942372746,"pid":7520,"hostname":"ELTECH","filters":{"page":3,"limit":10},"count":16,"msg":"Users fetched"}
{"level":30,"time":1787942374071,"pid":7520,"hostname":"ELTECH","filters":{"page":3,"limit":10},"count":16,"msg":"Users fetched"}
{"level":30,"time":1787942383396,"pid":7520,"hostname":"ELTECH","filters":{"page":3,"limit":10},"count":16,"msg":"Users fetched"}
{"level":30,"time":1787942385356,"pid":7520,"hostname":"ELTECH","filters":{"page":3,"limit":10},"count":16,"msg":"Users fetched"}
{"level":30,"time":1787942386469,"pid":7520,"hostname":"ELTECH","filters":{"page":3,"limit":10},"count":16,"msg":"Users fetched"}
{"level":30,"time":1787942386763,"pid":7520,"hostname":"ELTECH","url":"http://localhost:8081/api/v1/addresses","filters":{},"count":22,"msg":"User addresses fetched"}
{"level":30,"time":1787942388262,"pid":7520,"hostname":"ELTECH","filters":{"page":3,"limit":10},"count":16,"msg":"Users fetched"}
{"level":30,"time":1787942449318,"pid":7520,"hostname":"ELTECH","url":"http://localhost:8081/api/v1/addresses","filters":{},"count":22,"msg":"User addresses fetched"}
{"level":30,"time":1787942449348,"pid":7520,"hostname":"ELTECH","url":"http://localhost:8081/api/v1/addresses","filters":{},"count":22,"msg":"User addresses fetched"}
{"level":30,"time":1787942449383,"pid":7520,"hostname":"ELTECH","filters":{"limit":1000},"count":16,"msg":"Users fetched"}
{"level":30,"time":1787942449400,"pid":7520,"hostname":"ELTECH","filters":{"page":3,"limit":5},"count":16,"msg":"Users fetched"}
{"level":30,"time":1787942449467,"pid":7520,"hostname":"ELTECH","id":2,"msg":"User fetched"}
{"level":30,"time":1787942457815,"pid":7520,"hostname":"ELTECH","filters":{"page":3,"limit":10},"count":16,"msg":"Users fetched"}
{"level":30,"time":1787942458606,"pid":7520,"hostname":"ELTECH","filters":{"page":3,"limit":10},"count":16,"msg":"Users fetched"}
{"level":30,"time":1787942461326,"pid":7520,"hostname":"ELTECH","filters":{"page":3,"limit":10},"count":16,"msg":"Users fetched"}
{"level":30,"time":1787942539948,"pid":7520,"hostname":"ELTECH","url":"http://localhost:8081/api/v1/addresses","filters":{},"count":22,"msg":"User addresses fetched"}
{"level":30,"time":1787942539958,"pid":7520,"hostname":"ELTECH","url":"http://localhost:8081/api/v1/addresses?userId=2","filters":{"userId":2},"count":7,"msg":"User addresses fetched"}
{"level":30,"time":1787942539968,"pid":7520,"hostname":"ELTECH","url":"http://localhost:8081/api/v1/addresses","filters":{},"count":22,"msg":"User addresses fetched"}
{"level":30,"time":1787942540054,"pid":7520,"hostname":"ELTECH","filters":{"page":3,"limit":10},"count":16,"msg":"Users fetched"}
{"level":30,"time":1787942543768,"pid":7520,"hostname":"ELTECH","filters":{"page":3,"limit":10},"count":16,"msg":"Users fetched"}
{"level":30,"time":1787942562044,"pid":7520,"hostname":"ELTECH","filters":{"page":3,"limit":10},"count":16,"msg":"Users fetched"}
{"level":30,"time":1787942575426,"pid":7520,"hostname":"ELTECH","filters":{"page":3,"limit":10},"count":16,"msg":"Users fetched"}
{"level":30,"time":1787942587255,"pid":7520,"hostname":"ELTECH","filters":{"page":3,"limit":10},"count":16,"msg":"Users fetched"}
{"level":30,"time":1787942609189,"pid":7520,"hostname":"ELTECH","filters":{"limit":1000},"count":16,"msg":"Users fetched"}
{"level":30,"time":1787942609258,"pid":7520,"hostname":"ELTECH","id":2,"msg":"User fetched"}
{"level":30,"time":1787942609308,"pid":7520,"hostname":"ELTECH","filters":{"page":3,"limit":5},"count":16,"msg":"Users fetched"}
{"level":30,"time":1787942609372,"pid":7520,"hostname":"ELTECH","filters":{"page":3,"limit":10},"count":16,"msg":"Users fetched"}
{"level":30,"time":1787942609773,"pid":7520,"hostname":"ELTECH","url":"http://localhost:8081/api/v1/addresses?userId=2","filters":{"userId":2},"count":7,"msg":"User addresses fetched"}
{"level":30,"time":1787942611021,"pid":7520,"hostname":"ELTECH","filters":{"page":3,"limit":10},"count":16,"msg":"Users fetched"}
{"level":30,"time":1787942613624,"pid":7520,"hostname":"ELTECH","filters":{"page":3,"limit":10},"count":16,"msg":"Users fetched"}
{"level":30,"time":1787942615445,"pid":7520,"hostname":"ELTECH","filters":{"page":3,"limit":10},"count":16,"msg":"Users fetched"}
{"level":30,"time":1787942615596,"pid":7520,"hostname":"ELTECH","filters":{"page":3,"limit":10},"count":16,"msg":"Users fetched"}
{"level":30,"time":1787942622105,"pid":7520,"hostname":"ELTECH","filters":{"page":3,"limit":10},"count":16,"msg":"Users fetched"}
{"level":30,"time":1787942626475,"pid":7520,"hostname":"ELTECH","filters":{"page":3,"limit":10},"count":16,"msg":"Users fetched"}
{"level":30,"time":1787942628180,"pid":7520,"hostname":"ELTECH","filters":{"page":3,"limit":10},"count":16,"msg":"Users fetched"}
{"level":30,"time":1787942642240,"pid":7520,"hostname":"ELTECH","filters":{"page":3,"limit":10},"count":16,"msg":"Users fetched"}
{"level":30,"time":1787942642905,"pid":7520,"hostname":"ELTECH","filters":{"page":3,"limit":10},"count":16,"msg":"Users fetched"}
{"level":30,"time":1787942643309,"pid":7520,"hostname":"ELTECH","filters":{"page":3,"limit":10},"count":16,"msg":"Users fetched"}
{"level":30,"time":1787942643628,"pid":7520,"hostname":"ELTECH","filters":{"page":3,"limit":10},"count":16,"msg":"Users fetched"}
{"level":30,"time":1787942643750,"pid":7520,"hostname":"ELTECH","filters":{"page":3,"limit":10},"count":16,"msg":"Users fetched"}
{"level":30,"time":1787942673921,"pid":7520,"hostname":"ELTECH","filters":{"page":3,"limit":10},"count":16,"msg":"Users fetched"}
{"level":30,"time":1787942708004,"pid":7520,"hostname":"ELTECH","url":"http://localhost:8081/api/v1/addresses","filters":{},"count":22,"msg":"User addresses fetched"}
{"level":30,"time":1787942708022,"pid":7520,"hostname":"ELTECH","id":2,"msg":"User fetched"}
{"level":30,"time":1787942708036,"pid":7520,"hostname":"ELTECH","filters":{"limit":1000},"count":16,"msg":"Users fetched"}
{"level":30,"time":1787942708045,"pid":7520,"hostname":"ELTECH","url":"http://localhost:8081/api/v1/addresses","filters":{},"count":22,"msg":"User addresses fetched"}
{"level":30,"time":1787942708056,"pid":7520,"hostname":"ELTECH","filters":{"page":3,"limit":5},"count":16,"msg":"Users fetched"}
{"level":30,"time":1787942708197,"pid":7520,"hostname":"ELTECH","filters":{"page":3,"limit":10},"count":16,"msg":"Users fetched"}
{"level":30,"time":1787942712620,"pid":7520,"hostname":"ELTECH","filters":{"page":3,"limit":10},"count":16,"msg":"Users fetched"}
{"level":30,"time":1787942714610,"pid":7520,"hostname":"ELTECH","filters":{"page":3,"limit":10},"count":16,"msg":"Users fetched"}
{"level":30,"time":1787942719540,"pid":7520,"hostname":"ELTECH","filters":{"page":3,"limit":10},"count":16,"msg":"Users fetched"}
{"level":30,"time":1787942719791,"pid":7520,"hostname":"ELTECH","url":"http://localhost:8081/api/v1/addresses","filters":{},"count":22,"msg":"User addresses fetched"}
{"level":30,"time":1787942720788,"pid":7520,"hostname":"ELTECH","filters":{"page":3,"limit":10},"count":16,"msg":"Users fetched"}
{"level":30,"time":1787942722219,"pid":7520,"hostname":"ELTECH","filters":{"page":3,"limit":10},"count":16,"msg":"Users fetched"}
{"level":30,"time":1787942723170,"pid":7520,"hostname":"ELTECH","filters":{"page":3,"limit":10},"count":16,"msg":"Users fetched"}
{"level":30,"time":1787942723539,"pid":7520,"hostname":"ELTECH","url":"http://localhost:8081/api/v1/addresses","filters":{},"count":22,"msg":"User addresses fetched"}
{"level":30,"time":1787942730569,"pid":7520,"hostname":"ELTECH","filters":{"page":3,"limit":10},"count":16,"msg":"Users fetched"}
{"level":30,"time":1787942754762,"pid":7520,"hostname":"ELTECH","filters":{"page":3,"limit":10},"count":16,"msg":"Users fetched"}
{"level":30,"time":1787942759230,"pid":7520,"hostname":"ELTECH","filters":{"page":3,"limit":5},"count":16,"msg":"Users fetched"}
{"level":30,"time":1787942759648,"pid":7520,"hostname":"ELTECH","filters":{"limit":1000},"count":16,"msg":"Users fetched"}
{"level":30,"time":1787942782420,"pid":7520,"hostname":"ELTECH","url":"http://localhost:8081/api/v1/addresses?userId=2","filters":{"userId":2},"count":7,"msg":"User addresses fetched"}
{"level":30,"time":1787942797352,"pid":7520,"hostname":"ELTECH","url":"http://localhost:8081/api/v1/addresses?userId=2","filters":{"userId":2},"count":7,"msg":"User addresses fetched"}
{"level":30,"time":1787942804664,"pid":7520,"hostname":"ELTECH","url":"http://localhost:8081/api/v1/addresses?userId=2","filters":{"userId":2},"count":7,"msg":"User addresses fetched"}
{"level":30,"time":1787942878071,"pid":7520,"hostname":"ELTECH","filters":{"page":3,"limit":10},"count":16,"msg":"Users fetched"}
{"level":30,"time":1787942912960,"pid":7520,"hostname":"ELTECH","filters":{"page":3,"limit":10},"count":16,"msg":"Users fetched"}
{"level":30,"time":1787942961435,"pid":7520,"hostname":"ELTECH","filters":{"page":3,"limit":10},"count":16,"msg":"Users fetched"}
{"level":30,"time":1787942963344,"pid":7520,"hostname":"ELTECH","filters":{"page":3,"limit":10},"count":16,"msg":"Users fetched"}
{"level":30,"time":1787942976713,"pid":7520,"hostname":"ELTECH","filters":{"page":3,"limit":10},"count":16,"msg":"Users fetched"}
{"level":30,"time":1787942982742,"pid":7520,"hostname":"ELTECH","filters":{"page":3,"limit":10},"count":16,"msg":"Users fetched"}
{"level":30,"time":1787942989633,"pid":7520,"hostname":"ELTECH","filters":{"page":3,"limit":10},"count":16,"msg":"Users fetched"}
{"level":30,"time":1787942998484,"pid":7520,"hostname":"ELTECH","filters":{"page":3,"limit":10},"count":16,"msg":"Users fetched"}
{"level":30,"time":1787943000843,"pid":7520,"hostname":"ELTECH","filters":{"page":3,"limit":10},"count":16,"msg":"Users fetched"}
{"level":30,"time":1787943042332,"pid":7520,"hostname":"ELTECH","filters":{"page":3,"limit":10},"count":16,"msg":"Users fetched"}
{"level":30,"time":1787943066985,"pid":7520,"hostname":"ELTECH","filters":{"page":3,"limit":10},"count":16,"msg":"Users fetched"}
{"level":30,"time":1787943072628,"pid":7520,"hostname":"ELTECH","filters":{"page":3,"limit":10},"count":16,"msg":"Users fetched"}
{"level":30,"time":1787943075606,"pid":7520,"hostname":"ELTECH","filters":{"page":3,"limit":10},"count":16,"msg":"Users fetched"}
{"level":30,"time":1787943076817,"pid":7520,"hostname":"ELTECH","filters":{"page":3,"limit":10},"count":16,"msg":"Users fetched"}
{"level":30,"time":1787943088085,"pid":7520,"hostname":"ELTECH","filters":{"page":3,"limit":10},"count":16,"msg":"Users fetched"}
{"level":30,"time":1787943090693,"pid":7520,"hostname":"ELTECH","filters":{"page":3,"limit":10},"count":16,"msg":"Users fetched"}
{"level":30,"time":1787943093348,"pid":7520,"hostname":"ELTECH","filters":{"page":3,"limit":10},"count":16,"msg":"Users fetched"}
{"level":30,"time":1787943096285,"pid":7520,"hostname":"ELTECH","filters":{"page":3,"limit":10},"count":16,"msg":"Users fetched"}
{"level":30,"time":1787943103971,"pid":7520,"hostname":"ELTECH","filters":{"page":3,"limit":10},"count":16,"msg":"Users fetched"}
{"level":30,"time":1787943104962,"pid":7520,"hostname":"ELTECH","filters":{"page":3,"limit":10},"count":16,"msg":"Users fetched"}
{"level":30,"time":1787943120950,"pid":7520,"hostname":"ELTECH","id":2,"msg":"User fetched"}
{"level":30,"time":1787943120968,"pid":7520,"hostname":"ELTECH","filters":{"limit":1000},"count":16,"msg":"Users fetched"}
{"level":30,"time":1787943120985,"pid":7520,"hostname":"ELTECH","filters":{"page":3,"limit":5},"count":16,"msg":"Users fetched"}
{"level":30,"time":1787943134470,"pid":7520,"hostname":"ELTECH","url":"http://localhost:8081/api/v1/addresses?userId=2","filters":{"userId":2},"count":7,"msg":"User addresses fetched"}
{"level":30,"time":1787943134621,"pid":7520,"hostname":"ELTECH","filters":{"page":3,"limit":10},"count":16,"msg":"Users fetched"}
{"level":30,"time":1787943134700,"pid":7520,"hostname":"ELTECH","url":"http://localhost:8081/api/v1/addresses","filters":{},"count":22,"msg":"User addresses fetched"}
{"level":30,"time":1787943137834,"pid":7520,"hostname":"ELTECH","filters":{"page":3,"limit":10},"count":16,"msg":"Users fetched"}
{"level":30,"time":1787943137941,"pid":7520,"hostname":"ELTECH","url":"http://localhost:8081/api/v1/addresses?userId=2","filters":{"userId":2},"count":7,"msg":"User addresses fetched"}
{"level":30,"time":1787943139630,"pid":7520,"hostname":"ELTECH","filters":{"page":3,"limit":10},"count":16,"msg":"Users fetched"}
{"level":30,"time":1787943140235,"pid":7520,"hostname":"ELTECH","filters":{"page":3,"limit":10},"count":16,"msg":"Users fetched"}
{"level":30,"time":1787943141830,"pid":7520,"hostname":"ELTECH","filters":{"page":3,"limit":10},"count":16,"msg":"Users fetched"}
{"level":30,"time":1787943142734,"pid":7520,"hostname":"ELTECH","filters":{"page":3,"limit":10},"count":16,"msg":"Users fetched"}
{"level":30,"time":1787943143698,"pid":7520,"hostname":"ELTECH","filters":{"page":3,"limit":10},"count":16,"msg":"Users fetched"}
{"level":30,"time":1787943144047,"pid":7520,"hostname":"ELTECH","filters":{"page":3,"limit":10},"count":16,"msg":"Users fetched"}
{"level":30,"time":1787943150282,"pid":7520,"hostname":"ELTECH","filters":{"page":3,"limit":10},"count":16,"msg":"Users fetched"}
{"level":30,"time":1787943154428,"pid":7520,"hostname":"ELTECH","filters":{"page":3,"limit":10},"count":16,"msg":"Users fetched"}
{"level":30,"time":1787943168353,"pid":7520,"hostname":"ELTECH","filters":{"page":3,"limit":10},"count":16,"msg":"Users fetched"}
{"level":30,"time":1787943368852,"pid":7520,"hostname":"ELTECH","url":"http://localhost:8081/api/v1/addresses","filters":{},"count":22,"msg":"User addresses fetched"}
{"level":30,"time":1787943368859,"pid":7520,"hostname":"ELTECH","url":"http://localhost:8081/api/v1/addresses?userId=2","filters":{"userId":2},"count":7,"msg":"User addresses fetched"}
{"level":30,"time":1787943368868,"pid":7520,"hostname":"ELTECH","filters":{"limit":1000},"count":16,"msg":"Users fetched"}
{"level":30,"time":1787943368877,"pid":7520,"hostname":"ELTECH","filters":{"page":3,"limit":5},"count":16,"msg":"Users fetched"}
{"level":30,"time":1787943386818,"pid":7520,"hostname":"ELTECH","id":2,"msg":"User fetched"}
{"level":30,"time":1787943386830,"pid":7520,"hostname":"ELTECH","url":"http://localhost:8081/api/v1/addresses?userId=2","filters":{"userId":2},"count":7,"msg":"User addresses fetched"}
{"level":30,"time":1787943386884,"pid":7520,"hostname":"ELTECH","filters":{"page":3,"limit":10},"count":16,"msg":"Users fetched"}
{"level":30,"time":1787943386935,"pid":7520,"hostname":"ELTECH","filters":{"page":3,"limit":10},"count":16,"msg":"Users fetched"}
{"level":30,"time":1787943387044,"pid":7520,"hostname":"ELTECH","url":"http://localhost:8081/api/v1/addresses?userId=2","filters":{"userId":2},"count":7,"msg":"User addresses fetched"}
{"level":30,"time":1787943395432,"pid":7520,"hostname":"ELTECH","filters":{"page":3,"limit":10},"count":16,"msg":"Users fetched"}
{"level":30,"time":1787943398109,"pid":7520,"hostname":"ELTECH","filters":{"page":3,"limit":5},"count":16,"msg":"Users fetched"}
{"level":30,"time":1787943398284,"pid":7520,"hostname":"ELTECH","filters":{"limit":1000},"count":16,"msg":"Users fetched"}
{"level":30,"time":1787943403518,"pid":7520,"hostname":"ELTECH","id":2,"msg":"User fetched"}
{"level":30,"time":1787943404957,"pid":7520,"hostname":"ELTECH","url":"http://localhost:8081/api/v1/addresses?userId=2","filters":{"userId":2},"count":7,"msg":"User addresses fetched"}
{"level":30,"time":1787943405058,"pid":7520,"hostname":"ELTECH","url":"http://localhost:8081/api/v1/addresses?userId=2","filters":{"userId":2},"count":7,"msg":"User addresses fetched"}
{"level":30,"time":1787943406711,"pid":7520,"hostname":"ELTECH","url":"http://localhost:8081/api/v1/addresses?userId=2","filters":{"userId":2},"count":7,"msg":"User addresses fetched"}
{"level":30,"time":1787943408091,"pid":7520,"hostname":"ELTECH","filters":{"page":3,"limit":10},"count":16,"msg":"Users fetched"}
{"level":30,"time":1787943486215,"pid":7520,"hostname":"ELTECH","filters":{"page":3,"limit":10},"count":16,"msg":"Users fetched"}
{"level":30,"time":1787943618391,"pid":7520,"hostname":"ELTECH","filters":{"page":3,"limit":5},"count":16,"msg":"Users fetched"}
{"level":30,"time":1787943618489,"pid":7520,"hostname":"ELTECH","url":"http://localhost:8081/api/v1/addresses?userId=2","filters":{"userId":2},"count":7,"msg":"User addresses fetched"}
{"level":30,"time":1787943618523,"pid":7520,"hostname":"ELTECH","url":"http://localhost:8081/api/v1/addresses?userId=2","filters":{"userId":2},"count":7,"msg":"User addresses fetched"}
{"level":30,"time":1787943618556,"pid":7520,"hostname":"ELTECH","filters":{"limit":1000},"count":16,"msg":"Users fetched"}
{"level":30,"time":1787943618637,"pid":7520,"hostname":"ELTECH","id":2,"msg":"User fetched"}
{"level":30,"time":1787943633424,"pid":7520,"hostname":"ELTECH","filters":{"page":3,"limit":10},"count":16,"msg":"Users fetched"}
{"level":30,"time":1787943676142,"pid":7520,"hostname":"ELTECH","filters":{"page":3,"limit":10},"count":16,"msg":"Users fetched"}
{"level":30,"time":1787944349172,"pid":7520,"hostname":"ELTECH","filters":{"page":3,"limit":10},"count":16,"msg":"Users fetched"}
{"level":30,"time":1787944360379,"pid":7520,"hostname":"ELTECH","filters":{"page":3,"limit":10},"count":16,"msg":"Users fetched"}
{"level":30,"time":1787944397578,"pid":7520,"hostname":"ELTECH","filters":{"page":3,"limit":5},"count":16,"msg":"Users fetched"}
{"level":30,"time":1787944397605,"pid":7520,"hostname":"ELTECH","filters":{"limit":1000},"count":16,"msg":"Users fetched"}
{"level":30,"time":1787944397620,"pid":7520,"hostname":"ELTECH","id":2,"msg":"User fetched"}
{"level":30,"time":1787944397632,"pid":7520,"hostname":"ELTECH","url":"http://localhost:8081/api/v1/addresses?userId=2","filters":{"userId":2},"count":7,"msg":"User addresses fetched"}
{"level":30,"time":1787944397637,"pid":7520,"hostname":"ELTECH","url":"http://localhost:8081/api/v1/addresses?userId=2","filters":{"userId":2},"count":7,"msg":"User addresses fetched"}
{"level":30,"time":1787944397650,"pid":7520,"hostname":"ELTECH","filters":{"page":3,"limit":10},"count":16,"msg":"Users fetched"}
{"level":30,"time":1787944402944,"pid":7520,"hostname":"ELTECH","filters":{"page":3,"limit":5},"count":16,"msg":"Users fetched"}
{"level":30,"time":1787944403317,"pid":7520,"hostname":"ELTECH","filters":{"limit":1000},"count":16,"msg":"Users fetched"}
{"level":30,"time":1787944442416,"pid":7520,"hostname":"ELTECH","filters":{"page":3,"limit":10},"count":16,"msg":"Users fetched"}
{"level":30,"time":1787944442474,"pid":7520,"hostname":"ELTECH","filters":{"page":3,"limit":10},"count":16,"msg":"Users fetched"}
{"level":30,"time":1787944445355,"pid":7520,"hostname":"ELTECH","filters":{"page":3,"limit":5},"count":16,"msg":"Users fetched"}
{"level":30,"time":1787944445497,"pid":7520,"hostname":"ELTECH","filters":{"limit":1000},"count":16,"msg":"Users fetched"}
{"level":30,"time":1787944449999,"pid":7520,"hostname":"ELTECH","id":2,"msg":"User fetched"}
{"level":30,"time":1787944451689,"pid":7520,"hostname":"ELTECH","url":"http://localhost:8081/api/v1/addresses?userId=2","filters":{"userId":2},"count":7,"msg":"User addresses fetched"}
{"level":30,"time":1787944451825,"pid":7520,"hostname":"ELTECH","url":"http://localhost:8081/api/v1/addresses?userId=2","filters":{"userId":2},"count":7,"msg":"User addresses fetched"}
{"level":30,"time":1787944455092,"pid":7520,"hostname":"ELTECH","filters":{"page":3,"limit":10},"count":16,"msg":"Users fetched"}
{"level":30,"time":1787944457566,"pid":7520,"hostname":"ELTECH","url":"http://localhost:8081/api/v1/addresses?userId=2","filters":{"userId":2},"count":7,"msg":"User addresses fetched"}
{"level":30,"time":1787944496231,"pid":7520,"hostname":"ELTECH","filters":{"page":2,"limit":10},"count":16,"msg":"Users fetched"}
{"level":30,"time":1787944496324,"pid":7520,"hostname":"ELTECH","filters":{"page":2,"limit":5},"count":16,"msg":"Users fetched"}
{"level":30,"time":1787944497408,"pid":7520,"hostname":"ELTECH","filters":{"page":1,"limit":10},"count":16,"msg":"Users fetched"}
{"level":30,"time":1787944497513,"pid":7520,"hostname":"ELTECH","filters":{"page":1,"limit":5},"count":16,"msg":"Users fetched"}
{"level":30,"time":1787944498565,"pid":7520,"hostname":"ELTECH","filters":{"page":2,"limit":10},"count":16,"msg":"Users fetched"}
{"level":30,"time":1787944504710,"pid":7520,"hostname":"ELTECH","filters":{"page":3,"limit":10},"count":16,"msg":"Users fetched"}
{"level":30,"time":1787944504880,"pid":7520,"hostname":"ELTECH","filters":{"page":3,"limit":10},"count":16,"msg":"Users fetched"}
{"level":30,"time":1787944504923,"pid":7520,"hostname":"ELTECH","filters":{"page":3,"limit":10},"count":16,"msg":"Users fetched"}
{"level":30,"time":1787944506129,"pid":7520,"hostname":"ELTECH","filters":{"page":4,"limit":10},"count":16,"msg":"Users fetched"}
{"level":30,"time":1787944506208,"pid":7520,"hostname":"ELTECH","filters":{"page":4,"limit":5},"count":16,"msg":"Users fetched"}
{"level":30,"time":1787944507379,"pid":7520,"hostname":"ELTECH","filters":{"page":3,"limit":10},"count":16,"msg":"Users fetched"}
{"level":30,"time":1787944507520,"pid":7520,"hostname":"ELTECH","filters":{"page":3,"limit":5},"count":16,"msg":"Users fetched"}
{"level":30,"time":1787944512276,"pid":7520,"hostname":"ELTECH","id":2,"msg":"User fetched"}
{"level":30,"time":1787944513905,"pid":7520,"hostname":"ELTECH","url":"http://localhost:8081/api/v1/addresses?userId=2","filters":{"userId":2},"count":7,"msg":"User addresses fetched"}
{"level":30,"time":1787944513977,"pid":7520,"hostname":"ELTECH","url":"http://localhost:8081/api/v1/addresses?userId=2","filters":{"userId":2},"count":7,"msg":"User addresses fetched"}
{"level":30,"time":1787944521640,"pid":7520,"hostname":"ELTECH","url":"http://localhost:8081/api/v1/addresses?userId=2","filters":{"userId":2},"count":7,"msg":"User addresses fetched"}
{"level":30,"time":1787944548822,"pid":7520,"hostname":"ELTECH","filters":{"page":3,"limit":10},"count":16,"msg":"Users fetched"}
{"level":30,"time":1787944583506,"pid":7520,"hostname":"ELTECH","url":"http://localhost:8081/api/v1/addresses?userId=2","filters":{"userId":2},"count":7,"msg":"User addresses fetched"}
{"level":30,"time":1787944583604,"pid":7520,"hostname":"ELTECH","filters":{"page":3,"limit":10},"count":16,"msg":"Users fetched"}
{"level":30,"time":1787944584094,"pid":7520,"hostname":"ELTECH","url":"http://localhost:8081/api/v1/addresses?userId=2","filters":{"userId":2},"count":7,"msg":"User addresses fetched"}
{"level":30,"time":1787944766943,"pid":7520,"hostname":"ELTECH","url":"http://localhost:8081/api/v1/addresses?userId=2","filters":{"userId":2},"count":7,"msg":"User addresses fetched"}
{"level":30,"time":1787944866286,"pid":7520,"hostname":"ELTECH","id":2,"msg":"User fetched"}
{"level":30,"time":1787944866317,"pid":7520,"hostname":"ELTECH","filters":{"limit":1000},"count":16,"msg":"Users fetched"}
{"level":30,"time":1787944866333,"pid":7520,"hostname":"ELTECH","url":"http://localhost:8081/api/v1/addresses?userId=2","filters":{"userId":2},"count":7,"msg":"User addresses fetched"}
{"level":30,"time":1787944866344,"pid":7520,"hostname":"ELTECH","url":"http://localhost:8081/api/v1/addresses?userId=2","filters":{"userId":2},"count":7,"msg":"User addresses fetched"}
{"level":30,"time":1787944866365,"pid":7520,"hostname":"ELTECH","filters":{"page":3,"limit":5},"count":16,"msg":"Users fetched"}
{"level":30,"time":1787944866372,"pid":7520,"hostname":"ELTECH","url":"http://localhost:8081/api/v1/addresses?userId=2","filters":{"userId":2},"count":7,"msg":"User addresses fetched"}
{"level":30,"time":1787944866992,"pid":7520,"hostname":"ELTECH","filters":{"page":3,"limit":10},"count":16,"msg":"Users fetched"}
{"level":30,"time":1787944870090,"pid":7520,"hostname":"ELTECH","filters":{"page":3,"limit":10},"count":16,"msg":"Users fetched"}
{"level":30,"time":1787945102151,"pid":7520,"hostname":"ELTECH","url":"http://localhost:8081/api/v1/addresses?page=2&userId=2","filters":{"page":2,"userId":2},"count":7,"msg":"User addresses fetched"}
{"level":30,"time":1787945166740,"pid":7520,"hostname":"ELTECH","filters":{"limit":1000},"count":16,"msg":"Users fetched"}
{"level":30,"time":1787945166759,"pid":7520,"hostname":"ELTECH","filters":{"page":3,"limit":5},"count":16,"msg":"Users fetched"}
{"level":30,"time":1787945167100,"pid":7520,"hostname":"ELTECH","url":"http://localhost:8081/api/v1/addresses?userId=2","filters":{"userId":2},"count":7,"msg":"User addresses fetched"}
{"level":30,"time":1787945167309,"pid":7520,"hostname":"ELTECH","url":"http://localhost:8081/api/v1/addresses?userId=2","filters":{"userId":2},"count":7,"msg":"User addresses fetched"}
{"level":30,"time":1787945167358,"pid":7520,"hostname":"ELTECH","id":2,"msg":"User fetched"}
{"level":30,"time":1787945167845,"pid":7520,"hostname":"ELTECH","url":"http://localhost:8081/api/v1/addresses?userId=2","filters":{"userId":2},"count":7,"msg":"User addresses fetched"}
{"level":30,"time":1787945176133,"pid":7520,"hostname":"ELTECH","filters":{"page":3,"limit":10},"count":16,"msg":"Users fetched"}
{"level":30,"time":1787945213936,"pid":7520,"hostname":"ELTECH","filters":{"page":3,"limit":10},"count":16,"msg":"Users fetched"}
{"level":30,"time":1787945221025,"pid":7520,"hostname":"ELTECH","filters":{"page":3,"limit":10},"count":16,"msg":"Users fetched"}
{"level":30,"time":1787945254150,"pid":7520,"hostname":"ELTECH","filters":{"limit":1000},"count":16,"msg":"Users fetched"}
{"level":30,"time":1787945254205,"pid":7520,"hostname":"ELTECH","filters":{"page":3,"limit":5},"count":16,"msg":"Users fetched"}
{"level":30,"time":1787945254235,"pid":7520,"hostname":"ELTECH","url":"http://localhost:8081/api/v1/addresses?userId=2","filters":{"userId":2},"count":7,"msg":"User addresses fetched"}
{"level":30,"time":1787945254303,"pid":7520,"hostname":"ELTECH","url":"http://localhost:8081/api/v1/addresses?userId=2","filters":{"userId":2},"count":7,"msg":"User addresses fetched"}
{"level":30,"time":1787945254492,"pid":7520,"hostname":"ELTECH","id":2,"msg":"User fetched"}
{"level":30,"time":1787945541513,"pid":7520,"hostname":"ELTECH","filters":{"page":3,"limit":10},"count":16,"msg":"Users fetched"}
{"level":30,"time":1787945582725,"pid":7520,"hostname":"ELTECH","url":"http://localhost:8081/api/v1/addresses?page=2&size=3&userId=2","filters":{"page":2,"size":3,"userId":2},"count":7,"msg":"User addresses fetched"}
{"level":30,"time":1787945582834,"pid":7520,"hostname":"ELTECH","filters":{"page":3,"limit":10},"count":16,"msg":"Users fetched"}
{"level":30,"time":1787945610919,"pid":7520,"hostname":"ELTECH","id":2,"msg":"User fetched"}
{"level":30,"time":1787945610937,"pid":7520,"hostname":"ELTECH","filters":{"limit":1000},"count":16,"msg":"Users fetched"}
{"level":30,"time":1787945610954,"pid":7520,"hostname":"ELTECH","filters":{"page":3,"limit":5},"count":16,"msg":"Users fetched"}
{"level":30,"time":1787945610970,"pid":7520,"hostname":"ELTECH","url":"http://localhost:8081/api/v1/addresses?userId=2","filters":{"userId":2},"count":7,"msg":"User addresses fetched"}
{"level":30,"time":1787945610993,"pid":7520,"hostname":"ELTECH","url":"http://localhost:8081/api/v1/addresses?userId=2","filters":{"userId":2},"count":7,"msg":"User addresses fetched"}
{"level":30,"time":1787945611018,"pid":7520,"hostname":"ELTECH","url":"http://localhost:8081/api/v1/addresses?userId=2","filters":{"userId":2},"count":7,"msg":"User addresses fetched"}
{"level":30,"time":1787945616421,"pid":7520,"hostname":"ELTECH","filters":{"page":3,"limit":10},"count":16,"msg":"Users fetched"}
{"level":30,"time":1787945622239,"pid":7520,"hostname":"ELTECH","filters":{"page":3,"limit":10},"count":16,"msg":"Users fetched"}
{"level":30,"time":1787945625183,"pid":7520,"hostname":"ELTECH","filters":{"page":3,"limit":5},"count":16,"msg":"Users fetched"}
{"level":30,"time":1787945625365,"pid":7520,"hostname":"ELTECH","filters":{"limit":1000},"count":16,"msg":"Users fetched"}
{"level":30,"time":1787945630630,"pid":7520,"hostname":"ELTECH","id":2,"msg":"User fetched"}
{"level":30,"time":1787945632105,"pid":7520,"hostname":"ELTECH","url":"http://localhost:8081/api/v1/addresses?userId=2","filters":{"userId":2},"count":7,"msg":"User addresses fetched"}
{"level":30,"time":1787945632218,"pid":7520,"hostname":"ELTECH","url":"http://localhost:8081/api/v1/addresses?userId=2","filters":{"userId":2},"count":7,"msg":"User addresses fetched"}
{"level":30,"time":1787945634074,"pid":7520,"hostname":"ELTECH","url":"http://localhost:8081/api/v1/addresses?userId=2","filters":{"userId":2},"count":7,"msg":"User addresses fetched"}
{"level":30,"time":1787945635550,"pid":7520,"hostname":"ELTECH","filters":{"page":3,"limit":10},"count":16,"msg":"Users fetched"}
{"level":30,"time":1787945647978,"pid":7520,"hostname":"ELTECH","filters":{"page":3,"limit":10},"count":16,"msg":"Users fetched"}
{"level":30,"time":1787945650807,"pid":7520,"hostname":"ELTECH","filters":{"page":3,"limit":5},"count":16,"msg":"Users fetched"}
{"level":30,"time":1787945664205,"pid":7520,"hostname":"ELTECH","filters":{"limit":1000},"count":16,"msg":"Users fetched"}
{"level":30,"time":1787945664212,"pid":7520,"hostname":"ELTECH","filters":{"page":3,"limit":10},"count":16,"msg":"Users fetched"}
{"level":30,"time":1787945666496,"pid":7520,"hostname":"ELTECH","filters":{"page":3,"limit":5},"count":16,"msg":"Users fetched"}
{"level":30,"time":1787945666683,"pid":7520,"hostname":"ELTECH","filters":{"limit":1000},"count":16,"msg":"Users fetched"}
{"level":30,"time":1787945715936,"pid":7520,"hostname":"ELTECH","filters":{"page":3,"limit":10},"count":16,"msg":"Users fetched"}
{"level":30,"time":1787945727751,"pid":7520,"hostname":"ELTECH","filters":{"page":3,"limit":10},"count":16,"msg":"Users fetched"}
{"level":30,"time":1787945736897,"pid":7520,"hostname":"ELTECH","filters":{"page":3,"limit":10},"count":16,"msg":"Users fetched"}
{"level":30,"time":1787945773567,"pid":7520,"hostname":"ELTECH","filters":{"page":3,"limit":10},"count":16,"msg":"Users fetched"}
{"level":30,"time":1787945780770,"pid":7520,"hostname":"ELTECH","filters":{"page":3,"limit":10},"count":16,"msg":"Users fetched"}
{"level":30,"time":1787945784249,"pid":7520,"hostname":"ELTECH","filters":{"page":3,"limit":10},"count":16,"msg":"Users fetched"}
{"level":30,"time":1787945823164,"pid":7520,"hostname":"ELTECH","filters":{"limit":1000},"count":16,"msg":"Users fetched"}
{"level":30,"time":1787945823184,"pid":7520,"hostname":"ELTECH","filters":{"page":3,"limit":5},"count":16,"msg":"Users fetched"}
{"level":30,"time":1787945823202,"pid":7520,"hostname":"ELTECH","filters":{"page":3,"limit":10},"count":16,"msg":"Users fetched"}
{"level":30,"time":1787945823428,"pid":7520,"hostname":"ELTECH","filters":{"page":1,"limit":10},"count":16,"msg":"Users fetched"}
{"level":30,"time":1787945823454,"pid":7520,"hostname":"ELTECH","filters":{"page":1,"limit":10},"count":16,"msg":"Users fetched"}
{"level":30,"time":1787945826815,"pid":7520,"hostname":"ELTECH","filters":{"page":3,"limit":5},"count":16,"msg":"Users fetched"}
{"level":30,"time":1787945826989,"pid":7520,"hostname":"ELTECH","filters":{"limit":1000},"count":16,"msg":"Users fetched"}
{"level":30,"time":1787945829854,"pid":7520,"hostname":"ELTECH","filters":{"page":1,"limit":10},"count":16,"msg":"Users fetched"}
{"level":30,"time":1787945838902,"pid":7520,"hostname":"ELTECH","filters":{"page":1,"limit":10},"count":16,"msg":"Users fetched"}
{"level":30,"time":1787945843354,"pid":7520,"hostname":"ELTECH","filters":{"page":1,"limit":5},"count":16,"msg":"Users fetched"}
{"level":30,"time":1787945843536,"pid":7520,"hostname":"ELTECH","filters":{"limit":1000},"count":16,"msg":"Users fetched"}
{"level":30,"time":1787945903110,"pid":7520,"hostname":"ELTECH","filters":{"page":2,"limit":10},"count":16,"msg":"Users fetched"}
{"level":30,"time":1787945903185,"pid":7520,"hostname":"ELTECH","filters":{"page":2,"limit":5},"count":16,"msg":"Users fetched"}
{"level":30,"time":1787945904702,"pid":7520,"hostname":"ELTECH","filters":{"page":3,"limit":10},"count":16,"msg":"Users fetched"}
{"level":30,"time":1787945904805,"pid":7520,"hostname":"ELTECH","filters":{"page":3,"limit":5},"count":16,"msg":"Users fetched"}
{"level":30,"time":1787945906440,"pid":7520,"hostname":"ELTECH","filters":{"page":1,"limit":10},"count":16,"msg":"Users fetched"}
{"level":30,"time":1787945906596,"pid":7520,"hostname":"ELTECH","filters":{"page":1,"limit":5},"count":16,"msg":"Users fetched"}
{"level":30,"time":1787945908851,"pid":7520,"hostname":"ELTECH","filters":{"page":2,"limit":10},"count":16,"msg":"Users fetched"}
{"level":30,"time":1787945910834,"pid":7520,"hostname":"ELTECH","filters":{"page":1,"limit":10},"count":16,"msg":"Users fetched"}
{"level":30,"time":1787945919320,"pid":7520,"hostname":"ELTECH","filters":{"page":1,"limit":10},"count":16,"msg":"Users fetched"}
{"level":30,"time":1787945921702,"pid":7520,"hostname":"ELTECH","filters":{"page":1,"limit":5},"count":16,"msg":"Users fetched"}
{"level":30,"time":1787945949651,"pid":7520,"hostname":"ELTECH","filters":{"limit":1000},"count":16,"msg":"Users fetched"}
{"level":30,"time":1787945949663,"pid":7520,"hostname":"ELTECH","filters":{"page":1,"limit":10},"count":16,"msg":"Users fetched"}
{"level":30,"time":1787945952357,"pid":7520,"hostname":"ELTECH","filters":{"page":1,"limit":5},"count":16,"msg":"Users fetched"}
{"level":30,"time":1787945952772,"pid":7520,"hostname":"ELTECH","filters":{"limit":1000},"count":16,"msg":"Users fetched"}
{"level":30,"time":1787945973345,"pid":7520,"hostname":"ELTECH","filters":{"page":1,"limit":10},"count":16,"msg":"Users fetched"}
{"level":30,"time":1787945999371,"pid":7520,"hostname":"ELTECH","filters":{"page":1,"limit":10},"count":16,"msg":"Users fetched"}
{"level":30,"time":1787946030490,"pid":7520,"hostname":"ELTECH","filters":{},"count":16,"msg":"Users fetched"}
{"level":30,"time":1787946030636,"pid":7520,"hostname":"ELTECH","filters":{"page":1,"limit":10},"count":16,"msg":"Users fetched"}
{"level":30,"time":1787946031027,"pid":7520,"hostname":"ELTECH","filters":{"page":1,"limit":5},"count":16,"msg":"Users fetched"}
{"level":30,"time":1787946031079,"pid":7520,"hostname":"ELTECH","filters":{"limit":1000},"count":16,"msg":"Users fetched"}
{"level":30,"time":1787946044230,"pid":7520,"hostname":"ELTECH","filters":{"page":1},"count":16,"msg":"Users fetched"}
{"level":30,"time":1787946044296,"pid":7520,"hostname":"ELTECH","filters":{"page":1,"limit":10},"count":16,"msg":"Users fetched"}
{"level":30,"time":1787946045784,"pid":7520,"hostname":"ELTECH","filters":{"page":1,"limit":10},"count":16,"msg":"Users fetched"}
{"level":30,"time":1787946048908,"pid":7520,"hostname":"ELTECH","filters":{"page":1},"count":16,"msg":"Users fetched"}
{"level":30,"time":1787946049047,"pid":7520,"hostname":"ELTECH","filters":{},"count":16,"msg":"Users fetched"}
{"level":30,"time":1787946063800,"pid":7520,"hostname":"ELTECH","filters":{"page":1,"limit":10},"count":16,"msg":"Users fetched"}
{"level":30,"time":1787946066278,"pid":7520,"hostname":"ELTECH","filters":{"page":1},"count":16,"msg":"Users fetched"}
{"level":30,"time":1787946066497,"pid":7520,"hostname":"ELTECH","filters":{},"count":16,"msg":"Users fetched"}
{"level":30,"time":1787946082119,"pid":7520,"hostname":"ELTECH","filters":{"page":1,"limit":10},"count":16,"msg":"Users fetched"}
{"level":30,"time":1787946098146,"pid":7520,"hostname":"ELTECH","filters":{"page":1,"limit":10},"count":16,"msg":"Users fetched"}
{"level":30,"time":1787946102606,"pid":7520,"hostname":"ELTECH","filters":{"page":1,"limit":10},"count":16,"msg":"Users fetched"}
{"level":30,"time":1787946105273,"pid":7520,"hostname":"ELTECH","filters":{"page":1,"size":10},"count":16,"msg":"Users fetched"}
{"level":30,"time":1787946105389,"pid":7520,"hostname":"ELTECH","filters":{"size":1000},"count":16,"msg":"Users fetched"}
{"level":30,"time":1787946117787,"pid":7520,"hostname":"ELTECH","filters":{"page":1,"limit":10},"count":16,"msg":"Users fetched"}
{"level":30,"time":1787946120292,"pid":7520,"hostname":"ELTECH","filters":{"page":1,"size":5},"count":16,"msg":"Users fetched"}
{"level":30,"time":1787946120484,"pid":7520,"hostname":"ELTECH","filters":{"size":1000},"count":16,"msg":"Users fetched"}
{"level":30,"time":1787946141349,"pid":7520,"hostname":"ELTECH","filters":{"page":1,"limit":10},"count":16,"msg":"Users fetched"}
{"level":30,"time":1787946143676,"pid":7520,"hostname":"ELTECH","filters":{"page":1,"size":7},"count":16,"msg":"Users fetched"}
{"level":30,"time":1787946143845,"pid":7520,"hostname":"ELTECH","filters":{"size":1000},"count":16,"msg":"Users fetched"}
{"level":30,"time":1787946151872,"pid":7520,"hostname":"ELTECH","filters":{"page":1,"limit":10},"count":16,"msg":"Users fetched"}
{"level":30,"time":1787946154222,"pid":7520,"hostname":"ELTECH","filters":{"page":1,"size":7},"count":16,"msg":"Users fetched"}
{"level":30,"time":1787946154391,"pid":7520,"hostname":"ELTECH","filters":{"size":1000},"count":16,"msg":"Users fetched"}
{"level":30,"time":1787946165007,"pid":7520,"hostname":"ELTECH","filters":{"page":1,"limit":10},"count":16,"msg":"Users fetched"}
{"level":30,"time":1787946167639,"pid":7520,"hostname":"ELTECH","filters":{"page":1,"size":5},"count":16,"msg":"Users fetched"}
{"level":30,"time":1787946221985,"pid":7520,"hostname":"ELTECH","filters":{"size":1000},"count":16,"msg":"Users fetched"}
{"level":30,"time":1787946222030,"pid":7520,"hostname":"ELTECH","filters":{"page":1,"limit":10},"count":16,"msg":"Users fetched"}
{"level":30,"time":1787946225635,"pid":7520,"hostname":"ELTECH","filters":{"page":1,"size":5},"count":16,"msg":"Users fetched"}
{"level":30,"time":1787946226141,"pid":7520,"hostname":"ELTECH","filters":{"size":1000},"count":16,"msg":"Users fetched"}
{"level":30,"time":1787946302911,"pid":7520,"hostname":"ELTECH","filters":{"size":1000},"count":16,"msg":"Users fetched"}
{"level":30,"time":1787946302921,"pid":7520,"hostname":"ELTECH","filters":{"page":1,"size":5},"count":16,"msg":"Users fetched"}
{"level":30,"time":1787946303024,"pid":7520,"hostname":"ELTECH","filters":{"page":1,"limit":10},"count":16,"msg":"Users fetched"}
{"level":30,"time":1787946303191,"pid":7520,"hostname":"ELTECH","filters":{"page":1,"size":7},"count":16,"msg":"Users fetched"}
{"level":30,"time":1787946311955,"pid":7520,"hostname":"ELTECH","filters":{"page":1,"limit":10},"count":16,"msg":"Users fetched"}
{"level":30,"time":1787946312046,"pid":7520,"hostname":"ELTECH","filters":{"page":1,"size":20},"count":16,"msg":"Users fetched"}
{"level":30,"time":1787946314326,"pid":7520,"hostname":"ELTECH","filters":{"page":1,"limit":10},"count":16,"msg":"Users fetched"}
{"level":30,"time":1787946314439,"pid":7520,"hostname":"ELTECH","filters":{"page":1,"size":10},"count":16,"msg":"Users fetched"}
{"level":30,"time":1787946320061,"pid":7520,"hostname":"ELTECH","filters":{"page":1,"limit":10},"count":16,"msg":"Users fetched"}
{"level":30,"time":1787946334890,"pid":7520,"hostname":"ELTECH","filters":{"page":1,"limit":10},"count":16,"msg":"Users fetched"}
{"level":30,"time":1787946337641,"pid":7520,"hostname":"ELTECH","filters":{"page":1,"size":5},"count":16,"msg":"Users fetched"}
{"level":30,"time":1787946337808,"pid":7520,"hostname":"ELTECH","filters":{"size":1000},"count":16,"msg":"Users fetched"}
{"level":30,"time":1787946346449,"pid":7520,"hostname":"ELTECH","filters":{"page":1,"limit":10},"count":16,"msg":"Users fetched"}
{"level":30,"time":1787946346543,"pid":7520,"hostname":"ELTECH","filters":{"page":1,"size":10},"count":16,"msg":"Users fetched"}
{"level":30,"time":1787946348972,"pid":7520,"hostname":"ELTECH","filters":{"page":2,"limit":10},"count":16,"msg":"Users fetched"}
{"level":30,"time":1787946349071,"pid":7520,"hostname":"ELTECH","filters":{"page":2,"size":10},"count":16,"msg":"Users fetched"}
{"level":30,"time":1787946358091,"pid":7520,"hostname":"ELTECH","id":2,"msg":"User fetched"}
{"level":30,"time":1787946358166,"pid":7520,"hostname":"ELTECH","filters":{"page":2,"limit":10},"count":16,"msg":"Users fetched"}
{"level":30,"time":1787946374408,"pid":7520,"hostname":"ELTECH","url":"http://localhost:8081/api/v1/addresses?userId=2","filters":{"userId":2},"count":7,"msg":"User addresses fetched"}
{"level":30,"time":1787946374696,"pid":7520,"hostname":"ELTECH","url":"http://localhost:8081/api/v1/addresses?userId=2","filters":{"userId":2},"count":7,"msg":"User addresses fetched"}
{"level":30,"time":1787946382288,"pid":7520,"hostname":"ELTECH","url":"http://localhost:8081/api/v1/addresses?userId=2","filters":{"userId":2},"count":7,"msg":"User addresses fetched"}
{"level":30,"time":1787946409371,"pid":7520,"hostname":"ELTECH","filters":{"page":2,"limit":10},"count":16,"msg":"Users fetched"}
{"level":30,"time":1787946581861,"pid":7520,"hostname":"ELTECH","filters":{"size":1000},"count":16,"msg":"Users fetched"}
{"level":30,"time":1787946581872,"pid":7520,"hostname":"ELTECH","url":"http://localhost:8081/api/v1/addresses?userId=2","filters":{"userId":2},"count":7,"msg":"User addresses fetched"}
{"level":30,"time":1787946581880,"pid":7520,"hostname":"ELTECH","url":"http://localhost:8081/api/v1/addresses?userId=2","filters":{"userId":2},"count":7,"msg":"User addresses fetched"}
{"level":30,"time":1787946581896,"pid":7520,"hostname":"ELTECH","filters":{"page":2,"size":10},"count":16,"msg":"Users fetched"}
{"level":30,"time":1787946581925,"pid":7520,"hostname":"ELTECH","id":2,"msg":"User fetched"}
{"level":30,"time":1787946590822,"pid":7520,"hostname":"ELTECH","url":"http://localhost:8081/api/v1/addresses?userId=2","filters":{"userId":2},"count":7,"msg":"User addresses fetched"}
{"level":30,"time":1787946591524,"pid":7520,"hostname":"ELTECH","filters":{"page":2,"limit":10},"count":16,"msg":"Users fetched"}
{"level":30,"time":1787960226540,"pid":7520,"hostname":"ELTECH","filters":{"page":2,"limit":10},"count":16,"msg":"Users fetched"}
{"level":30,"time":1787960242326,"pid":7520,"hostname":"ELTECH","filters":{"page":2,"size":10},"count":16,"msg":"Users fetched"}
{"level":30,"time":1787960242562,"pid":7520,"hostname":"ELTECH","filters":{"size":1000},"count":16,"msg":"Users fetched"}
{"level":30,"time":1787960249957,"pid":7520,"hostname":"ELTECH","filters":{"page":1,"limit":10},"count":16,"msg":"Users fetched"}
{"level":30,"time":1787960250177,"pid":7520,"hostname":"ELTECH","filters":{"page":1,"size":20},"count":16,"msg":"Users fetched"}
{"level":30,"time":1787960252439,"pid":7520,"hostname":"ELTECH","filters":{"page":1,"limit":10},"count":16,"msg":"Users fetched"}
{"level":30,"time":1787960253368,"pid":7520,"hostname":"ELTECH","filters":{"page":1,"size":5},"count":16,"msg":"Users fetched"}
{"level":30,"time":1787960255433,"pid":7520,"hostname":"ELTECH","filters":{"page":2,"limit":10},"count":16,"msg":"Users fetched"}
{"level":30,"time":1787960255561,"pid":7520,"hostname":"ELTECH","filters":{"page":2,"size":5},"count":16,"msg":"Users fetched"}
{"level":30,"time":1787960257353,"pid":7520,"hostname":"ELTECH","filters":{"page":3,"limit":10},"count":16,"msg":"Users fetched"}
{"level":30,"time":1787960257463,"pid":7520,"hostname":"ELTECH","filters":{"page":3,"size":5},"count":16,"msg":"Users fetched"}
{"level":30,"time":1787960259745,"pid":7520,"hostname":"ELTECH","filters":{"page":2,"limit":10},"count":16,"msg":"Users fetched"}
{"level":30,"time":1787960260766,"pid":7520,"hostname":"ELTECH","filters":{"page":4,"limit":10},"count":16,"msg":"Users fetched"}
{"level":30,"time":1787960260898,"pid":7520,"hostname":"ELTECH","filters":{"page":4,"size":5},"count":16,"msg":"Users fetched"}
{"level":30,"time":1787960262221,"pid":7520,"hostname":"ELTECH","filters":{"page":3,"limit":10},"count":16,"msg":"Users fetched"}
{"level":30,"time":1787960268984,"pid":7520,"hostname":"ELTECH","id":2,"msg":"User fetched"}
{"level":30,"time":1787960270479,"pid":7520,"hostname":"ELTECH","url":"http://localhost:8081/api/v1/addresses?userId=2","filters":{"userId":2},"count":7,"msg":"User addresses fetched"}
{"level":30,"time":1787960270597,"pid":7520,"hostname":"ELTECH","url":"http://localhost:8081/api/v1/addresses?userId=2","filters":{"userId":2},"count":7,"msg":"User addresses fetched"}
{"level":30,"time":1787960273218,"pid":7520,"hostname":"ELTECH","url":"http://localhost:8081/api/v1/addresses?userId=2","filters":{"userId":2},"count":7,"msg":"User addresses fetched"}
{"level":30,"time":1787960286926,"pid":7520,"hostname":"ELTECH","filters":{"page":3,"limit":10},"count":16,"msg":"Users fetched"}
{"level":30,"time":1787960289717,"pid":7520,"hostname":"ELTECH","filters":{"page":3,"size":5},"count":16,"msg":"Users fetched"}
{"level":30,"time":1787960289882,"pid":7520,"hostname":"ELTECH","filters":{"size":1000},"count":16,"msg":"Users fetched"}
{"level":30,"time":1787960296050,"pid":7520,"hostname":"ELTECH","id":2,"msg":"User fetched"}
{"level":30,"time":1787960297916,"pid":7520,"hostname":"ELTECH","url":"http://localhost:8081/api/v1/addresses?userId=2","filters":{"userId":2},"count":7,"msg":"User addresses fetched"}
{"level":30,"time":1787960298714,"pid":7520,"hostname":"ELTECH","url":"http://localhost:8081/api/v1/addresses?userId=2","filters":{"userId":2},"count":7,"msg":"User addresses fetched"}
{"level":30,"time":1787960301447,"pid":7520,"hostname":"ELTECH","url":"http://localhost:8081/api/v1/addresses?userId=2","filters":{"userId":2},"count":7,"msg":"User addresses fetched"}
{"level":30,"time":1787960310478,"pid":7520,"hostname":"ELTECH","filters":{"page":3,"limit":10},"count":16,"msg":"Users fetched"}
{"level":30,"time":1787960420825,"pid":7520,"hostname":"ELTECH","filters":{"size":1000},"count":16,"msg":"Users fetched"}
{"level":30,"time":1787960420841,"pid":7520,"hostname":"ELTECH","url":"http://localhost:8081/api/v1/addresses?userId=2","filters":{"userId":2},"count":7,"msg":"User addresses fetched"}
{"level":30,"time":1787960420850,"pid":7520,"hostname":"ELTECH","url":"http://localhost:8081/api/v1/addresses?userId=2","filters":{"userId":2},"count":7,"msg":"User addresses fetched"}
{"level":30,"time":1787960420857,"pid":7520,"hostname":"ELTECH","filters":{"page":3,"size":5},"count":16,"msg":"Users fetched"}
{"level":30,"time":1787960420864,"pid":7520,"hostname":"ELTECH","id":2,"msg":"User fetched"}
{"level":30,"time":1787960421035,"pid":7520,"hostname":"ELTECH","filters":{"page":3,"limit":10},"count":16,"msg":"Users fetched"}
{"level":30,"time":1787960424341,"pid":7520,"hostname":"ELTECH","filters":{"page":3,"limit":10},"count":16,"msg":"Users fetched"}
{"level":30,"time":1787960624234,"pid":7520,"hostname":"ELTECH","filters":{"page":3,"limit":10},"count":16,"msg":"Users fetched"}
{"level":30,"time":1787960630602,"pid":7520,"hostname":"ELTECH","filters":{"page":3,"size":5},"count":16,"msg":"Users fetched"}
{"level":30,"time":1787960630705,"pid":7520,"hostname":"ELTECH","filters":{"size":1000},"count":16,"msg":"Users fetched"}
{"level":30,"time":1787960729003,"pid":7520,"hostname":"ELTECH","filters":{"page":3,"limit":10},"count":16,"msg":"Users fetched"}
{"level":30,"time":1787960738704,"pid":7520,"hostname":"ELTECH","filters":{"page":3,"limit":10},"count":16,"msg":"Users fetched"}
{"level":30,"time":1787960742102,"pid":7520,"hostname":"ELTECH","filters":{"page":3,"limit":10},"count":16,"msg":"Users fetched"}
{"level":30,"time":1787960746026,"pid":7520,"hostname":"ELTECH","filters":{"page":3,"limit":10},"count":16,"msg":"Users fetched"}
{"level":30,"time":1787960773943,"pid":7520,"hostname":"ELTECH","filters":{"page":3,"limit":10},"count":16,"msg":"Users fetched"}
{"level":30,"time":1787960790851,"pid":7520,"hostname":"ELTECH","filters":{"page":3,"limit":10},"count":16,"msg":"Users fetched"}
{"level":30,"time":1787960796046,"pid":7520,"hostname":"ELTECH","filters":{"page":3,"limit":10},"count":16,"msg":"Users fetched"}
{"level":30,"time":1787960804037,"pid":7520,"hostname":"ELTECH","filters":{"page":3,"limit":10},"count":16,"msg":"Users fetched"}
{"level":30,"time":1787960818424,"pid":7520,"hostname":"ELTECH","filters":{"page":3,"limit":10},"count":16,"msg":"Users fetched"}
{"level":30,"time":1787960836412,"pid":7520,"hostname":"ELTECH","filters":{"page":3,"limit":10},"count":16,"msg":"Users fetched"}
{"level":30,"time":1787960853383,"pid":7520,"hostname":"ELTECH","filters":{"size":1000},"count":16,"msg":"Users fetched"}
{"level":30,"time":1787960853391,"pid":7520,"hostname":"ELTECH","filters":{"page":3,"size":5},"count":16,"msg":"Users fetched"}
{"level":30,"time":1787960853456,"pid":7520,"hostname":"ELTECH","filters":{"page":3,"limit":10},"count":16,"msg":"Users fetched"}
{"level":30,"time":1787960859656,"pid":7520,"hostname":"ELTECH","filters":{"page":3,"limit":10},"count":16,"msg":"Users fetched"}
{"level":30,"time":1787960869251,"pid":7520,"hostname":"ELTECH","filters":{"page":3,"limit":10},"count":16,"msg":"Users fetched"}
{"level":30,"time":1787960898749,"pid":7520,"hostname":"ELTECH","filters":{"page":3,"limit":10},"count":16,"msg":"Users fetched"}
{"level":30,"time":1787960939179,"pid":7520,"hostname":"ELTECH","filters":{"page":3,"limit":10},"count":16,"msg":"Users fetched"}
{"level":30,"time":1787960955874,"pid":7520,"hostname":"ELTECH","filters":{"size":1000},"count":16,"msg":"Users fetched"}
{"level":30,"time":1787960955884,"pid":7520,"hostname":"ELTECH","filters":{"page":3,"size":5},"count":16,"msg":"Users fetched"}
{"level":30,"time":1787960955959,"pid":7520,"hostname":"ELTECH","filters":{"page":3,"limit":10},"count":16,"msg":"Users fetched"}
{"level":30,"time":1787960958172,"pid":7520,"hostname":"ELTECH","filters":{"page":4,"limit":10},"count":16,"msg":"Users fetched"}
{"level":30,"time":1787960958296,"pid":7520,"hostname":"ELTECH","filters":{"page":4,"size":5},"count":16,"msg":"Users fetched"}
{"level":30,"time":1787960960012,"pid":7520,"hostname":"ELTECH","filters":{"page":3,"limit":10},"count":16,"msg":"Users fetched"}
{"level":30,"time":1787960964700,"pid":7520,"hostname":"ELTECH","id":2,"msg":"User fetched"}
{"level":30,"time":1787960978893,"pid":7520,"hostname":"ELTECH","url":"http://localhost:8081/api/v1/addresses?userId=2","filters":{"userId":2},"count":7,"msg":"User addresses fetched"}
{"level":30,"time":1787960979043,"pid":7520,"hostname":"ELTECH","filters":{"page":3,"limit":10},"count":16,"msg":"Users fetched"}
{"level":30,"time":1787960979146,"pid":7520,"hostname":"ELTECH","url":"http://localhost:8081/api/v1/addresses?userId=2","filters":{"userId":2},"count":7,"msg":"User addresses fetched"}
{"level":30,"time":1787960983532,"pid":7520,"hostname":"ELTECH","filters":{"page":3,"limit":10},"count":16,"msg":"Users fetched"}
{"level":30,"time":1787960985547,"pid":7520,"hostname":"ELTECH","filters":{"page":3,"limit":10},"count":16,"msg":"Users fetched"}
{"level":30,"time":1787960987950,"pid":7520,"hostname":"ELTECH","filters":{"page":3,"limit":10},"count":16,"msg":"Users fetched"}
{"level":30,"time":1787960990363,"pid":7520,"hostname":"ELTECH","filters":{"page":3,"limit":10},"count":16,"msg":"Users fetched"}
{"level":30,"time":1787960993616,"pid":7520,"hostname":"ELTECH","filters":{"page":3,"limit":10},"count":16,"msg":"Users fetched"}
{"level":30,"time":1787960994760,"pid":7520,"hostname":"ELTECH","filters":{"page":3,"limit":10},"count":16,"msg":"Users fetched"}
{"level":30,"time":1787960995866,"pid":7520,"hostname":"ELTECH","filters":{"page":3,"limit":10},"count":16,"msg":"Users fetched"}
{"level":30,"time":1787960996476,"pid":7520,"hostname":"ELTECH","filters":{"page":3,"limit":10},"count":16,"msg":"Users fetched"}
{"level":30,"time":1787960997955,"pid":7520,"hostname":"ELTECH","filters":{"page":3,"limit":10},"count":16,"msg":"Users fetched"}
{"level":30,"time":1787960998871,"pid":7520,"hostname":"ELTECH","filters":{"page":3,"limit":10},"count":16,"msg":"Users fetched"}
{"level":30,"time":1787961011567,"pid":7520,"hostname":"ELTECH","url":"http://localhost:8081/api/v1/addresses?page=2&size=3&userId=2","filters":{"page":2,"size":3,"userId":2},"count":7,"msg":"User addresses fetched"}
{"level":30,"time":1787961019816,"pid":7520,"hostname":"ELTECH","filters":{"page":3,"size":5},"count":16,"msg":"Users fetched"}
{"level":30,"time":1787961019832,"pid":7520,"hostname":"ELTECH","filters":{"size":1000},"count":16,"msg":"Users fetched"}
{"level":30,"time":1787961025004,"pid":7520,"hostname":"ELTECH","id":2,"msg":"User fetched"}
{"level":30,"time":1787961029788,"pid":7520,"hostname":"ELTECH","filters":{"page":3,"limit":10},"count":16,"msg":"Users fetched"}
{"level":30,"time":1787961037857,"pid":7520,"hostname":"ELTECH","filters":{"page":3,"limit":10},"count":16,"msg":"Users fetched"}
{"level":30,"time":1787961039332,"pid":7520,"hostname":"ELTECH","filters":{"page":3,"limit":10},"count":16,"msg":"Users fetched"}
{"level":30,"time":1787961049102,"pid":7520,"hostname":"ELTECH","filters":{"page":3,"limit":10},"count":16,"msg":"Users fetched"}
{"level":30,"time":1787961051864,"pid":7520,"hostname":"ELTECH","filters":{"page":3,"limit":10},"count":16,"msg":"Users fetched"}
{"level":30,"time":1787961052694,"pid":7520,"hostname":"ELTECH","filters":{"page":3,"limit":10},"count":16,"msg":"Users fetched"}
{"level":30,"time":1787961055087,"pid":7520,"hostname":"ELTECH","filters":{"page":3,"limit":10},"count":16,"msg":"Users fetched"}
{"level":30,"time":1787961069905,"pid":7520,"hostname":"ELTECH","filters":{"page":3,"limit":10},"count":16,"msg":"Users fetched"}
{"level":30,"time":1787961105096,"pid":7520,"hostname":"ELTECH","filters":{"page":3,"limit":10},"count":16,"msg":"Users fetched"}
{"level":30,"time":1787961110025,"pid":7520,"hostname":"ELTECH","filters":{"page":3,"limit":10},"count":16,"msg":"Users fetched"}
{"level":30,"time":1787961132173,"pid":7520,"hostname":"ELTECH","filters":{"page":3,"limit":10},"count":16,"msg":"Users fetched"}
{"level":30,"time":1787961133744,"pid":7520,"hostname":"ELTECH","filters":{"page":3,"limit":10},"count":16,"msg":"Users fetched"}
{"level":30,"time":1787961136439,"pid":7520,"hostname":"ELTECH","filters":{"page":3,"limit":10},"count":16,"msg":"Users fetched"}
{"level":30,"time":1787961139394,"pid":7520,"hostname":"ELTECH","filters":{"page":3,"limit":10},"count":16,"msg":"Users fetched"}
{"level":30,"time":1787961146902,"pid":7520,"hostname":"ELTECH","filters":{"page":3,"limit":10},"count":16,"msg":"Users fetched"}
{"level":30,"time":1787961166778,"pid":7520,"hostname":"ELTECH","id":2,"msg":"User fetched"}
{"level":30,"time":1787961166792,"pid":7520,"hostname":"ELTECH","filters":{"size":1000},"count":16,"msg":"Users fetched"}
{"level":30,"time":1787961166798,"pid":7520,"hostname":"ELTECH","filters":{"page":3,"size":5},"count":16,"msg":"Users fetched"}
{"level":30,"time":1787961166806,"pid":7520,"hostname":"ELTECH","url":"http://localhost:8081/api/v1/addresses?userId=2","filters":{"userId":2},"count":7,"msg":"User addresses fetched"}
{"level":30,"time":1787961166814,"pid":7520,"hostname":"ELTECH","url":"http://localhost:8081/api/v1/addresses?userId=2","filters":{"userId":2},"count":7,"msg":"User addresses fetched"}
{"level":30,"time":1787961167407,"pid":7520,"hostname":"ELTECH","filters":{"page":3,"limit":10},"count":16,"msg":"Users fetched"}
{"level":30,"time":1787961172087,"pid":7520,"hostname":"ELTECH","url":"http://localhost:8081/api/v1/addresses?userId=2","filters":{"userId":2},"count":7,"msg":"User addresses fetched"}
{"level":30,"time":1787961172217,"pid":7520,"hostname":"ELTECH","url":"http://localhost:8081/api/v1/addresses?userId=2","filters":{"userId":2},"count":7,"msg":"User addresses fetched"}
{"level":30,"time":1787961207051,"pid":7520,"hostname":"ELTECH","url":"http://localhost:8081/api/v1/addresses?userId=2","filters":{"userId":2},"count":7,"msg":"User addresses fetched"}
{"level":30,"time":1787961235337,"pid":7520,"hostname":"ELTECH","url":"http://localhost:8081/api/v1/addresses?userId=2","filters":{"userId":2},"count":7,"msg":"User addresses fetched"}
{"level":30,"time":1787961258055,"pid":7520,"hostname":"ELTECH","url":"http://localhost:8081/api/v1/addresses?userId=2","filters":{"userId":2},"count":7,"msg":"User addresses fetched"}
{"level":30,"time":1787961258296,"pid":7520,"hostname":"ELTECH","url":"http://localhost:8081/api/v1/addresses?userId=2","filters":{"userId":2},"count":7,"msg":"User addresses fetched"}
{"level":30,"time":1787961278964,"pid":7520,"hostname":"ELTECH","url":"http://localhost:8081/api/v1/addresses?userId=2","filters":{"userId":2},"count":7,"msg":"User addresses fetched"}
{"level":30,"time":1787961279160,"pid":7520,"hostname":"ELTECH","url":"http://localhost:8081/api/v1/addresses?userId=2","filters":{"userId":2},"count":7,"msg":"User addresses fetched"}
{"level":30,"time":1787961281024,"pid":7520,"hostname":"ELTECH","url":"http://localhost:8081/api/v1/addresses?userId=2","filters":{"userId":2},"count":7,"msg":"User addresses fetched"}
{"level":30,"time":1787961484571,"pid":7520,"hostname":"ELTECH","url":"http://localhost:8081/api/v1/addresses?userId=2","filters":{"userId":2},"count":7,"msg":"User addresses fetched"}
{"level":30,"time":1787961484582,"pid":7520,"hostname":"ELTECH","url":"http://localhost:8081/api/v1/addresses?userId=2","filters":{"userId":2},"count":7,"msg":"User addresses fetched"}
{"level":30,"time":1787961513741,"pid":7520,"hostname":"ELTECH","url":"http://localhost:8081/api/v1/addresses?userId=2","filters":{"userId":2},"count":7,"msg":"User addresses fetched"}
{"level":30,"time":1787961513958,"pid":7520,"hostname":"ELTECH","url":"http://localhost:8081/api/v1/addresses?userId=2","filters":{"userId":2},"count":7,"msg":"User addresses fetched"}
{"level":30,"time":1787961520860,"pid":7520,"hostname":"ELTECH","url":"http://localhost:8081/api/v1/addresses?userId=2","filters":{"userId":2},"count":7,"msg":"User addresses fetched"}
{"level":30,"time":1787961533078,"pid":7520,"hostname":"ELTECH","url":"http://localhost:8081/api/v1/addresses?userId=2","filters":{"userId":2},"count":7,"msg":"User addresses fetched"}
{"level":30,"time":1787961549386,"pid":7520,"hostname":"ELTECH","url":"http://localhost:8081/api/v1/addresses?userId=2","filters":{"userId":2},"count":7,"msg":"User addresses fetched"}
{"level":30,"time":1787961549587,"pid":7520,"hostname":"ELTECH","url":"http://localhost:8081/api/v1/addresses?userId=2","filters":{"userId":2},"count":7,"msg":"User addresses fetched"}
{"level":30,"time":1787961561909,"pid":7520,"hostname":"ELTECH","url":"http://localhost:8081/api/v1/addresses?userId=2","filters":{"userId":2},"count":7,"msg":"User addresses fetched"}
{"level":30,"time":1787961635315,"pid":7520,"hostname":"ELTECH","url":"http://localhost:8081/api/v1/addresses?userId=2","filters":{"userId":2},"count":7,"msg":"User addresses fetched"}
{"level":30,"time":1787961635323,"pid":7520,"hostname":"ELTECH","url":"http://localhost:8081/api/v1/addresses?userId=2","filters":{"userId":2},"count":7,"msg":"User addresses fetched"}
{"level":30,"time":1787962360310,"pid":7520,"hostname":"ELTECH","url":"http://localhost:8081/api/v1/addresses?userId=2","filters":{"userId":2},"count":7,"msg":"User addresses fetched"}
{"level":30,"time":1787962360434,"pid":7520,"hostname":"ELTECH","url":"http://localhost:8081/api/v1/addresses?userId=2","filters":{"userId":2},"count":7,"msg":"User addresses fetched"}
{"level":30,"time":1787962360468,"pid":7520,"hostname":"ELTECH","url":"http://localhost:8081/api/v1/addresses?userId=2","filters":{"userId":2},"count":7,"msg":"User addresses fetched"}
{"level":30,"time":1787962504286,"pid":7520,"hostname":"ELTECH","url":"http://localhost:8081/api/v1/addresses?userId=2","filters":{"userId":2},"count":7,"msg":"User addresses fetched"}
{"level":30,"time":1787962504299,"pid":7520,"hostname":"ELTECH","url":"http://localhost:8081/api/v1/addresses?userId=2","filters":{"userId":2},"count":7,"msg":"User addresses fetched"}
{"level":30,"time":1787962520381,"pid":7520,"hostname":"ELTECH","url":"http://localhost:8081/api/v1/addresses?userId=2","filters":{"userId":2},"count":7,"msg":"User addresses fetched"}
{"level":30,"time":1787962533310,"pid":7520,"hostname":"ELTECH","url":"http://localhost:8081/api/v1/addresses?userId=2","filters":{"userId":2},"count":7,"msg":"User addresses fetched"}
{"level":30,"time":1787962533469,"pid":7520,"hostname":"ELTECH","url":"http://localhost:8081/api/v1/addresses?userId=2","filters":{"userId":2},"count":7,"msg":"User addresses fetched"}
{"level":30,"time":1787962536958,"pid":7520,"hostname":"ELTECH","url":"http://localhost:8081/api/v1/addresses?userId=2","filters":{"userId":2},"count":7,"msg":"User addresses fetched"}
{"level":30,"time":1787962684233,"pid":7520,"hostname":"ELTECH","url":"http://localhost:8081/api/v1/addresses?userId=2","filters":{"userId":2},"count":7,"msg":"User addresses fetched"}
{"level":30,"time":1787962684652,"pid":7520,"hostname":"ELTECH","url":"http://localhost:8081/api/v1/addresses?userId=2","filters":{"userId":2},"count":7,"msg":"User addresses fetched"}
{"level":30,"time":1787962684733,"pid":7520,"hostname":"ELTECH","url":"http://localhost:8081/api/v1/addresses?userId=2","filters":{"userId":2},"count":7,"msg":"User addresses fetched"}
{"level":30,"time":1787962800081,"pid":7520,"hostname":"ELTECH","url":"http://localhost:8081/api/v1/addresses?userId=2","filters":{"userId":2},"count":7,"msg":"User addresses fetched"}
{"level":30,"time":1787962800104,"pid":7520,"hostname":"ELTECH","url":"http://localhost:8081/api/v1/addresses?userId=2","filters":{"userId":2},"count":7,"msg":"User addresses fetched"}
{"level":30,"time":1787962811185,"pid":7520,"hostname":"ELTECH","url":"http://localhost:8081/api/v1/addresses?current=2&userId=2","filters":{"current":2,"userId":2},"count":7,"msg":"User addresses fetched"}
{"level":30,"time":1787962811196,"pid":7520,"hostname":"ELTECH","url":"http://localhost:8081/api/v1/addresses?current=2&limit=5&userId=2","filters":{"current":2,"limit":5,"userId":2},"count":7,"msg":"User addresses fetched"}
{"level":30,"time":1787962898636,"pid":7520,"hostname":"ELTECH","url":"http://localhost:8081/api/v1/addresses?current=1&limit=5&userId=2","filters":{"current":1,"limit":5,"userId":2},"count":7,"msg":"User addresses fetched"}
{"level":30,"time":1787962898830,"pid":7520,"hostname":"ELTECH","url":"http://localhost:8081/api/v1/addresses?userId=2","filters":{"userId":2},"count":7,"msg":"User addresses fetched"}
{"level":30,"time":1787962914719,"pid":7520,"hostname":"ELTECH","url":"http://localhost:8081/api/v1/addresses?current=2&limit=5&userId=2","filters":{"current":2,"limit":5,"userId":2},"count":7,"msg":"User addresses fetched"}
{"level":30,"time":1787962943610,"pid":7520,"hostname":"ELTECH","url":"http://localhost:8081/api/v1/addresses?userId=2","filters":{"userId":2},"count":7,"msg":"User addresses fetched"}
{"level":30,"time":1787962955678,"pid":7520,"hostname":"ELTECH","url":"http://localhost:8081/api/v1/addresses?current=2&limit=3&userId=2","filters":{"current":2,"limit":3,"userId":2},"count":7,"msg":"User addresses fetched"}
{"level":30,"time":1787963123240,"pid":7520,"hostname":"ELTECH","url":"http://localhost:8081/api/v1/addresses?current=2&limit=3&userId=2","filters":{"current":2,"limit":3,"userId":2},"count":7,"msg":"User addresses fetched"}
{"level":30,"time":1787963141818,"pid":7520,"hostname":"ELTECH","url":"http://localhost:8081/api/v1/addresses?limit=3&userId=2","filters":{"limit":3,"userId":2},"count":7,"msg":"User addresses fetched"}
{"level":30,"time":1787963152942,"pid":7520,"hostname":"ELTECH","url":"http://localhost:8081/api/v1/addresses?userId=2","filters":{"userId":2},"count":7,"msg":"User addresses fetched"}
{"level":30,"time":1787963167610,"pid":7520,"hostname":"ELTECH","url":"http://localhost:8081/api/v1/addresses?current=2&limit=3&userId=2","filters":{"current":2,"limit":3,"userId":2},"count":7,"msg":"User addresses fetched"}
{"level":30,"time":1787963339713,"pid":7520,"hostname":"ELTECH","url":"http://localhost:8081/api/v1/addresses?page=2&size=3&userId=2","filters":{"current":2,"limit":3,"userId":2},"count":7,"msg":"User addresses fetched"}
{"level":30,"time":1787963346071,"pid":7520,"hostname":"ELTECH","url":"http://localhost:8081/api/v1/addresses?page=2&size=5&userId=2","filters":{"current":2,"limit":5,"userId":2},"count":7,"msg":"User addresses fetched"}
{"level":30,"time":1787963346085,"pid":7520,"hostname":"ELTECH","url":"http://localhost:8081/api/v1/addresses?userId=2","filters":{"userId":2},"count":7,"msg":"User addresses fetched"}
{"level":30,"time":1787963347623,"pid":7520,"hostname":"ELTECH","url":"http://localhost:8081/api/v1/addresses?page=1&size=5&userId=2","filters":{"current":1,"limit":5,"userId":2},"count":7,"msg":"User addresses fetched"}
{"level":30,"time":1787963355974,"pid":7520,"hostname":"ELTECH","filters":{"page":1,"limit":10},"count":16,"msg":"Users fetched"}
{"level":30,"time":1787963366377,"pid":7520,"hostname":"ELTECH","filters":{"page":1,"size":5},"count":16,"msg":"Users fetched"}
{"level":30,"time":1787963366507,"pid":7520,"hostname":"ELTECH","filters":{"size":1000},"count":16,"msg":"Users fetched"}
{"level":30,"time":1787963370647,"pid":7520,"hostname":"ELTECH","filters":{"page":3,"limit":10},"count":16,"msg":"Users fetched"}
{"level":30,"time":1787963370821,"pid":7520,"hostname":"ELTECH","filters":{"page":3,"size":5},"count":16,"msg":"Users fetched"}
{"level":30,"time":1787963377217,"pid":7520,"hostname":"ELTECH","id":2,"msg":"User fetched"}
{"level":30,"time":1787963381698,"pid":7520,"hostname":"ELTECH","filters":{"page":3,"limit":10},"count":16,"msg":"Users fetched"}
{"level":30,"time":1787963381896,"pid":7520,"hostname":"ELTECH","filters":{"page":3,"limit":10},"count":16,"msg":"Users fetched"}
{"level":30,"time":1787963384718,"pid":7520,"hostname":"ELTECH","filters":{"page":3,"limit":10},"count":16,"msg":"Users fetched"}
{"level":30,"time":1787963386242,"pid":7520,"hostname":"ELTECH","filters":{"page":3,"limit":10},"count":16,"msg":"Users fetched"}
{"level":30,"time":1787963387842,"pid":7520,"hostname":"ELTECH","filters":{"page":3,"limit":10},"count":16,"msg":"Users fetched"}
{"level":30,"time":1787963389274,"pid":7520,"hostname":"ELTECH","filters":{"page":3,"limit":10},"count":16,"msg":"Users fetched"}
{"level":30,"time":1787963390744,"pid":7520,"hostname":"ELTECH","filters":{"page":3,"limit":10},"count":16,"msg":"Users fetched"}
{"level":30,"time":1787963392476,"pid":7520,"hostname":"ELTECH","filters":{"page":3,"limit":10},"count":16,"msg":"Users fetched"}
{"level":30,"time":1787963394522,"pid":7520,"hostname":"ELTECH","filters":{"page":3,"limit":10},"count":16,"msg":"Users fetched"}
{"level":30,"time":1787963396375,"pid":7520,"hostname":"ELTECH","filters":{"page":3,"limit":10},"count":16,"msg":"Users fetched"}
{"level":30,"time":1787963397928,"pid":7520,"hostname":"ELTECH","filters":{"page":3,"limit":10},"count":16,"msg":"Users fetched"}
{"level":30,"time":1787963399160,"pid":7520,"hostname":"ELTECH","filters":{"page":3,"limit":10},"count":16,"msg":"Users fetched"}
{"level":30,"time":1787963484213,"pid":7520,"hostname":"ELTECH","filters":{"page":3,"limit":10},"count":16,"msg":"Users fetched"}
{"level":30,"time":1787963530543,"pid":7520,"hostname":"ELTECH","filters":{"page":3,"limit":10},"count":16,"msg":"Users fetched"}
{"level":30,"time":1787963541837,"pid":7520,"hostname":"ELTECH","filters":{"page":3,"limit":10},"count":16,"msg":"Users fetched"}
{"level":30,"time":1787963563657,"pid":7520,"hostname":"ELTECH","filters":{"page":3,"limit":10},"count":16,"msg":"Users fetched"}
{"level":30,"time":1787963626930,"pid":7520,"hostname":"ELTECH","filters":{"page":3,"limit":10},"count":16,"msg":"Users fetched"}
{"level":30,"time":1787963657881,"pid":7520,"hostname":"ELTECH","filters":{"page":3,"limit":10},"count":16,"msg":"Users fetched"}
{"level":30,"time":1787963682170,"pid":7520,"hostname":"ELTECH","filters":{"page":3,"limit":10},"count":16,"msg":"Users fetched"}
{"level":30,"time":1787963700597,"pid":7520,"hostname":"ELTECH","filters":{"page":3,"limit":10},"count":16,"msg":"Users fetched"}
{"level":30,"time":1787963782703,"pid":7520,"hostname":"ELTECH","filters":{"page":3,"limit":10},"count":16,"msg":"Users fetched"}
{"level":30,"time":1787963811165,"pid":7520,"hostname":"ELTECH","url":"http://localhost:8081/api/v1/addresses?page=2&size=3&userId=2","filters":{"current":2,"limit":3,"userId":2},"count":7,"msg":"User addresses fetched"}
{"level":30,"time":1787963811285,"pid":7520,"hostname":"ELTECH","filters":{"page":3,"limit":10},"count":16,"msg":"Users fetched"}
{"level":30,"time":1787963843996,"pid":7520,"hostname":"ELTECH","id":2,"msg":"User fetched"}
{"level":30,"time":1787963844007,"pid":7520,"hostname":"ELTECH","filters":{"size":1000},"count":16,"msg":"Users fetched"}
{"level":30,"time":1787963844018,"pid":7520,"hostname":"ELTECH","filters":{"page":3,"size":5},"count":16,"msg":"Users fetched"}
{"level":30,"time":1787963844369,"pid":7520,"hostname":"ELTECH","filters":{"page":3,"limit":10},"count":16,"msg":"Users fetched"}
{"level":30,"time":1787963845973,"pid":7520,"hostname":"ELTECH","url":"http://localhost:8081/api/v1/addresses?page=2&size=5&userId=2","filters":{"current":2,"limit":5,"userId":2},"count":7,"msg":"User addresses fetched"}
{"level":30,"time":1787963846237,"pid":7520,"hostname":"ELTECH","url":"http://localhost:8081/api/v1/addresses?userId=2","filters":{"userId":2},"count":7,"msg":"User addresses fetched"}
{"level":30,"time":1787963850289,"pid":7520,"hostname":"ELTECH","filters":{"page":3,"limit":10},"count":16,"msg":"Users fetched"}
{"level":30,"time":1787963850524,"pid":7520,"hostname":"ELTECH","url":"http://localhost:8081/api/v1/addresses?page=1&size=5&userId=2","filters":{"current":1,"limit":5,"userId":2},"count":7,"msg":"User addresses fetched"}
{"level":30,"time":1787963852513,"pid":7520,"hostname":"ELTECH","filters":{"page":3,"limit":10},"count":16,"msg":"Users fetched"}
{"level":30,"time":1787963854008,"pid":7520,"hostname":"ELTECH","filters":{"page":3,"limit":10},"count":16,"msg":"Users fetched"}
{"level":30,"time":1787963855646,"pid":7520,"hostname":"ELTECH","filters":{"page":3,"limit":10},"count":16,"msg":"Users fetched"}
{"level":30,"time":1787963857174,"pid":7520,"hostname":"ELTECH","filters":{"page":3,"limit":10},"count":16,"msg":"Users fetched"}
{"level":30,"time":1787963859289,"pid":7520,"hostname":"ELTECH","filters":{"page":3,"limit":10},"count":16,"msg":"Users fetched"}
{"level":30,"time":1787963888929,"pid":7520,"hostname":"ELTECH","filters":{"page":3,"limit":10},"count":16,"msg":"Users fetched"}
{"level":30,"time":1787963958829,"pid":7520,"hostname":"ELTECH","filters":{"size":1000},"count":16,"msg":"Users fetched"}
{"level":30,"time":1787963958842,"pid":7520,"hostname":"ELTECH","filters":{"page":3,"size":5},"count":16,"msg":"Users fetched"}
{"level":30,"time":1787964136559,"pid":7520,"hostname":"ELTECH","filters":{"page":3,"limit":10},"count":16,"msg":"Users fetched"}
{"level":30,"time":1787964137457,"pid":7520,"hostname":"ELTECH","filters":{"page":3,"limit":10},"count":16,"msg":"Users fetched"}
{"level":30,"time":1787964152018,"pid":7520,"hostname":"ELTECH","filters":{"page":3,"limit":10},"count":16,"msg":"Users fetched"}
{"level":30,"time":1787964227744,"pid":7520,"hostname":"ELTECH","filters":{"page":3,"limit":10},"count":16,"msg":"Users fetched"}
{"level":30,"time":1787964232591,"pid":7520,"hostname":"ELTECH","filters":{"page":3,"limit":10},"count":16,"msg":"Users fetched"}
{"level":30,"time":1787964238558,"pid":7520,"hostname":"ELTECH","filters":{"page":3,"limit":10},"count":16,"msg":"Users fetched"}
{"level":30,"time":1787964256333,"pid":7520,"hostname":"ELTECH","filters":{"page":3,"limit":10},"count":16,"msg":"Users fetched"}
{"level":30,"time":1787964442060,"pid":7520,"hostname":"ELTECH","filters":{"page":3,"limit":10},"count":16,"msg":"Users fetched"}
{"level":30,"time":1787964453407,"pid":7520,"hostname":"ELTECH","filters":{"page":3,"limit":10},"count":16,"msg":"Users fetched"}
{"level":30,"time":1787964510643,"pid":7520,"hostname":"ELTECH","filters":{"size":1000},"count":16,"msg":"Users fetched"}
{"level":30,"time":1787964510671,"pid":7520,"hostname":"ELTECH","filters":{"page":3,"size":5},"count":16,"msg":"Users fetched"}
{"level":30,"time":1787964510686,"pid":7520,"hostname":"ELTECH","filters":{"page":3,"limit":10},"count":16,"msg":"Users fetched"}
{"level":30,"time":1787964513965,"pid":7520,"hostname":"ELTECH","filters":{"page":3,"size":5},"count":16,"msg":"Users fetched"}
{"level":30,"time":1787964514115,"pid":7520,"hostname":"ELTECH","filters":{"size":1000},"count":16,"msg":"Users fetched"}
{"level":30,"time":1787964516165,"pid":7520,"hostname":"ELTECH","filters":{"page":2,"limit":10},"count":16,"msg":"Users fetched"}
{"level":30,"time":1787964516245,"pid":7520,"hostname":"ELTECH","filters":{"page":2,"size":5},"count":16,"msg":"Users fetched"}
{"level":30,"time":1787964518974,"pid":7520,"hostname":"ELTECH","filters":{"page":3,"limit":10},"count":16,"msg":"Users fetched"}
{"level":30,"time":1787964526682,"pid":7520,"hostname":"ELTECH","id":2,"msg":"User fetched"}
{"level":30,"time":1787964526780,"pid":7520,"hostname":"ELTECH","filters":{"page":3,"limit":10},"count":16,"msg":"Users fetched"}
{"level":30,"time":1787964546497,"pid":7520,"hostname":"ELTECH","url":"http://localhost:8081/api/v1/addresses?page=2&size=5&userId=2","filters":{"current":2,"limit":5,"userId":2},"count":7,"msg":"User addresses fetched"}
{"level":30,"time":1787964546695,"pid":7520,"hostname":"ELTECH","filters":{"page":3,"limit":10},"count":16,"msg":"Users fetched"}
{"level":30,"time":1787964550710,"pid":7520,"hostname":"ELTECH","filters":{"page":3,"limit":10},"count":16,"msg":"Users fetched"}
{"level":30,"time":1787964550893,"pid":7520,"hostname":"ELTECH","url":"http://localhost:8081/api/v1/addresses?page=1&size=5&userId=2","filters":{"current":1,"limit":5,"userId":2},"count":7,"msg":"User addresses fetched"}
{"level":30,"time":1787964552877,"pid":7520,"hostname":"ELTECH","filters":{"page":3,"limit":10},"count":16,"msg":"Users fetched"}
{"level":30,"time":1787964554145,"pid":7520,"hostname":"ELTECH","filters":{"page":3,"limit":10},"count":16,"msg":"Users fetched"}
{"level":30,"time":1787964555311,"pid":7520,"hostname":"ELTECH","filters":{"page":3,"limit":10},"count":16,"msg":"Users fetched"}
{"level":30,"time":1787964556706,"pid":7520,"hostname":"ELTECH","filters":{"page":3,"limit":10},"count":16,"msg":"Users fetched"}
{"level":30,"time":1787964557951,"pid":7520,"hostname":"ELTECH","filters":{"page":3,"limit":10},"count":16,"msg":"Users fetched"}
{"level":30,"time":1787964559343,"pid":7520,"hostname":"ELTECH","filters":{"page":3,"limit":10},"count":16,"msg":"Users fetched"}
{"level":30,"time":1787964560625,"pid":7520,"hostname":"ELTECH","filters":{"page":3,"limit":10},"count":16,"msg":"Users fetched"}
{"level":30,"time":1787964573125,"pid":7520,"hostname":"ELTECH","filters":{"page":3,"limit":10},"count":16,"msg":"Users fetched"}
{"level":30,"time":1787964867079,"pid":7520,"hostname":"ELTECH","url":"http://localhost:8081/api/v1/addresses?page=2&size=5&userId=2","filters":{"current":2,"limit":5,"userId":2},"count":7,"msg":"User addresses fetched"}
{"level":30,"time":1787964867215,"pid":7520,"hostname":"ELTECH","filters":{"page":3,"limit":10},"count":16,"msg":"Users fetched"}
{"level":30,"time":1787964873392,"pid":7520,"hostname":"ELTECH","filters":{"page":3,"limit":10},"count":16,"msg":"Users fetched"}
{"level":30,"time":1787964883107,"pid":7520,"hostname":"ELTECH","filters":{"page":3,"limit":10},"count":16,"msg":"Users fetched"}
{"level":30,"time":1787964904655,"pid":7520,"hostname":"ELTECH","filters":{"page":3,"limit":10},"count":16,"msg":"Users fetched"}
{"level":30,"time":1787964912200,"pid":7520,"hostname":"ELTECH","filters":{"page":3,"limit":10},"count":16,"msg":"Users fetched"}
{"level":30,"time":1787964917849,"pid":7520,"hostname":"ELTECH","filters":{"page":3,"limit":10},"count":16,"msg":"Users fetched"}
{"level":30,"time":1787964922114,"pid":7520,"hostname":"ELTECH","filters":{"page":3,"limit":10},"count":16,"msg":"Users fetched"}
{"level":30,"time":1787964944251,"pid":7520,"hostname":"ELTECH","url":"http://localhost:8081/api/v1/addresses?page=2&size=5&userId=2","filters":{"current":2,"limit":5,"userId":2},"count":7,"msg":"User addresses fetched"}
{"level":30,"time":1787964944306,"pid":7520,"hostname":"ELTECH","filters":{"page":3,"limit":10},"count":16,"msg":"Users fetched"}
{"level":30,"time":1788002765801,"pid":23048,"hostname":"ELTECH","filters":{"page":3},"count":16,"msg":"Users fetched"}
{"level":30,"time":1788002765829,"pid":23048,"hostname":"ELTECH","filters":{},"count":16,"msg":"Users fetched"}
{"level":30,"time":1788002765838,"pid":23048,"hostname":"ELTECH","filters":{"page":3,"limit":10},"count":16,"msg":"Users fetched"}
{"level":30,"time":1788002765918,"pid":23048,"hostname":"ELTECH","filters":{"page":3,"limit":10},"count":16,"msg":"Users fetched"}
{"level":30,"time":1788002772281,"pid":23048,"hostname":"ELTECH","filters":{"page":3,"size":5},"count":16,"msg":"Users fetched"}
{"level":30,"time":1788002772618,"pid":23048,"hostname":"ELTECH","filters":{"size":1000},"count":16,"msg":"Users fetched"}
{"level":30,"time":1788003093889,"pid":23048,"hostname":"ELTECH","filters":{"page":3,"limit":10},"count":16,"msg":"Users fetched"}
{"level":30,"time":1788003093895,"pid":23048,"hostname":"ELTECH","filters":{"page":3,"limit":10},"count":16,"msg":"Users fetched"}
{"level":30,"time":1788003093898,"pid":23048,"hostname":"ELTECH","filters":{"page":3,"limit":10},"count":16,"msg":"Users fetched"}
{"level":30,"time":1788003093901,"pid":23048,"hostname":"ELTECH","filters":{"page":3,"limit":10},"count":16,"msg":"Users fetched"}
{"level":30,"time":1788003103167,"pid":23048,"hostname":"ELTECH","filters":{"page":3,"size":5},"count":16,"msg":"Users fetched"}
{"level":30,"time":1788003103400,"pid":23048,"hostname":"ELTECH","filters":{"size":1000},"count":16,"msg":"Users fetched"}
{"level":30,"time":1788003323023,"pid":23048,"hostname":"ELTECH","filters":{"size":1000},"count":16,"msg":"Users fetched"}
{"level":30,"time":1788003323063,"pid":23048,"hostname":"ELTECH","filters":{"page":3,"size":5},"count":16,"msg":"Users fetched"}
{"level":30,"time":1788003332512,"pid":23048,"hostname":"ELTECH","id":2,"msg":"User fetched"}
{"level":30,"time":1788003345540,"pid":23048,"hostname":"ELTECH","url":"http://localhost:8081/api/v1/addresses?page=2&size=5&userId=2","filters":{"current":2,"limit":5,"userId":2},"count":7,"msg":"User addresses fetched"}
{"level":30,"time":1788003345658,"pid":23048,"hostname":"ELTECH","filters":{"page":3,"limit":10},"count":16,"msg":"Users fetched"}
{"level":30,"time":1788003357138,"pid":23048,"hostname":"ELTECH","filters":{"page":3,"limit":10},"count":16,"msg":"Users fetched"}
{"level":30,"time":1788003363646,"pid":23048,"hostname":"ELTECH","filters":{"page":3,"size":5},"count":16,"msg":"Users fetched"}
{"level":30,"time":1788003364333,"pid":23048,"hostname":"ELTECH","filters":{"size":1000},"count":16,"msg":"Users fetched"}
{"level":30,"time":1788003392054,"pid":23048,"hostname":"ELTECH","id":2,"msg":"User fetched"}
{"level":30,"time":1788003393858,"pid":23048,"hostname":"ELTECH","url":"http://localhost:8081/api/v1/addresses?page=2&size=5&userId=2","filters":{"current":2,"limit":5,"userId":2},"count":7,"msg":"User addresses fetched"}
{"level":30,"time":1788003397139,"pid":23048,"hostname":"ELTECH","filters":{"page":3,"limit":10},"count":16,"msg":"Users fetched"}
{"level":30,"time":1788003429687,"pid":23048,"hostname":"ELTECH","filters":{"size":1000},"count":16,"msg":"Users fetched"}
{"level":30,"time":1788003429701,"pid":23048,"hostname":"ELTECH","filters":{"page":3,"size":5},"count":16,"msg":"Users fetched"}
{"level":30,"time":1788003433694,"pid":23048,"hostname":"ELTECH","filters":{"page":3,"limit":10},"count":16,"msg":"Users fetched"}
{"level":30,"time":1788003434162,"pid":23048,"hostname":"ELTECH","url":"http://localhost:8081/api/v1/addresses?page=1&size=5&userId=2","filters":{"current":1,"limit":5,"userId":2},"count":7,"msg":"User addresses fetched"}
{"level":30,"time":1788003437358,"pid":23048,"hostname":"ELTECH","filters":{"page":3,"limit":10},"count":16,"msg":"Users fetched"}
{"level":30,"time":1788003482611,"pid":23048,"hostname":"ELTECH","filters":{"page":3,"limit":10},"count":16,"msg":"Users fetched"}
{"level":30,"time":1788003489627,"pid":23048,"hostname":"ELTECH","filters":{"page":3,"limit":10},"count":16,"msg":"Users fetched"}
{"level":30,"time":1788003514341,"pid":23048,"hostname":"ELTECH","filters":{"size":1000},"count":16,"msg":"Users fetched"}
{"level":30,"time":1788003514377,"pid":23048,"hostname":"ELTECH","filters":{"page":3,"size":5},"count":16,"msg":"Users fetched"}
{"level":30,"time":1788003517392,"pid":23048,"hostname":"ELTECH","id":2,"msg":"User fetched"}
{"level":30,"time":1788003519673,"pid":23048,"hostname":"ELTECH","url":"http://localhost:8081/api/v1/addresses?page=2&size=5&userId=2","filters":{"current":2,"limit":5,"userId":2},"count":7,"msg":"User addresses fetched"}
{"level":30,"time":1788003523560,"pid":23048,"hostname":"ELTECH","filters":{"page":3,"limit":10},"count":16,"msg":"Users fetched"}
{"level":30,"time":1788003579659,"pid":23048,"hostname":"ELTECH","url":"http://localhost:8081/api/v1/addresses?page=1&size=5&userId=2","filters":{"current":1,"limit":5,"userId":2},"count":7,"msg":"User addresses fetched"}
{"level":30,"time":1788003635240,"pid":23048,"hostname":"ELTECH","filters":{"page":1,"limit":10},"count":16,"msg":"Users fetched"}
{"level":30,"time":1788003636472,"pid":23048,"hostname":"ELTECH","filters":{"page":1,"size":5},"count":16,"msg":"Users fetched"}
{"level":30,"time":1788003636593,"pid":23048,"hostname":"ELTECH","filters":{"size":1000},"count":16,"msg":"Users fetched"}
{"level":30,"time":1788003642456,"pid":23048,"hostname":"ELTECH","filters":{"page":3,"limit":10},"count":16,"msg":"Users fetched"}
{"level":30,"time":1788003642624,"pid":23048,"hostname":"ELTECH","filters":{"page":3,"size":5},"count":16,"msg":"Users fetched"}
{"level":30,"time":1788003645527,"pid":23048,"hostname":"ELTECH","id":2,"msg":"User fetched"}
{"level":30,"time":1788003648655,"pid":23048,"hostname":"ELTECH","url":"http://localhost:8081/api/v1/addresses?page=1&size=5&userId=2","filters":{"current":1,"limit":5,"userId":2},"count":7,"msg":"User addresses fetched"}
{"level":30,"time":1788003680162,"pid":23048,"hostname":"ELTECH","filters":{"page":3,"limit":10},"count":16,"msg":"Users fetched"}
{"level":30,"time":1788003728256,"pid":10764,"hostname":"ELTECH","filters":{"size":1000},"count":16,"msg":"Users fetched"}
{"level":30,"time":1788003728272,"pid":10764,"hostname":"ELTECH","filters":{"page":3,"size":5},"count":16,"msg":"Users fetched"}
{"level":30,"time":1788003728345,"pid":10764,"hostname":"ELTECH","filters":{"page":3,"limit":10},"count":16,"msg":"Users fetched"}
{"level":30,"time":1788003729852,"pid":10764,"hostname":"ELTECH","filters":{"page":3,"size":5},"count":16,"msg":"Users fetched"}
{"level":30,"time":1788003730087,"pid":10764,"hostname":"ELTECH","filters":{"size":1000},"count":16,"msg":"Users fetched"}
{"level":30,"time":1788003745561,"pid":10764,"hostname":"ELTECH","id":2,"msg":"User fetched"}
{"level":30,"time":1788003748237,"pid":10764,"hostname":"ELTECH","filters":{"page":3,"limit":10},"count":16,"msg":"Users fetched"}
{"level":30,"time":1788003752439,"pid":10764,"hostname":"ELTECH","url":"http://localhost:8081/api/v1/addresses?page=1&size=5&userId=2","filters":{"current":1,"limit":5,"userId":2},"count":7,"msg":"User addresses fetched"}
{"level":30,"time":1788003774050,"pid":10764,"hostname":"ELTECH","filters":{"page":3,"limit":10},"count":16,"msg":"Users fetched"}
{"level":30,"time":1788003774104,"pid":10764,"hostname":"ELTECH","url":"http://localhost:8081/api/v1/addresses?page=2&size=5&userId=2","filters":{"current":2,"limit":5,"userId":2},"count":7,"msg":"User addresses fetched"}
{"level":30,"time":1788003781415,"pid":10764,"hostname":"ELTECH","filters":{"page":3,"limit":10},"count":16,"msg":"Users fetched"}
{"level":30,"time":1788003791490,"pid":10764,"hostname":"ELTECH","addressId":4,"msg":"Address fetched"}
{"level":30,"time":1788003794736,"pid":10764,"hostname":"ELTECH","filters":{"page":3,"limit":10},"count":16,"msg":"Users fetched"}
{"level":30,"time":1788003972064,"pid":10764,"hostname":"ELTECH","filters":{"page":3,"limit":10},"count":16,"msg":"Users fetched"}
{"level":30,"time":1788003981497,"pid":10764,"hostname":"ELTECH","filters":{"page":3,"limit":10},"count":16,"msg":"Users fetched"}
{"level":30,"time":1788003983696,"pid":10764,"hostname":"ELTECH","url":"http://localhost:8081/api/v1/addresses?page=1&size=5&userId=2","filters":{"current":1,"limit":5,"userId":2},"count":7,"msg":"User addresses fetched"}
{"level":30,"time":1788003987523,"pid":10764,"hostname":"ELTECH","filters":{"page":3,"limit":10},"count":16,"msg":"Users fetched"}
{"level":30,"time":1788004065616,"pid":10764,"hostname":"ELTECH","filters":{"page":3,"limit":10},"count":16,"msg":"Users fetched"}
{"level":30,"time":1788004065638,"pid":10764,"hostname":"ELTECH","filters":{"page":3,"limit":10},"count":16,"msg":"Users fetched"}
{"level":30,"time":1788004085058,"pid":10764,"hostname":"ELTECH","filters":{"page":3,"limit":10},"count":16,"msg":"Users fetched"}
{"level":30,"time":1788004114998,"pid":10764,"hostname":"ELTECH","filters":{"page":3,"limit":10},"count":16,"msg":"Users fetched"}
{"level":30,"time":1788004338270,"pid":10764,"hostname":"ELTECH","filters":{"page":3,"limit":10},"count":16,"msg":"Users fetched"}
{"level":30,"time":1788004342791,"pid":10764,"hostname":"ELTECH","filters":{"page":3,"size":5},"count":16,"msg":"Users fetched"}
{"level":30,"time":1788004342922,"pid":10764,"hostname":"ELTECH","filters":{"size":1000},"count":16,"msg":"Users fetched"}
{"level":30,"time":1788004348278,"pid":10764,"hostname":"ELTECH","filters":{"page":3,"limit":10},"count":16,"msg":"Users fetched"}
{"level":30,"time":1788004383434,"pid":10764,"hostname":"ELTECH","filters":{"page":3,"limit":10},"count":16,"msg":"Users fetched"}
{"level":30,"time":1788004393768,"pid":10764,"hostname":"ELTECH","filters":{"page":3,"limit":10},"count":16,"msg":"Users fetched"}
{"level":30,"time":1788004395553,"pid":10764,"hostname":"ELTECH","filters":{"page":3,"limit":10},"count":16,"msg":"Users fetched"}
{"level":30,"time":1788004406802,"pid":10764,"hostname":"ELTECH","filters":{"page":3,"limit":10},"count":16,"msg":"Users fetched"}
{"level":30,"time":1788004411119,"pid":10764,"hostname":"ELTECH","filters":{"page":3,"limit":10},"count":16,"msg":"Users fetched"}
{"level":30,"time":1788004455062,"pid":10764,"hostname":"ELTECH","filters":{"page":3,"limit":10},"count":16,"msg":"Users fetched"}
{"level":30,"time":1788004493937,"pid":10764,"hostname":"ELTECH","filters":{"page":3,"limit":10},"count":16,"msg":"Users fetched"}
{"level":30,"time":1788004501715,"pid":10764,"hostname":"ELTECH","filters":{"page":3,"limit":10},"count":16,"msg":"Users fetched"}
{"level":30,"time":1788004527773,"pid":10764,"hostname":"ELTECH","filters":{"page":3,"limit":10},"count":16,"msg":"Users fetched"}
{"level":30,"time":1788004555666,"pid":10764,"hostname":"ELTECH","filters":{"page":3,"limit":10},"count":16,"msg":"Users fetched"}
{"level":30,"time":1788004557041,"pid":10764,"hostname":"ELTECH","filters":{"page":3,"limit":10},"count":16,"msg":"Users fetched"}
{"level":30,"time":1788004566018,"pid":10764,"hostname":"ELTECH","filters":{"page":3,"limit":10},"count":16,"msg":"Users fetched"}
{"level":30,"time":1788004567163,"pid":10764,"hostname":"ELTECH","filters":{"page":3,"limit":10},"count":16,"msg":"Users fetched"}
{"level":30,"time":1788004569896,"pid":10764,"hostname":"ELTECH","filters":{"page":3,"limit":10},"count":16,"msg":"Users fetched"}
{"level":30,"time":1788004572282,"pid":10764,"hostname":"ELTECH","filters":{"page":3,"limit":10},"count":16,"msg":"Users fetched"}
{"level":30,"time":1788004573648,"pid":10764,"hostname":"ELTECH","filters":{"page":3,"limit":10},"count":16,"msg":"Users fetched"}
{"level":30,"time":1788004577093,"pid":10764,"hostname":"ELTECH","filters":{"page":3,"limit":10},"count":16,"msg":"Users fetched"}
{"level":30,"time":1788004578244,"pid":10764,"hostname":"ELTECH","filters":{"page":3,"limit":10},"count":16,"msg":"Users fetched"}
{"level":30,"time":1788004581336,"pid":10764,"hostname":"ELTECH","filters":{"page":3,"limit":10},"count":16,"msg":"Users fetched"}
{"level":30,"time":1788004591658,"pid":10764,"hostname":"ELTECH","filters":{"page":3,"limit":10},"count":16,"msg":"Users fetched"}
{"level":30,"time":1788004595093,"pid":10764,"hostname":"ELTECH","filters":{"page":3,"limit":10},"count":16,"msg":"Users fetched"}
{"level":30,"time":1788004670477,"pid":10764,"hostname":"ELTECH","filters":{"page":3,"limit":10},"count":16,"msg":"Users fetched"}
{"level":30,"time":1788004671055,"pid":10764,"hostname":"ELTECH","filters":{"page":3,"limit":10},"count":16,"msg":"Users fetched"}
{"level":30,"time":1788004674865,"pid":10764,"hostname":"ELTECH","filters":{"page":3,"limit":10},"count":16,"msg":"Users fetched"}
{"level":30,"time":1788004688216,"pid":10764,"hostname":"ELTECH","filters":{"page":3,"limit":10},"count":16,"msg":"Users fetched"}
{"level":30,"time":1788004716518,"pid":10764,"hostname":"ELTECH","filters":{"page":3,"limit":10},"count":16,"msg":"Users fetched"}
{"level":30,"time":1788004723905,"pid":10764,"hostname":"ELTECH","filters":{"page":3,"limit":10},"count":16,"msg":"Users fetched"}
{"level":30,"time":1788004725362,"pid":10764,"hostname":"ELTECH","filters":{"page":3,"limit":10},"count":16,"msg":"Users fetched"}
{"level":30,"time":1788004733402,"pid":10764,"hostname":"ELTECH","filters":{"size":1000},"count":16,"msg":"Users fetched"}
{"level":30,"time":1788004733417,"pid":10764,"hostname":"ELTECH","filters":{"page":3,"size":5},"count":16,"msg":"Users fetched"}
{"level":30,"time":1788004736176,"pid":10764,"hostname":"ELTECH","id":2,"msg":"User fetched"}
{"level":30,"time":1788004744369,"pid":10764,"hostname":"ELTECH","url":"http://localhost:8081/api/v1/addresses?page=1&size=5&userId=2","filters":{"current":1,"limit":5,"userId":2},"count":7,"msg":"User addresses fetched"}
{"level":30,"time":1788004745358,"pid":10764,"hostname":"ELTECH","filters":{"page":3,"limit":10},"count":16,"msg":"Users fetched"}
{"level":30,"time":1788004755685,"pid":10764,"hostname":"ELTECH","id":6,"msg":"User fetched"}
{"level":30,"time":1788004757120,"pid":10764,"hostname":"ELTECH","url":"http://localhost:8081/api/v1/addresses?page=1&size=5&userId=6","filters":{"current":1,"limit":5,"userId":6},"count":1,"msg":"User addresses fetched"}
{"level":30,"time":1788004758462,"pid":10764,"hostname":"ELTECH","filters":{"page":3,"limit":10},"count":16,"msg":"Users fetched"}
{"level":30,"time":1788004763535,"pid":10764,"hostname":"ELTECH","addressId":12,"msg":"Address fetched"}
{"level":30,"time":1788004790922,"pid":10764,"hostname":"ELTECH","filters":{"page":3,"limit":10},"count":16,"msg":"Users fetched"}
{"level":30,"time":1788004801496,"pid":10764,"hostname":"ELTECH","filters":{"page":3,"limit":10},"count":16,"msg":"Users fetched"}
{"level":30,"time":1788004809185,"pid":10764,"hostname":"ELTECH","filters":{"page":3,"limit":10},"count":16,"msg":"Users fetched"}
{"level":30,"time":1788004810788,"pid":10764,"hostname":"ELTECH","filters":{"page":3,"limit":10},"count":16,"msg":"Users fetched"}
{"level":30,"time":1788004815825,"pid":10764,"hostname":"ELTECH","filters":{"size":1000},"count":16,"msg":"Users fetched"}
{"level":30,"time":1788004815851,"pid":10764,"hostname":"ELTECH","filters":{"page":3,"size":5},"count":16,"msg":"Users fetched"}
{"level":30,"time":1788004815988,"pid":10764,"hostname":"ELTECH","id":2,"msg":"User fetched"}
{"level":30,"time":1788004816889,"pid":10764,"hostname":"ELTECH","url":"http://localhost:8081/api/v1/addresses?page=1&size=5&userId=2","filters":{"current":1,"limit":5,"userId":2},"count":7,"msg":"User addresses fetched"}
{"level":30,"time":1788004820457,"pid":10764,"hostname":"ELTECH","filters":{"page":3,"limit":10},"count":16,"msg":"Users fetched"}
{"level":30,"time":1788004835784,"pid":10764,"hostname":"ELTECH","filters":{"page":3,"limit":10},"count":16,"msg":"Users fetched"}
{"level":30,"time":1788004884749,"pid":10764,"hostname":"ELTECH","url":"http://localhost:8081/api/v1/addresses?page=1&size=5&userId=2","filters":{"current":1,"limit":5,"userId":2},"count":7,"msg":"User addresses fetched"}
{"level":30,"time":1788004884900,"pid":10764,"hostname":"ELTECH","filters":{"page":3,"limit":10},"count":16,"msg":"Users fetched"}
{"level":30,"time":1788004886942,"pid":10764,"hostname":"ELTECH","filters":{"page":3,"limit":10},"count":16,"msg":"Users fetched"}
{"level":30,"time":1788004894766,"pid":10764,"hostname":"ELTECH","filters":{"page":3,"limit":10},"count":16,"msg":"Users fetched"}
{"level":30,"time":1788004898182,"pid":10764,"hostname":"ELTECH","filters":{"page":3,"limit":10},"count":16,"msg":"Users fetched"}
{"level":30,"time":1788004898685,"pid":10764,"hostname":"ELTECH","filters":{"page":3,"limit":10},"count":16,"msg":"Users fetched"}
{"level":30,"time":1788004901999,"pid":10764,"hostname":"ELTECH","filters":{"page":3,"size":5},"count":16,"msg":"Users fetched"}
{"level":30,"time":1788004902115,"pid":10764,"hostname":"ELTECH","filters":{"size":1000},"count":16,"msg":"Users fetched"}
{"level":30,"time":1788004923815,"pid":10764,"hostname":"ELTECH","filters":{"page":3,"limit":10},"count":16,"msg":"Users fetched"}
{"level":30,"time":1788004926029,"pid":10764,"hostname":"ELTECH","filters":{"page":3,"limit":10},"count":16,"msg":"Users fetched"}
{"level":30,"time":1788004929672,"pid":10764,"hostname":"ELTECH","filters":{"page":3,"limit":10},"count":16,"msg":"Users fetched"}
{"level":30,"time":1788004934856,"pid":10764,"hostname":"ELTECH","filters":{"page":3,"limit":10},"count":16,"msg":"Users fetched"}
{"level":30,"time":1788004941494,"pid":10764,"hostname":"ELTECH","id":2,"msg":"User fetched"}
{"level":30,"time":1788004943083,"pid":10764,"hostname":"ELTECH","url":"http://localhost:8081/api/v1/addresses?page=1&size=5&userId=2","filters":{"current":1,"limit":5,"userId":2},"count":7,"msg":"User addresses fetched"}
{"level":30,"time":1788004945228,"pid":10764,"hostname":"ELTECH","filters":{"page":3,"limit":10},"count":16,"msg":"Users fetched"}
{"level":30,"time":1788004948149,"pid":10764,"hostname":"ELTECH","filters":{"page":3,"limit":10},"count":16,"msg":"Users fetched"}
{"level":30,"time":1788004948195,"pid":10764,"hostname":"ELTECH","url":"http://localhost:8081/api/v1/addresses?page=2&size=5&userId=2","filters":{"current":2,"limit":5,"userId":2},"count":7,"msg":"User addresses fetched"}
{"level":30,"time":1788004964283,"pid":10764,"hostname":"ELTECH","filters":{"page":3,"limit":10},"count":16,"msg":"Users fetched"}
{"level":30,"time":1788004984709,"pid":10764,"hostname":"ELTECH","filters":{"page":3,"limit":10},"count":16,"msg":"Users fetched"}
{"level":30,"time":1788004985348,"pid":10764,"hostname":"ELTECH","filters":{"page":3,"limit":10},"count":16,"msg":"Users fetched"}
{"level":30,"time":1788004995134,"pid":10764,"hostname":"ELTECH","filters":{"page":3,"limit":10},"count":16,"msg":"Users fetched"}
{"level":30,"time":1788004999222,"pid":10764,"hostname":"ELTECH","filters":{"page":3,"limit":10},"count":16,"msg":"Users fetched"}
{"level":30,"time":1788005019404,"pid":10764,"hostname":"ELTECH","filters":{"page":3,"limit":10},"count":16,"msg":"Users fetched"}
{"level":30,"time":1788005023419,"pid":10764,"hostname":"ELTECH","url":"http://localhost:8081/api/v1/addresses?page=1&size=5&userId=2","filters":{"current":1,"limit":5,"userId":2},"count":7,"msg":"User addresses fetched"}
{"level":30,"time":1788005026296,"pid":10764,"hostname":"ELTECH","filters":{"page":3,"limit":10},"count":16,"msg":"Users fetched"}
{"level":30,"time":1788005026384,"pid":10764,"hostname":"ELTECH","filters":{"page":3,"limit":10},"count":16,"msg":"Users fetched"}
{"level":30,"time":1788005032980,"pid":10764,"hostname":"ELTECH","filters":{"page":3,"limit":10},"count":16,"msg":"Users fetched"}
{"level":30,"time":1788005038217,"pid":10764,"hostname":"ELTECH","filters":{"page":3,"limit":10},"count":16,"msg":"Users fetched"}
{"level":30,"time":1788005042666,"pid":10764,"hostname":"ELTECH","filters":{"page":3,"limit":10},"count":16,"msg":"Users fetched"}
{"level":30,"time":1788005044907,"pid":10764,"hostname":"ELTECH","filters":{"page":3,"limit":10},"count":16,"msg":"Users fetched"}
{"level":30,"time":1788005059715,"pid":10764,"hostname":"ELTECH","filters":{"size":1000},"count":16,"msg":"Users fetched"}
{"level":30,"time":1788005059732,"pid":10764,"hostname":"ELTECH","id":2,"msg":"User fetched"}
{"level":30,"time":1788005059748,"pid":10764,"hostname":"ELTECH","filters":{"page":3,"size":5},"count":16,"msg":"Users fetched"}
{"level":30,"time":1788005059897,"pid":10764,"hostname":"ELTECH","filters":{"page":3,"limit":10},"count":16,"msg":"Users fetched"}
{"level":30,"time":1788005063434,"pid":10764,"hostname":"ELTECH","filters":{"page":3,"limit":10},"count":16,"msg":"Users fetched"}
{"level":30,"time":1788005071813,"pid":10764,"hostname":"ELTECH","addressId":8,"msg":"Address fetched"}
{"level":30,"time":1788005076769,"pid":10764,"hostname":"ELTECH","filters":{"page":3,"limit":10},"count":16,"msg":"Users fetched"}
{"level":30,"time":1788005115958,"pid":10764,"hostname":"ELTECH","filters":{"page":3,"limit":10},"count":16,"msg":"Users fetched"}
{"level":30,"time":1788005118296,"pid":10764,"hostname":"ELTECH","filters":{"page":3,"limit":10},"count":16,"msg":"Users fetched"}
{"level":30,"time":1788005129592,"pid":10764,"hostname":"ELTECH","filters":{"page":3,"limit":10},"count":16,"msg":"Users fetched"}
{"level":30,"time":1788005135533,"pid":10764,"hostname":"ELTECH","filters":{"page":3,"limit":10},"count":16,"msg":"Users fetched"}
{"level":30,"time":1788005141811,"pid":10764,"hostname":"ELTECH","filters":{"page":3,"limit":10},"count":16,"msg":"Users fetched"}
{"level":30,"time":1788005144106,"pid":10764,"hostname":"ELTECH","filters":{"page":3,"limit":10},"count":16,"msg":"Users fetched"}
{"level":30,"time":1788005154955,"pid":10764,"hostname":"ELTECH","filters":{"page":3,"limit":10},"count":16,"msg":"Users fetched"}
{"level":30,"time":1788005158243,"pid":10764,"hostname":"ELTECH","filters":{"page":3,"limit":10},"count":16,"msg":"Users fetched"}
{"level":30,"time":1788005166431,"pid":10764,"hostname":"ELTECH","id":2,"msg":"User fetched"}
{"level":30,"time":1788005166466,"pid":10764,"hostname":"ELTECH","filters":{"size":1000},"count":16,"msg":"Users fetched"}
{"level":30,"time":1788005166512,"pid":10764,"hostname":"ELTECH","filters":{"page":3,"size":5},"count":16,"msg":"Users fetched"}
{"level":30,"time":1788005166544,"pid":10764,"hostname":"ELTECH","url":"http://localhost:8081/api/v1/addresses?page=1&size=5&userId=2","filters":{"current":1,"limit":5,"userId":2},"count":7,"msg":"User addresses fetched"}
{"level":30,"time":1788005169231,"pid":10764,"hostname":"ELTECH","filters":{"page":3,"limit":10},"count":16,"msg":"Users fetched"}
{"level":30,"time":1788005175270,"pid":10764,"hostname":"ELTECH","filters":{"page":3,"limit":10},"count":16,"msg":"Users fetched"}
{"level":30,"time":1788005207833,"pid":10764,"hostname":"ELTECH","addressId":8,"msg":"Address fetched"}
{"level":30,"time":1788005211697,"pid":10764,"hostname":"ELTECH","filters":{"page":3,"limit":10},"count":16,"msg":"Users fetched"}
{"level":30,"time":1788005330109,"pid":10764,"hostname":"ELTECH","filters":{"page":3,"limit":10},"count":16,"msg":"Users fetched"}
{"level":30,"time":1788005338317,"pid":10764,"hostname":"ELTECH","filters":{"page":3,"size":5},"count":16,"msg":"Users fetched"}
{"level":30,"time":1788005338469,"pid":10764,"hostname":"ELTECH","filters":{"size":1000},"count":16,"msg":"Users fetched"}
{"level":30,"time":1788005341434,"pid":10764,"hostname":"ELTECH","filters":{"page":3,"limit":10},"count":16,"msg":"Users fetched"}
{"level":30,"time":1788005350236,"pid":10764,"hostname":"ELTECH","filters":{"page":3,"limit":10},"count":16,"msg":"Users fetched"}
{"level":30,"time":1788005356171,"pid":10764,"hostname":"ELTECH","filters":{"page":3,"limit":10},"count":16,"msg":"Users fetched"}
{"level":30,"time":1788005379502,"pid":10764,"hostname":"ELTECH","filters":{"page":3,"limit":10},"count":16,"msg":"Users fetched"}
{"level":30,"time":1788005381358,"pid":10764,"hostname":"ELTECH","filters":{"page":3,"limit":10},"count":16,"msg":"Users fetched"}
{"level":30,"time":1788005389594,"pid":10764,"hostname":"ELTECH","filters":{"page":3,"limit":10},"count":16,"msg":"Users fetched"}
{"level":30,"time":1788005484017,"pid":10764,"hostname":"ELTECH","filters":{"page":3,"limit":10},"count":16,"msg":"Users fetched"}
{"level":30,"time":1788005516313,"pid":10764,"hostname":"ELTECH","filters":{"page":3,"limit":10},"count":16,"msg":"Users fetched"}
{"level":30,"time":1788005588345,"pid":10764,"hostname":"ELTECH","filters":{"page":3,"limit":10},"count":16,"msg":"Users fetched"}
{"level":30,"time":1788005607909,"pid":10764,"hostname":"ELTECH","filters":{"page":3,"limit":10},"count":16,"msg":"Users fetched"}
{"level":30,"time":1788005616244,"pid":10764,"hostname":"ELTECH","filters":{"page":3,"limit":10},"count":16,"msg":"Users fetched"}
{"level":30,"time":1788005629969,"pid":10764,"hostname":"ELTECH","filters":{"page":3,"limit":10},"count":16,"msg":"Users fetched"}
{"level":30,"time":1788005633088,"pid":10764,"hostname":"ELTECH","filters":{"page":3,"limit":10},"count":16,"msg":"Users fetched"}
{"level":30,"time":1788005636624,"pid":10764,"hostname":"ELTECH","filters":{"page":3,"limit":10},"count":16,"msg":"Users fetched"}
{"level":30,"time":1788005639053,"pid":10764,"hostname":"ELTECH","filters":{"page":3,"limit":10},"count":16,"msg":"Users fetched"}
{"level":30,"time":1788005641465,"pid":10764,"hostname":"ELTECH","filters":{"page":3,"limit":10},"count":16,"msg":"Users fetched"}
{"level":30,"time":1788005664265,"pid":10764,"hostname":"ELTECH","filters":{"page":3,"limit":10},"count":16,"msg":"Users fetched"}
{"level":30,"time":1788005666323,"pid":10764,"hostname":"ELTECH","filters":{"page":3,"limit":10},"count":16,"msg":"Users fetched"}
{"level":30,"time":1788005673199,"pid":10764,"hostname":"ELTECH","filters":{"page":3,"limit":10},"count":16,"msg":"Users fetched"}
{"level":30,"time":1788005681333,"pid":10764,"hostname":"ELTECH","filters":{"page":3,"limit":10},"count":16,"msg":"Users fetched"}
{"level":30,"time":1788005685268,"pid":10764,"hostname":"ELTECH","filters":{"page":3,"limit":10},"count":16,"msg":"Users fetched"}
{"level":30,"time":1788005693431,"pid":10764,"hostname":"ELTECH","filters":{"page":3,"limit":10},"count":16,"msg":"Users fetched"}
{"level":30,"time":1788005696668,"pid":10764,"hostname":"ELTECH","filters":{"page":3,"limit":10},"count":16,"msg":"Users fetched"}
{"level":30,"time":1788005699574,"pid":10764,"hostname":"ELTECH","filters":{"page":3,"limit":10},"count":16,"msg":"Users fetched"}
{"level":30,"time":1788005712776,"pid":10764,"hostname":"ELTECH","filters":{"page":3,"limit":10},"count":16,"msg":"Users fetched"}
{"level":30,"time":1788005712850,"pid":10764,"hostname":"ELTECH","filters":{"page":3,"limit":10},"count":16,"msg":"Users fetched"}
{"level":30,"time":1788005720045,"pid":10764,"hostname":"ELTECH","filters":{"page":3,"size":5},"count":16,"msg":"Users fetched"}
{"level":30,"time":1788005720425,"pid":10764,"hostname":"ELTECH","filters":{"size":1000},"count":16,"msg":"Users fetched"}
{"level":30,"time":1788005726242,"pid":10764,"hostname":"ELTECH","filters":{"page":3,"limit":10},"count":16,"msg":"Users fetched"}
{"level":30,"time":1788005729409,"pid":10764,"hostname":"ELTECH","filters":{"page":3,"limit":10},"count":16,"msg":"Users fetched"}
{"level":30,"time":1788005735595,"pid":10764,"hostname":"ELTECH","filters":{"page":3,"limit":10},"count":16,"msg":"Users fetched"}
{"level":30,"time":1788005742783,"pid":10764,"hostname":"ELTECH","filters":{"page":3,"limit":10},"count":16,"msg":"Users fetched"}
{"level":30,"time":1788005844427,"pid":10764,"hostname":"ELTECH","filters":{"page":3,"limit":10},"count":16,"msg":"Users fetched"}
{"level":30,"time":1788005846814,"pid":10764,"hostname":"ELTECH","filters":{"page":3,"limit":10},"count":16,"msg":"Users fetched"}
{"level":30,"time":1788005850844,"pid":10764,"hostname":"ELTECH","filters":{"page":3,"limit":10},"count":16,"msg":"Users fetched"}
{"level":30,"time":1788005854033,"pid":10764,"hostname":"ELTECH","filters":{"page":3,"limit":10},"count":16,"msg":"Users fetched"}
{"level":30,"time":1788005856712,"pid":10764,"hostname":"ELTECH","filters":{"page":3,"limit":10},"count":16,"msg":"Users fetched"}
{"level":30,"time":1788005863172,"pid":10764,"hostname":"ELTECH","filters":{"page":3,"limit":10},"count":16,"msg":"Users fetched"}
{"level":30,"time":1788005868282,"pid":10764,"hostname":"ELTECH","filters":{"page":3,"limit":10},"count":16,"msg":"Users fetched"}
{"level":30,"time":1788005885871,"pid":10764,"hostname":"ELTECH","filters":{"page":3,"limit":10},"count":16,"msg":"Users fetched"}
{"level":30,"time":1788005892602,"pid":10764,"hostname":"ELTECH","filters":{"page":3,"size":5},"count":16,"msg":"Users fetched"}
{"level":30,"time":1788005892642,"pid":10764,"hostname":"ELTECH","filters":{"page":3,"limit":10},"count":16,"msg":"Users fetched"}
{"level":30,"time":1788005892707,"pid":10764,"hostname":"ELTECH","filters":{"size":1000},"count":16,"msg":"Users fetched"}
{"level":30,"time":1788005947155,"pid":10764,"hostname":"ELTECH","filters":{"page":3,"limit":10},"count":16,"msg":"Users fetched"}
{"level":30,"time":1788005951346,"pid":10764,"hostname":"ELTECH","filters":{"page":3,"limit":10},"count":16,"msg":"Users fetched"}
{"level":30,"time":1788006036253,"pid":10764,"hostname":"ELTECH","filters":{"page":3,"limit":10},"count":16,"msg":"Users fetched"}
{"level":30,"time":1788006046107,"pid":10764,"hostname":"ELTECH","filters":{"size":1000},"count":16,"msg":"Users fetched"}
{"level":30,"time":1788006046125,"pid":10764,"hostname":"ELTECH","filters":{"page":3,"size":5},"count":16,"msg":"Users fetched"}
{"level":30,"time":1788006050353,"pid":10764,"hostname":"ELTECH","id":2,"msg":"User fetched"}
{"level":30,"time":1788006059659,"pid":10764,"hostname":"ELTECH","url":"http://localhost:8081/api/v1/addresses?page=1&size=5&userId=2","filters":{"current":1,"limit":5,"userId":2},"count":7,"msg":"User addresses fetched"}
{"level":30,"time":1788006059751,"pid":10764,"hostname":"ELTECH","filters":{"page":3,"limit":10},"count":16,"msg":"Users fetched"}
{"level":30,"time":1788006132298,"pid":10764,"hostname":"ELTECH","filters":{"page":3,"size":5},"count":16,"msg":"Users fetched"}
{"level":30,"time":1788006132323,"pid":10764,"hostname":"ELTECH","filters":{"size":1000},"count":16,"msg":"Users fetched"}
{"level":30,"time":1788006132442,"pid":10764,"hostname":"ELTECH","url":"http://localhost:8081/api/v1/addresses?page=1&size=5&userId=2","filters":{"current":1,"limit":5,"userId":2},"count":7,"msg":"User addresses fetched"}
{"level":30,"time":1788006132469,"pid":10764,"hostname":"ELTECH","id":2,"msg":"User fetched"}
{"level":30,"time":1788006137327,"pid":10764,"hostname":"ELTECH","filters":{"page":3,"limit":10},"count":16,"msg":"Users fetched"}
{"level":30,"time":1788006214573,"pid":10764,"hostname":"ELTECH","filters":{"page":3,"limit":10},"count":16,"msg":"Users fetched"}
{"level":30,"time":1788006214619,"pid":10764,"hostname":"ELTECH","filters":{"page":3,"limit":10},"count":16,"msg":"Users fetched"}
{"level":30,"time":1788006289406,"pid":10764,"hostname":"ELTECH","filters":{"page":1,"limit":10},"count":16,"msg":"Users fetched"}
{"level":30,"time":1788006289423,"pid":10764,"hostname":"ELTECH","filters":{"page":3,"limit":10},"count":16,"msg":"Users fetched"}
{"level":30,"time":1788006293592,"pid":10764,"hostname":"ELTECH","filters":{"page":3,"size":5},"count":16,"msg":"Users fetched"}
{"level":30,"time":1788006293660,"pid":10764,"hostname":"ELTECH","filters":{"size":1000},"count":16,"msg":"Users fetched"}
{"level":30,"time":1788006298636,"pid":10764,"hostname":"ELTECH","id":2,"msg":"User fetched"}
{"level":30,"time":1788006308357,"pid":10764,"hostname":"ELTECH","url":"http://localhost:8081/api/v1/addresses?page=1&size=5&userId=2","filters":{"current":1,"limit":5,"userId":2},"count":7,"msg":"User addresses fetched"}
{"level":30,"time":1788006308449,"pid":10764,"hostname":"ELTECH","filters":{"page":3,"limit":10},"count":16,"msg":"Users fetched"}
{"level":30,"time":1788006327827,"pid":10764,"hostname":"ELTECH","addressId":8,"msg":"Address fetched"}
{"level":30,"time":1788006327916,"pid":10764,"hostname":"ELTECH","filters":{"page":3,"limit":10},"count":16,"msg":"Users fetched"}
{"level":30,"time":1788006332309,"pid":10764,"hostname":"ELTECH","filters":{"page":3,"limit":10},"count":16,"msg":"Users fetched"}
{"level":30,"time":1788006363928,"pid":10764,"hostname":"ELTECH","filters":{"size":1000},"count":16,"msg":"Users fetched"}
{"level":30,"time":1788006363939,"pid":10764,"hostname":"ELTECH","filters":{"page":3,"size":5},"count":16,"msg":"Users fetched"}
{"level":30,"time":1788006431746,"pid":10764,"hostname":"ELTECH","addressId":8,"msg":"Address fetched"}
{"level":30,"time":1788006431879,"pid":10764,"hostname":"ELTECH","id":2,"msg":"User fetched"}
{"level":30,"time":1788006432096,"pid":10764,"hostname":"ELTECH","url":"http://localhost:8081/api/v1/addresses?page=1&size=5&userId=2","filters":{"current":1,"limit":5,"userId":2},"count":7,"msg":"User addresses fetched"}
{"level":30,"time":1788006432645,"pid":10764,"hostname":"ELTECH","filters":{"page":3,"limit":10},"count":16,"msg":"Users fetched"}
{"level":30,"time":1788006492606,"pid":10764,"hostname":"ELTECH","addressId":4,"msg":"Address fetched"}
{"level":30,"time":1788006503734,"pid":10764,"hostname":"ELTECH","id":5,"msg":"User fetched"}
{"level":30,"time":1788006505138,"pid":10764,"hostname":"ELTECH","url":"http://localhost:8081/api/v1/addresses?page=1&size=5&userId=5","filters":{"current":1,"limit":5,"userId":5},"count":1,"msg":"User addresses fetched"}
{"level":30,"time":1788006532444,"pid":10764,"hostname":"ELTECH","url":"http://localhost:8081/api/v1/addresses?page=1&size=5&userId=5","filters":{"current":1,"limit":5,"userId":5},"count":1,"msg":"User addresses fetched"}
{"level":30,"time":1788006532608,"pid":10764,"hostname":"ELTECH","filters":{"page":3,"limit":10},"count":16,"msg":"Users fetched"}
{"level":50,"time":1788006540752,"pid":10764,"hostname":"ELTECH","error":"Request failed with status code 500","detail":"An unexpected error occurred","instance":"/api/v1/addresses/user/5/address/11","status":500,"title":"Internal server error","errorCode":"INTERNAL_ERROR","msg":"API error"}
{"level":50,"time":1788006540753,"pid":10764,"hostname":"ELTECH","err":{"code":"ERR_BAD_RESPONSE","config":{"adapter":["xhr","http","fetch"],"allowAbsoluteUrls":true,"baseURL":"","env":{},"headers":{"Accept":"application/json","Accept-Encoding":"gzip, compress, deflate, br","Content-Type":"application/json; charset=utf-8","User-Agent":"axios/1.17.0"},"maxBodyLength":-1,"maxContentLength":-1,"method":"delete","timeout":60000,"transformRequest":[null],"transformResponse":[null],"transitional":{"advertiseZstdAcceptEncoding":false,"clarifyTimeoutError":false,"forcedJSONParsing":true,"legacyInterceptorReqResOrdering":true,"silentJSONParsing":true},"url":"http://localhost:8081/api/v1/addresses/user/5/address/11","xsrfCookieName":"XSRF-TOKEN","xsrfHeaderName":"X-XSRF-TOKEN"},"isAxiosError":true,"message":"Request failed with status code 500","name":"AxiosError","request":{"_closed":false,"_contentLength":0,"_defaultKeepAlive":true,"_ended":true,"_events":{},"_eventsCount":7,"_hasBody":true,"_header":"DELETE /api/v1/addresses/user/5/address/11 HTTP/1.1\r\nAccept: application/json\r\nContent-Type: application/json; charset=utf-8\r\nUser-Agent: axios/1.17.0\r\nAccept-Encoding: gzip, compress, deflate, br\r\nHost: localhost:8081\r\nConnection: keep-alive\r\n\r\n","_headerSent":true,"_keepAliveTimeout":0,"_last":true,"_redirectable":{"_currentRequest":"[Circular]","_currentUrl":"http://localhost:8081/api/v1/addresses/user/5/address/11","_ended":true,"_ending":true,"_events":{"socket":[null,null]},"_eventsCount":4,"_headerFilter":{},"_options":{"agents":{},"beforeRedirects":{},"headers":{"Accept":"application/json","Accept-Encoding":"gzip, compress, deflate, br","Content-Type":"application/json; charset=utf-8","User-Agent":"axios/1.17.0"},"hostname":"localhost","insecureHTTPParser":false,"maxBodyLength":null,"maxRedirects":21,"method":"DELETE","nativeProtocols":{"http:":"[Object]","https:":"[Object]"},"path":"/api/v1/addresses/user/5/address/11","pathname":"/api/v1/addresses/user/5/address/11","port":"8081","protocol":"http:","sensitiveHeaders":[]},"_redirectCount":0,"_redirects":[],"_requestBodyBuffers":[],"_requestBodyLength":0,"_timeout":null,"_writableState":{"bufferedIndex":0,"corked":0,"highWaterMark":16384,"length":0,"pendingcb":0,"writelen":0}},"_removedConnection":false,"_removedContLen":false,"_removedTE":false,"_trailer":"","aborted":false,"agent":{"_events":{},"_eventsCount":2,"defaultPort":80,"freeSockets":{},"keepAlive":true,"keepAliveMsecs":1000,"maxFreeSockets":256,"maxSockets":null,"maxTotalSockets":null,"options":{"keepAlive":true,"noDelay":true,"path":null,"scheduling":"lifo","timeout":5000},"protocol":"http:","requests":{},"scheduling":"lifo","sockets":{"localhost:8081:":["[Object]"]},"totalSocketCount":1},"chunkedEncoding":false,"destroyed":false,"finished":true,"host":"localhost","insecureHTTPParser":false,"maxHeadersCount":null,"maxRequestsOnConnectionReached":false,"method":"DELETE","outputData":[],"outputSize":0,"parser":null,"path":"/api/v1/addresses/user/5/address/11","protocol":"http:","res":{"_consuming":true,"_dumped":false,"_events":{"end":[null,null]},"_eventsCount":4,"_readableState":{"awaitDrainWriters":null,"buffer":[],"bufferIndex":0,"highWaterMark":16384,"length":0,"pipes":[]},"aborted":false,"client":{"_closeAfterHandlingError":false,"_events":{"close":"[Array]","error":"[Array]","timeout":"[Array]"},"_eventsCount":7,"_hadError":false,"_host":"localhost","_httpMessage":"[Circular]","_parent":null,"_pendingData":null,"_pendingEncoding":"","_readableState":{"awaitDrainWriters":null,"buffer":[],"bufferIndex":0,"highWaterMark":16384,"length":0,"pipes":[]},"_server":null,"_sockname":null,"_writableState":{"bufferedIndex":0,"corked":0,"highWaterMark":16384,"length":0,"pendingcb":1,"writelen":0},"allowHalfOpen":false,"autoSelectFamilyAttemptedAddresses":["::1:8081"],"connecting":false,"parser":null,"server":null,"timeout":60000},"complete":true,"httpVersion":"1.1","httpVersionMajor":1,"httpVersionMinor":1,"method":null,"rawHeaders":["X-Content-Type-Options","nosniff","X-XSS-Protection","0","Cache-Control","no-cache, no-store, max-age=0, must-revalidate","Pragma","no-cache","Expires","0","X-Frame-Options","DENY","Content-Type","application/problem+json","Transfer-Encoding","chunked","Date","Sat, 29 Aug 2026 12:29:00 GMT","Connection","close"],"rawTrailers":[],"redirects":[],"req":"[Circular]","responseUrl":"http://localhost:8081/api/v1/addresses/user/5/address/11","socket":{"_closeAfterHandlingError":false,"_events":{"close":"[Array]","error":"[Array]","timeout":"[Array]"},"_eventsCount":7,"_hadError":false,"_host":"localhost","_httpMessage":"[Circular]","_parent":null,"_pendingData":null,"_pendingEncoding":"","_readableState":{"awaitDrainWriters":null,"buffer":[],"bufferIndex":0,"highWaterMark":16384,"length":0,"pipes":[]},"_server":null,"_sockname":null,"_writableState":{"bufferedIndex":0,"corked":0,"highWaterMark":16384,"length":0,"pendingcb":1,"writelen":0},"allowHalfOpen":false,"autoSelectFamilyAttemptedAddresses":["::1:8081"],"connecting":false,"parser":null,"server":null,"timeout":60000},"statusCode":500,"statusMessage":"","upgrade":false,"url":""},"reusedSocket":false,"sendDate":false,"shouldKeepAlive":false,"strictContentLength":false,"upgradeOrConnect":false,"useChunkedEncodingByDefault":false,"writable":true},"response":{"config":{"adapter":["xhr","http","fetch"],"allowAbsoluteUrls":true,"baseURL":"","env":{},"headers":{"Accept":"application/json","Accept-Encoding":"gzip, compress, deflate, br","Content-Type":"application/json; charset=utf-8","User-Agent":"axios/1.17.0"},"maxBodyLength":-1,"maxContentLength":-1,"method":"delete","timeout":60000,"transformRequest":[null],"transformResponse":[null],"transitional":{"advertiseZstdAcceptEncoding":false,"clarifyTimeoutError":false,"forcedJSONParsing":true,"legacyInterceptorReqResOrdering":true,"silentJSONParsing":true},"url":"http://localhost:8081/api/v1/addresses/user/5/address/11","xsrfCookieName":"XSRF-TOKEN","xsrfHeaderName":"X-XSRF-TOKEN"},"data":{"detail":"An unexpected error occurred","errorCode":"INTERNAL_ERROR","instance":"/api/v1/addresses/user/5/address/11","status":500,"title":"Internal server error"},"headers":{"cache-control":"no-cache, no-store, max-age=0, must-revalidate","connection":"close","content-type":"application/problem+json","date":"Sat, 29 Aug 2026 12:29:00 GMT","expires":"0","pragma":"no-cache","transfer-encoding":"chunked","x-content-type-options":"nosniff","x-frame-options":"DENY","x-xss-protection":"0"},"request":{"_closed":false,"_contentLength":0,"_defaultKeepAlive":true,"_ended":true,"_events":{},"_eventsCount":7,"_hasBody":true,"_header":"DELETE /api/v1/addresses/user/5/address/11 HTTP/1.1\r\nAccept: application/json\r\nContent-Type: application/json; charset=utf-8\r\nUser-Agent: axios/1.17.0\r\nAccept-Encoding: gzip, compress, deflate, br\r\nHost: localhost:8081\r\nConnection: keep-alive\r\n\r\n","_headerSent":true,"_keepAliveTimeout":0,"_last":true,"_redirectable":{"_currentRequest":"[Circular]","_currentUrl":"http://localhost:8081/api/v1/addresses/user/5/address/11","_ended":true,"_ending":true,"_events":{"socket":"[Array]"},"_eventsCount":4,"_headerFilter":{},"_options":{"agents":"[Object]","beforeRedirects":"[Object]","headers":"[Object]","hostname":"localhost","insecureHTTPParser":false,"maxBodyLength":null,"maxRedirects":21,"method":"DELETE","nativeProtocols":"[Object]","path":"/api/v1/addresses/user/5/address/11","pathname":"/api/v1/addresses/user/5/address/11","port":"8081","protocol":"http:","sensitiveHeaders":[]},"_redirectCount":0,"_redirects":[],"_requestBodyBuffers":[],"_requestBodyLength":0,"_timeout":null,"_writableState":{"bufferedIndex":0,"corked":0,"highWaterMark":16384,"length":0,"pendingcb":0,"writelen":0}},"_removedConnection":false,"_removedContLen":false,"_removedTE":false,"_trailer":"","aborted":false,"agent":{"_events":{},"_eventsCount":2,"defaultPort":80,"freeSockets":{},"keepAlive":true,"keepAliveMsecs":1000,"maxFreeSockets":256,"maxSockets":null,"maxTotalSockets":null,"options":{"keepAlive":true,"noDelay":true,"path":null,"scheduling":"lifo","timeout":5000},"protocol":"http:","requests":{},"scheduling":"lifo","sockets":{"localhost:8081:":"[Array]"},"totalSocketCount":1},"chunkedEncoding":false,"destroyed":false,"finished":true,"host":"localhost","insecureHTTPParser":false,"maxHeadersCount":null,"maxRequestsOnConnectionReached":false,"method":"DELETE","outputData":[],"outputSize":0,"parser":null,"path":"/api/v1/addresses/user/5/address/11","protocol":"http:","res":{"_consuming":true,"_dumped":false,"_events":{"end":"[Array]"},"_eventsCount":4,"_readableState":{"awaitDrainWriters":null,"buffer":[],"bufferIndex":0,"highWaterMark":16384,"length":0,"pipes":[]},"aborted":false,"client":{"_closeAfterHandlingError":false,"_events":"[Object]","_eventsCount":7,"_hadError":false,"_host":"localhost","_httpMessage":"[Circular]","_parent":null,"_pendingData":null,"_pendingEncoding":"","_readableState":"[Object]","_server":null,"_sockname":null,"_writableState":"[Object]","allowHalfOpen":false,"autoSelectFamilyAttemptedAddresses":"[Array]","connecting":false,"parser":null,"server":null,"timeout":60000},"complete":true,"httpVersion":"1.1","httpVersionMajor":1,"httpVersionMinor":1,"method":null,"rawHeaders":["X-Content-Type-Options","nosniff","X-XSS-Protection","0","Cache-Control","no-cache, no-store, max-age=0, must-revalidate","Pragma","no-cache","Expires","0","X-Frame-Options","DENY","Content-Type","application/problem+json","Transfer-Encoding","chunked","Date","Sat, 29 Aug 2026 12:29:00 GMT","Connection","close"],"rawTrailers":[],"redirects":[],"req":"[Circular]","responseUrl":"http://localhost:8081/api/v1/addresses/user/5/address/11","socket":{"_closeAfterHandlingError":false,"_events":"[Object]","_eventsCount":7,"_hadError":false,"_host":"localhost","_httpMessage":"[Circular]","_parent":null,"_pendingData":null,"_pendingEncoding":"","_readableState":"[Object]","_server":null,"_sockname":null,"_writableState":"[Object]","allowHalfOpen":false,"autoSelectFamilyAttemptedAddresses":"[Array]","connecting":false,"parser":null,"server":null,"timeout":60000},"statusCode":500,"statusMessage":"","upgrade":false,"url":""},"reusedSocket":false,"sendDate":false,"shouldKeepAlive":false,"strictContentLength":false,"upgradeOrConnect":false,"useChunkedEncodingByDefault":false,"writable":true},"status":500,"statusText":""},"stack":"AxiosError: Request failed with status code 500\n    at settle (webpack-internal:///(action-browser)/./node_modules/axios/lib/core/settle.js:24:12)\n    at IncomingMessage.handleStreamEnd (webpack-internal:///(action-browser)/./node_modules/axios/lib/adapters/http.js:1116:73)\n    at IncomingMessage.emit (node:events:530:35)\n    at endReadableNT (node:internal/streams/readable:1698:12)\n    at process.processTicksAndRejections (node:internal/process/task_queues:90:21)\n    at Axios.request (webpack-internal:///(action-browser)/./node_modules/axios/lib/core/Axios.js:59:41)\n    at process.processTicksAndRejections (node:internal/process/task_queues:105:5)\n    at async deleteUserAddress (webpack-internal:///(action-browser)/./src/lib/addresses/api/services/address.server.ts:138:9)\n    at async deleteUserAddressAction (webpack-internal:///(action-browser)/./src/lib/addresses/api/action.ts:61:20)\n    at async executeActionAndPrepareForRender (D:\\software engineering\\templates\\frontend-template\\tailadmin-dashboard\\node_modules\\next\\dist\\compiled\\next-server\\app-page.runtime.dev.js:64:5248)\n    at async D:\\software engineering\\templates\\frontend-template\\tailadmin-dashboard\\node_modules\\next\\dist\\compiled\\next-server\\app-page.runtime.dev.js:64:1986\n    at async handleAction (D:\\software engineering\\templates\\frontend-template\\tailadmin-dashboard\\node_modules\\next\\dist\\compiled\\next-server\\app-page.runtime.dev.js:62:25687)\n    at async renderToHTMLOrFlightImpl (D:\\software engineering\\templates\\frontend-template\\tailadmin-dashboard\\node_modules\\next\\dist\\compiled\\next-server\\app-page.runtime.dev.js:69:55695)\n    at async doRender (webpack-internal:///(rsc)/./node_modules/next/dist/build/webpack/loaders/next-app-loader/index.js?name=app%2F(website)%2Fdashboard%2F(store)%2Fusers%2Fpage&page=%2F(website)%2Fdashboard%2F(store)%2Fusers%2Fpage&appPaths=%2F(website)%2Fdashboard%2F(store)%2Fusers%2Fpage&allNormalizedAppPaths=&pagePath=private-next-app-dir%2F(website)%2Fdashboard%2F(store)%2Fusers%2Fpage.tsx&appDir=D%3A%5Csoftware%20engineering%5Ctemplates%5Cfrontend-template%5Ctailadmin-dashboard%5Csrc%5Capp&pageExtensions=tsx&pageExtensions=ts&pageExtensions=jsx&pageExtensions=js&rootDir=D%3A%5Csoftware%20engineering%5Ctemplates%5Cfrontend-template%5Ctailadmin-dashboard&isDev=true&tsconfigPath=&basePath=&assetPrefix=&nextConfigOutput=&preferredRegion=&middlewareConfig=e30%3D&isGlobalNotFoundEnabled=!:655:28)\n    at async AppPageRouteModule.handleResponse (D:\\software engineering\\templates\\frontend-template\\tailadmin-dashboard\\node_modules\\next\\dist\\compiled\\next-server\\app-page.runtime.dev.js:71:66354)\n    at async handleResponse (webpack-internal:///(rsc)/./node_modules/next/dist/build/webpack/loaders/next-app-loader/index.js?name=app%2F(website)%2Fdashboard%2F(store)%2Fusers%2Fpage&page=%2F(website)%2Fdashboard%2F(store)%2Fusers%2Fpage&appPaths=%2F(website)%2Fdashboard%2F(store)%2Fusers%2Fpage&allNormalizedAppPaths=&pagePath=private-next-app-dir%2F(website)%2Fdashboard%2F(store)%2Fusers%2Fpage.tsx&appDir=D%3A%5Csoftware%20engineering%5Ctemplates%5Cfrontend-template%5Ctailadmin-dashboard%5Csrc%5Capp&pageExtensions=tsx&pageExtensions=ts&pageExtensions=jsx&pageExtensions=js&rootDir=D%3A%5Csoftware%20engineering%5Ctemplates%5Cfrontend-template%5Ctailadmin-dashboard&isDev=true&tsconfigPath=&basePath=&assetPrefix=&nextConfigOutput=&preferredRegion=&middlewareConfig=e30%3D&isGlobalNotFoundEnabled=!:976:32)\n    at async Module.handler (webpack-internal:///(rsc)/./node_modules/next/dist/build/webpack/loaders/next-app-loader/index.js?name=app%2F(website)%2Fdashboard%2F(store)%2Fusers%2Fpage&page=%2F(website)%2Fdashboard%2F(store)%2Fusers%2Fpage&appPaths=%2F(website)%2Fdashboard%2F(store)%2Fusers%2Fpage&allNormalizedAppPaths=&pagePath=private-next-app-dir%2F(website)%2Fdashboard%2F(store)%2Fusers%2Fpage.tsx&appDir=D%3A%5Csoftware%20engineering%5Ctemplates%5Cfrontend-template%5Ctailadmin-dashboard%5Csrc%5Capp&pageExtensions=tsx&pageExtensions=ts&pageExtensions=jsx&pageExtensions=js&rootDir=D%3A%5Csoftware%20engineering%5Ctemplates%5Cfrontend-template%5Ctailadmin-dashboard&isDev=true&tsconfigPath=&basePath=&assetPrefix=&nextConfigOutput=&preferredRegion=&middlewareConfig=e30%3D&isGlobalNotFoundEnabled=!:1380:20)\n    at async DevServer.renderToResponseWithComponentsImpl (D:\\software engineering\\templates\\frontend-template\\tailadmin-dashboard\\node_modules\\next\\dist\\server\\base-server.js:1462:9)\n    at async DevServer.renderPageComponent (D:\\software engineering\\templates\\frontend-template\\tailadmin-dashboard\\node_modules\\next\\dist\\server\\base-server.js:1514:24)\n    at async DevServer.renderToResponseImpl (D:\\software engineering\\templates\\frontend-template\\tailadmin-dashboard\\node_modules\\next\\dist\\server\\base-server.js:1564:32)\n    at async DevServer.pipeImpl (D:\\software engineering\\templates\\frontend-template\\tailadmin-dashboard\\node_modules\\next\\dist\\server\\base-server.js:1044:25)\n    at async NextNodeServer.handleCatchallRenderRequest (D:\\software engineering\\templates\\frontend-template\\tailadmin-dashboard\\node_modules\\next\\dist\\server\\next-server.js:338:17)\n    at async DevServer.handleRequestImpl (D:\\software engineering\\templates\\frontend-template\\tailadmin-dashboard\\node_modules\\next\\dist\\server\\base-server.js:935:17)\n    at async D:\\software engineering\\templates\\frontend-template\\tailadmin-dashboard\\node_modules\\next\\dist\\server\\dev\\next-dev-server.js:394:20\n    at async Span.traceAsyncFn (D:\\software engineering\\templates\\frontend-template\\tailadmin-dashboard\\node_modules\\next\\dist\\trace\\trace.js:164:20)\n    at async DevServer.handleRequest (D:\\software engineering\\templates\\frontend-template\\tailadmin-dashboard\\node_modules\\next\\dist\\server\\dev\\next-dev-server.js:390:24)\n    at async invokeRender (D:\\software engineering\\templates\\frontend-template\\tailadmin-dashboard\\node_modules\\next\\dist\\server\\lib\\router-server.js:266:21)\n    at async handleRequest (D:\\software engineering\\templates\\frontend-template\\tailadmin-dashboard\\node_modules\\next\\dist\\server\\lib\\router-server.js:465:24)\n    at async requestHandlerImpl (D:\\software engineering\\templates\\frontend-template\\tailadmin-dashboard\\node_modules\\next\\dist\\server\\lib\\router-server.js:514:13)\n    at async Server.requestListener (D:\\software engineering\\templates\\frontend-template\\tailadmin-dashboard\\node_modules\\next\\dist\\server\\lib\\start-server.js:225:13)","status":500,"type":"AxiosError"},"context":"deleteUserAddress","userId":5,"addressId":11,"msg":"API request failed"}
{"level":50,"time":1788006540758,"pid":10764,"hostname":"ELTECH","detail":"An unexpected error occurred","instance":"/api/v1/addresses/user/5/address/11","status":500,"title":"Internal server error","errorCode":"INTERNAL_ERROR","msg":"[Axios Error] [deleteUserAddress]"}
{"level":30,"time":1788006540867,"pid":10764,"hostname":"ELTECH","url":"http://localhost:8081/api/v1/addresses?page=1&size=5&userId=5","filters":{"current":1,"limit":5,"userId":5},"count":1,"msg":"User addresses fetched"}
{"level":30,"time":1788006599487,"pid":10764,"hostname":"ELTECH","id":5,"msg":"User fetched"}
{"level":30,"time":1788006599504,"pid":10764,"hostname":"ELTECH","filters":{"size":1000},"count":16,"msg":"Users fetched"}
{"level":30,"time":1788006599541,"pid":10764,"hostname":"ELTECH","filters":{"page":3,"size":5},"count":16,"msg":"Users fetched"}
{"level":30,"time":1788006599565,"pid":10764,"hostname":"ELTECH","filters":{"page":1,"limit":10},"count":16,"msg":"Users fetched"}
{"level":30,"time":1788006599664,"pid":10764,"hostname":"ELTECH","filters":{"page":1,"size":5},"count":16,"msg":"Users fetched"}
{"level":30,"time":1788006606057,"pid":10764,"hostname":"ELTECH","filters":{"page":1,"limit":10},"count":16,"msg":"Users fetched"}
{"level":30,"time":1788006717464,"pid":10764,"hostname":"ELTECH","filters":{"page":1,"limit":10},"count":16,"msg":"Users fetched"}
{"level":30,"time":1788006733984,"pid":10764,"hostname":"ELTECH","filters":{"page":1,"limit":10},"count":16,"msg":"Users fetched"}
{"level":30,"time":1788006740023,"pid":10764,"hostname":"ELTECH","filters":{"page":1,"limit":10},"count":16,"msg":"Users fetched"}
{"level":30,"time":1788006758892,"pid":10764,"hostname":"ELTECH","filters":{"page":1,"limit":10},"count":16,"msg":"Users fetched"}
{"level":30,"time":1788006763149,"pid":10764,"hostname":"ELTECH","filters":{"page":1,"limit":10},"count":16,"msg":"Users fetched"}
{"level":30,"time":1788006848063,"pid":10764,"hostname":"ELTECH","filters":{"page":1,"limit":10},"count":16,"msg":"Users fetched"}
{"level":30,"time":1788006851405,"pid":10764,"hostname":"ELTECH","filters":{"page":1,"limit":10},"count":16,"msg":"Users fetched"}
{"level":30,"time":1788006856081,"pid":10764,"hostname":"ELTECH","filters":{"page":1,"limit":10},"count":16,"msg":"Users fetched"}
{"level":30,"time":1788006865035,"pid":10764,"hostname":"ELTECH","filters":{"page":1,"limit":10},"count":16,"msg":"Users fetched"}
{"level":30,"time":1788006867784,"pid":10764,"hostname":"ELTECH","filters":{"page":1,"limit":10},"count":16,"msg":"Users fetched"}
{"level":30,"time":1788006869787,"pid":10764,"hostname":"ELTECH","filters":{"page":1,"limit":10},"count":16,"msg":"Users fetched"}
{"level":30,"time":1788006871889,"pid":10764,"hostname":"ELTECH","filters":{"page":1,"limit":10},"count":16,"msg":"Users fetched"}
{"level":30,"time":1788006876940,"pid":10764,"hostname":"ELTECH","filters":{"page":1,"limit":10},"count":16,"msg":"Users fetched"}
{"level":30,"time":1788006899710,"pid":10764,"hostname":"ELTECH","filters":{"page":1,"limit":10},"count":16,"msg":"Users fetched"}
{"level":30,"time":1788006903061,"pid":10764,"hostname":"ELTECH","filters":{"page":1,"limit":10},"count":16,"msg":"Users fetched"}
{"level":30,"time":1788006917335,"pid":10764,"hostname":"ELTECH","filters":{"page":1,"limit":10},"count":16,"msg":"Users fetched"}
{"level":30,"time":1788006919969,"pid":10764,"hostname":"ELTECH","filters":{"page":1,"limit":10},"count":16,"msg":"Users fetched"}
{"level":30,"time":1788006928664,"pid":10764,"hostname":"ELTECH","filters":{"page":1,"limit":10},"count":16,"msg":"Users fetched"}
{"level":30,"time":1788006952532,"pid":10764,"hostname":"ELTECH","filters":{"page":1,"limit":10},"count":16,"msg":"Users fetched"}
{"level":30,"time":1788006974631,"pid":10764,"hostname":"ELTECH","filters":{"page":1,"limit":10},"count":16,"msg":"Users fetched"}
{"level":30,"time":1788006979936,"pid":10764,"hostname":"ELTECH","filters":{"page":1,"limit":10},"count":16,"msg":"Users fetched"}
{"level":30,"time":1788006984538,"pid":10764,"hostname":"ELTECH","filters":{"page":1,"limit":10},"count":16,"msg":"Users fetched"}
{"level":30,"time":1788006995999,"pid":10764,"hostname":"ELTECH","filters":{"page":1,"limit":10},"count":16,"msg":"Users fetched"}
{"level":30,"time":1788007020267,"pid":10764,"hostname":"ELTECH","filters":{"page":1,"limit":10},"count":16,"msg":"Users fetched"}
{"level":30,"time":1788007020916,"pid":10764,"hostname":"ELTECH","filters":{"page":1,"limit":10},"count":16,"msg":"Users fetched"}
{"level":30,"time":1788007045583,"pid":10764,"hostname":"ELTECH","id":15,"msg":"User fetched"}
{"level":30,"time":1788007045598,"pid":10764,"hostname":"ELTECH","filters":{"size":1000},"count":16,"msg":"Users fetched"}
{"level":30,"time":1788007045603,"pid":10764,"hostname":"ELTECH","filters":{"page":1,"size":5},"count":16,"msg":"Users fetched"}
{"level":30,"time":1788007053482,"pid":10764,"hostname":"ELTECH","url":"http://localhost:8081/api/v1/addresses?page=1&size=5&userId=15","filters":{"current":1,"limit":5,"userId":15},"count":1,"msg":"User addresses fetched"}
{"level":30,"time":1788007053652,"pid":10764,"hostname":"ELTECH","filters":{"page":1,"limit":10},"count":16,"msg":"Users fetched"}
{"level":30,"time":1788007060149,"pid":10764,"hostname":"ELTECH","addressId":21,"msg":"Address deleted"}
{"level":30,"time":1788007060601,"pid":10764,"hostname":"ELTECH","filters":{"page":1,"limit":10},"count":16,"msg":"Users fetched"}
{"level":30,"time":1788007060668,"pid":10764,"hostname":"ELTECH","url":"http://localhost:8081/api/v1/addresses?page=1&size=5&userId=15","filters":{"current":1,"limit":5,"userId":15},"count":0,"msg":"User addresses fetched"}
{"level":30,"time":1788007061001,"pid":10764,"hostname":"ELTECH","url":"http://localhost:8081/api/v1/addresses?page=1&size=5&userId=15","filters":{"current":1,"limit":5,"userId":15},"count":0,"msg":"User addresses fetched"}
{"level":30,"time":1788007225624,"pid":10764,"hostname":"ELTECH","filters":{"page":1,"size":5},"count":16,"msg":"Users fetched"}
{"level":30,"time":1788007225628,"pid":10764,"hostname":"ELTECH","filters":{"size":1000},"count":16,"msg":"Users fetched"}
{"level":30,"time":1788007225641,"pid":10764,"hostname":"ELTECH","filters":{"page":1,"limit":10},"count":16,"msg":"Users fetched"}
{"level":30,"time":1788007229077,"pid":10764,"hostname":"ELTECH","filters":{"page":1,"size":5},"count":16,"msg":"Users fetched"}
{"level":30,"time":1788007229413,"pid":10764,"hostname":"ELTECH","filters":{"size":1000},"count":16,"msg":"Users fetched"}
{"level":30,"time":1788007256068,"pid":10764,"hostname":"ELTECH","filters":{"page":1,"limit":10},"count":16,"msg":"Users fetched"}
{"level":30,"time":1788007271750,"pid":10764,"hostname":"ELTECH","filters":{"page":1,"limit":10},"count":16,"msg":"Users fetched"}
{"level":30,"time":1788007274776,"pid":10764,"hostname":"ELTECH","filters":{"page":1,"limit":10},"count":16,"msg":"Users fetched"}
{"level":30,"time":1788007294019,"pid":10764,"hostname":"ELTECH","filters":{"page":1,"limit":10},"count":16,"msg":"Users fetched"}
{"level":30,"time":1788007296412,"pid":10764,"hostname":"ELTECH","filters":{"page":1,"limit":10},"count":16,"msg":"Users fetched"}
{"level":30,"time":1788007305369,"pid":10764,"hostname":"ELTECH","filters":{"page":1,"limit":10},"count":16,"msg":"Users fetched"}
{"level":30,"time":1788007309482,"pid":10764,"hostname":"ELTECH","filters":{"page":1,"limit":10},"count":16,"msg":"Users fetched"}
{"level":30,"time":1788007320360,"pid":10764,"hostname":"ELTECH","filters":{"page":1,"limit":10},"count":16,"msg":"Users fetched"}
{"level":30,"time":1788007334489,"pid":10764,"hostname":"ELTECH","filters":{"page":1,"size":5},"count":16,"msg":"Users fetched"}
{"level":30,"time":1788007334512,"pid":10764,"hostname":"ELTECH","filters":{"size":1000},"count":16,"msg":"Users fetched"}
{"level":30,"time":1788007416937,"pid":10764,"hostname":"ELTECH","filters":{"page":1,"limit":10},"count":16,"msg":"Users fetched"}
{"level":30,"time":1788007427407,"pid":10764,"hostname":"ELTECH","filters":{"page":1,"limit":10},"count":16,"msg":"Users fetched"}
{"level":30,"time":1788007441832,"pid":10764,"hostname":"ELTECH","filters":{"page":1,"limit":10},"count":16,"msg":"Users fetched"}
{"level":30,"time":1788007632239,"pid":10764,"hostname":"ELTECH","filters":{"page":1,"limit":10},"count":16,"msg":"Users fetched"}
{"level":30,"time":1788007635121,"pid":10764,"hostname":"ELTECH","filters":{"page":1,"limit":10},"count":16,"msg":"Users fetched"}
{"level":30,"time":1788007638369,"pid":10764,"hostname":"ELTECH","filters":{"page":1,"limit":10},"count":16,"msg":"Users fetched"}
{"level":30,"time":1788007662412,"pid":10764,"hostname":"ELTECH","filters":{"page":1,"limit":10},"count":16,"msg":"Users fetched"}
{"level":30,"time":1788007666938,"pid":10764,"hostname":"ELTECH","filters":{"page":1,"limit":10},"count":16,"msg":"Users fetched"}
{"level":30,"time":1788007677797,"pid":10764,"hostname":"ELTECH","filters":{"size":1000},"count":16,"msg":"Users fetched"}
{"level":30,"time":1788007677807,"pid":10764,"hostname":"ELTECH","filters":{"page":1,"size":5},"count":16,"msg":"Users fetched"}
{"level":30,"time":1788007683072,"pid":10764,"hostname":"ELTECH","id":16,"msg":"User fetched"}
{"level":30,"time":1788007693672,"pid":10764,"hostname":"ELTECH","url":"http://localhost:8081/api/v1/addresses?page=1&size=5&userId=16","filters":{"current":1,"limit":5,"userId":16},"count":1,"msg":"User addresses fetched"}
{"level":30,"time":1788007693751,"pid":10764,"hostname":"ELTECH","filters":{"page":1,"limit":10},"count":16,"msg":"Users fetched"}
{"level":30,"time":1788007702889,"pid":10764,"hostname":"ELTECH","addressId":22,"msg":"Address deleted"}
{"level":30,"time":1788007703593,"pid":10764,"hostname":"ELTECH","filters":{"page":1,"limit":10},"count":16,"msg":"Users fetched"}
{"level":30,"time":1788007703715,"pid":10764,"hostname":"ELTECH","url":"http://localhost:8081/api/v1/addresses?page=1&size=5&userId=16","filters":{"current":1,"limit":5,"userId":16},"count":0,"msg":"User addresses fetched"}
{"level":30,"time":1788007703813,"pid":10764,"hostname":"ELTECH","url":"http://localhost:8081/api/v1/addresses?page=1&size=5&userId=16","filters":{"current":1,"limit":5,"userId":16},"count":0,"msg":"User addresses fetched"}
{"level":50,"time":1788007716048,"pid":10764,"hostname":"ELTECH","error":"Request failed with status code 500","detail":"An unexpected error occurred","instance":"/api/v1/addresses/user/16","status":500,"title":"Internal server error","errorCode":"INTERNAL_ERROR","msg":"API error"}
{"level":50,"time":1788007716049,"pid":10764,"hostname":"ELTECH","err":{"code":"ERR_BAD_RESPONSE","config":{"adapter":["xhr","http","fetch"],"allowAbsoluteUrls":true,"baseURL":"","data":"{\"street\":\"test\",\"postalCode\":\"20250\",\"city\":\"Tétouan\",\"country\":\"Maroc\",\"defaultAddress\":false}","env":{},"headers":{"Accept":"application/json","Accept-Encoding":"gzip, compress, deflate, br","Content-Length":"97","Content-Type":"application/json; charset=utf-8","User-Agent":"axios/1.17.0"},"maxBodyLength":-1,"maxContentLength":-1,"method":"post","timeout":60000,"transformRequest":[null],"transformResponse":[null],"transitional":{"advertiseZstdAcceptEncoding":false,"clarifyTimeoutError":false,"forcedJSONParsing":true,"legacyInterceptorReqResOrdering":true,"silentJSONParsing":true},"url":"http://localhost:8081/api/v1/addresses/user/16","xsrfCookieName":"XSRF-TOKEN","xsrfHeaderName":"X-XSRF-TOKEN"},"isAxiosError":true,"message":"Request failed with status code 500","name":"AxiosError","request":{"_closed":false,"_contentLength":"97","_defaultKeepAlive":true,"_ended":true,"_events":{},"_eventsCount":7,"_hasBody":true,"_header":"POST /api/v1/addresses/user/16 HTTP/1.1\r\nAccept: application/json\r\nContent-Type: application/json; charset=utf-8\r\nUser-Agent: axios/1.17.0\r\nContent-Length: 97\r\nAccept-Encoding: gzip, compress, deflate, br\r\nHost: localhost:8081\r\nConnection: keep-alive\r\n\r\n","_headerSent":true,"_keepAliveTimeout":0,"_last":false,"_redirectable":{"_currentRequest":"[Circular]","_currentUrl":"http://localhost:8081/api/v1/addresses/user/16","_ended":true,"_ending":true,"_events":{"socket":[null,null]},"_eventsCount":4,"_headerFilter":{},"_options":{"agents":{},"beforeRedirects":{},"headers":{"Accept":"application/json","Accept-Encoding":"gzip, compress, deflate, br","Content-Length":"97","Content-Type":"application/json; charset=utf-8","User-Agent":"axios/1.17.0"},"hostname":"localhost","insecureHTTPParser":false,"maxBodyLength":null,"maxRedirects":21,"method":"POST","nativeProtocols":{"http:":"[Object]","https:":"[Object]"},"path":"/api/v1/addresses/user/16","pathname":"/api/v1/addresses/user/16","port":"8081","protocol":"http:","sensitiveHeaders":[]},"_redirectCount":0,"_redirects":[],"_requestBodyBuffers":[],"_requestBodyLength":97,"_timeout":null,"_writableState":{"bufferedIndex":0,"corked":0,"highWaterMark":16384,"length":0,"pendingcb":0,"writelen":0}},"_removedConnection":false,"_removedContLen":false,"_removedTE":false,"_trailer":"","aborted":false,"agent":{"_events":{},"_eventsCount":2,"defaultPort":80,"freeSockets":{},"keepAlive":true,"keepAliveMsecs":1000,"maxFreeSockets":256,"maxSockets":null,"maxTotalSockets":null,"options":{"keepAlive":true,"noDelay":true,"path":null,"scheduling":"lifo","timeout":5000},"protocol":"http:","requests":{},"scheduling":"lifo","sockets":{"localhost:8081:":["[Object]"]},"totalSocketCount":1},"chunkedEncoding":false,"destroyed":false,"finished":true,"host":"localhost","insecureHTTPParser":false,"maxHeadersCount":null,"maxRequestsOnConnectionReached":false,"method":"POST","outputData":[],"outputSize":0,"parser":null,"path":"/api/v1/addresses/user/16","protocol":"http:","res":{"_consuming":true,"_dumped":false,"_events":{"end":[null,null]},"_eventsCount":4,"_readableState":{"awaitDrainWriters":null,"buffer":[],"bufferIndex":0,"highWaterMark":16384,"length":0,"pipes":[]},"aborted":false,"client":{"_closeAfterHandlingError":false,"_events":{"close":"[Array]","error":"[Array]","timeout":"[Array]"},"_eventsCount":7,"_hadError":false,"_host":"localhost","_httpMessage":"[Circular]","_parent":null,"_pendingData":null,"_pendingEncoding":"","_readableState":{"awaitDrainWriters":null,"buffer":[],"bufferIndex":0,"highWaterMark":16384,"length":0,"pipes":[]},"_server":null,"_sockname":null,"_writableState":{"bufferedIndex":0,"corked":0,"highWaterMark":16384,"length":0,"pendingcb":1,"writelen":0},"allowHalfOpen":false,"autoSelectFamilyAttemptedAddresses":["::1:8081"],"connecting":false,"parser":null,"server":null,"timeout":60000},"complete":true,"httpVersion":"1.1","httpVersionMajor":1,"httpVersionMinor":1,"method":null,"rawHeaders":["X-Content-Type-Options","nosniff","X-XSS-Protection","0","Cache-Control","no-cache, no-store, max-age=0, must-revalidate","Pragma","no-cache","Expires","0","X-Frame-Options","DENY","Content-Type","application/problem+json","Transfer-Encoding","chunked","Date","Sat, 29 Aug 2026 12:48:36 GMT","Connection","close"],"rawTrailers":[],"redirects":[],"req":"[Circular]","responseUrl":"http://localhost:8081/api/v1/addresses/user/16","socket":{"_closeAfterHandlingError":false,"_events":{"close":"[Array]","error":"[Array]","timeout":"[Array]"},"_eventsCount":7,"_hadError":false,"_host":"localhost","_httpMessage":"[Circular]","_parent":null,"_pendingData":null,"_pendingEncoding":"","_readableState":{"awaitDrainWriters":null,"buffer":[],"bufferIndex":0,"highWaterMark":16384,"length":0,"pipes":[]},"_server":null,"_sockname":null,"_writableState":{"bufferedIndex":0,"corked":0,"highWaterMark":16384,"length":0,"pendingcb":1,"writelen":0},"allowHalfOpen":false,"autoSelectFamilyAttemptedAddresses":["::1:8081"],"connecting":false,"parser":null,"server":null,"timeout":60000},"statusCode":500,"statusMessage":"","upgrade":false,"url":""},"reusedSocket":false,"sendDate":false,"shouldKeepAlive":false,"strictContentLength":false,"upgradeOrConnect":false,"useChunkedEncodingByDefault":true,"writable":true},"response":{"config":{"adapter":["xhr","http","fetch"],"allowAbsoluteUrls":true,"baseURL":"","data":"{\"street\":\"test\",\"postalCode\":\"20250\",\"city\":\"Tétouan\",\"country\":\"Maroc\",\"defaultAddress\":false}","env":{},"headers":{"Accept":"application/json","Accept-Encoding":"gzip, compress, deflate, br","Content-Length":"97","Content-Type":"application/json; charset=utf-8","User-Agent":"axios/1.17.0"},"maxBodyLength":-1,"maxContentLength":-1,"method":"post","timeout":60000,"transformRequest":[null],"transformResponse":[null],"transitional":{"advertiseZstdAcceptEncoding":false,"clarifyTimeoutError":false,"forcedJSONParsing":true,"legacyInterceptorReqResOrdering":true,"silentJSONParsing":true},"url":"http://localhost:8081/api/v1/addresses/user/16","xsrfCookieName":"XSRF-TOKEN","xsrfHeaderName":"X-XSRF-TOKEN"},"data":{"detail":"An unexpected error occurred","errorCode":"INTERNAL_ERROR","instance":"/api/v1/addresses/user/16","status":500,"title":"Internal server error"},"headers":{"cache-control":"no-cache, no-store, max-age=0, must-revalidate","connection":"close","content-type":"application/problem+json","date":"Sat, 29 Aug 2026 12:48:36 GMT","expires":"0","pragma":"no-cache","transfer-encoding":"chunked","x-content-type-options":"nosniff","x-frame-options":"DENY","x-xss-protection":"0"},"request":{"_closed":false,"_contentLength":"97","_defaultKeepAlive":true,"_ended":true,"_events":{},"_eventsCount":7,"_hasBody":true,"_header":"POST /api/v1/addresses/user/16 HTTP/1.1\r\nAccept: application/json\r\nContent-Type: application/json; charset=utf-8\r\nUser-Agent: axios/1.17.0\r\nContent-Length: 97\r\nAccept-Encoding: gzip, compress, deflate, br\r\nHost: localhost:8081\r\nConnection: keep-alive\r\n\r\n","_headerSent":true,"_keepAliveTimeout":0,"_last":false,"_redirectable":{"_currentRequest":"[Circular]","_currentUrl":"http://localhost:8081/api/v1/addresses/user/16","_ended":true,"_ending":true,"_events":{"socket":"[Array]"},"_eventsCount":4,"_headerFilter":{},"_options":{"agents":"[Object]","beforeRedirects":"[Object]","headers":"[Object]","hostname":"localhost","insecureHTTPParser":false,"maxBodyLength":null,"maxRedirects":21,"method":"POST","nativeProtocols":"[Object]","path":"/api/v1/addresses/user/16","pathname":"/api/v1/addresses/user/16","port":"8081","protocol":"http:","sensitiveHeaders":[]},"_redirectCount":0,"_redirects":[],"_requestBodyBuffers":[],"_requestBodyLength":97,"_timeout":null,"_writableState":{"bufferedIndex":0,"corked":0,"highWaterMark":16384,"length":0,"pendingcb":0,"writelen":0}},"_removedConnection":false,"_removedContLen":false,"_removedTE":false,"_trailer":"","aborted":false,"agent":{"_events":{},"_eventsCount":2,"defaultPort":80,"freeSockets":{},"keepAlive":true,"keepAliveMsecs":1000,"maxFreeSockets":256,"maxSockets":null,"maxTotalSockets":null,"options":{"keepAlive":true,"noDelay":true,"path":null,"scheduling":"lifo","timeout":5000},"protocol":"http:","requests":{},"scheduling":"lifo","sockets":{"localhost:8081:":"[Array]"},"totalSocketCount":1},"chunkedEncoding":false,"destroyed":false,"finished":true,"host":"localhost","insecureHTTPParser":false,"maxHeadersCount":null,"maxRequestsOnConnectionReached":false,"method":"POST","outputData":[],"outputSize":0,"parser":null,"path":"/api/v1/addresses/user/16","protocol":"http:","res":{"_consuming":true,"_dumped":false,"_events":{"end":"[Array]"},"_eventsCount":4,"_readableState":{"awaitDrainWriters":null,"buffer":[],"bufferIndex":0,"highWaterMark":16384,"length":0,"pipes":[]},"aborted":false,"client":{"_closeAfterHandlingError":false,"_events":"[Object]","_eventsCount":7,"_hadError":false,"_host":"localhost","_httpMessage":"[Circular]","_parent":null,"_pendingData":null,"_pendingEncoding":"","_readableState":"[Object]","_server":null,"_sockname":null,"_writableState":"[Object]","allowHalfOpen":false,"autoSelectFamilyAttemptedAddresses":"[Array]","connecting":false,"parser":null,"server":null,"timeout":60000},"complete":true,"httpVersion":"1.1","httpVersionMajor":1,"httpVersionMinor":1,"method":null,"rawHeaders":["X-Content-Type-Options","nosniff","X-XSS-Protection","0","Cache-Control","no-cache, no-store, max-age=0, must-revalidate","Pragma","no-cache","Expires","0","X-Frame-Options","DENY","Content-Type","application/problem+json","Transfer-Encoding","chunked","Date","Sat, 29 Aug 2026 12:48:36 GMT","Connection","close"],"rawTrailers":[],"redirects":[],"req":"[Circular]","responseUrl":"http://localhost:8081/api/v1/addresses/user/16","socket":{"_closeAfterHandlingError":false,"_events":"[Object]","_eventsCount":7,"_hadError":false,"_host":"localhost","_httpMessage":"[Circular]","_parent":null,"_pendingData":null,"_pendingEncoding":"","_readableState":"[Object]","_server":null,"_sockname":null,"_writableState":"[Object]","allowHalfOpen":false,"autoSelectFamilyAttemptedAddresses":"[Array]","connecting":false,"parser":null,"server":null,"timeout":60000},"statusCode":500,"statusMessage":"","upgrade":false,"url":""},"reusedSocket":false,"sendDate":false,"shouldKeepAlive":false,"strictContentLength":false,"upgradeOrConnect":false,"useChunkedEncodingByDefault":true,"writable":true},"status":500,"statusText":""},"stack":"AxiosError: Request failed with status code 500\n    at settle (webpack-internal:///(action-browser)/./node_modules/axios/lib/core/settle.js:24:12)\n    at IncomingMessage.handleStreamEnd (webpack-internal:///(action-browser)/./node_modules/axios/lib/adapters/http.js:1116:73)\n    at IncomingMessage.emit (node:events:530:35)\n    at endReadableNT (node:internal/streams/readable:1698:12)\n    at process.processTicksAndRejections (node:internal/process/task_queues:90:21)\n    at Axios.request (webpack-internal:///(action-browser)/./node_modules/axios/lib/core/Axios.js:59:41)\n    at process.processTicksAndRejections (node:internal/process/task_queues:105:5)\n    at async createUserAddress (webpack-internal:///(action-browser)/./src/lib/addresses/api/services/address.server.ts:99:26)\n    at async createUserAddressAction (webpack-internal:///(action-browser)/./src/lib/addresses/api/action.ts:20:20)\n    at async executeActionAndPrepareForRender (D:\\software engineering\\templates\\frontend-template\\tailadmin-dashboard\\node_modules\\next\\dist\\compiled\\next-server\\app-page.runtime.dev.js:64:5248)\n    at async D:\\software engineering\\templates\\frontend-template\\tailadmin-dashboard\\node_modules\\next\\dist\\compiled\\next-server\\app-page.runtime.dev.js:64:1986\n    at async handleAction (D:\\software engineering\\templates\\frontend-template\\tailadmin-dashboard\\node_modules\\next\\dist\\compiled\\next-server\\app-page.runtime.dev.js:62:25687)\n    at async renderToHTMLOrFlightImpl (D:\\software engineering\\templates\\frontend-template\\tailadmin-dashboard\\node_modules\\next\\dist\\compiled\\next-server\\app-page.runtime.dev.js:69:55695)\n    at async doRender (webpack-internal:///(rsc)/./node_modules/next/dist/build/webpack/loaders/next-app-loader/index.js?name=app%2F(website)%2Fdashboard%2F(store)%2Fusers%2Fpage&page=%2F(website)%2Fdashboard%2F(store)%2Fusers%2Fpage&appPaths=%2F(website)%2Fdashboard%2F(store)%2Fusers%2Fpage&allNormalizedAppPaths=&pagePath=private-next-app-dir%2F(website)%2Fdashboard%2F(store)%2Fusers%2Fpage.tsx&appDir=D%3A%5Csoftware%20engineering%5Ctemplates%5Cfrontend-template%5Ctailadmin-dashboard%5Csrc%5Capp&pageExtensions=tsx&pageExtensions=ts&pageExtensions=jsx&pageExtensions=js&rootDir=D%3A%5Csoftware%20engineering%5Ctemplates%5Cfrontend-template%5Ctailadmin-dashboard&isDev=true&tsconfigPath=&basePath=&assetPrefix=&nextConfigOutput=&preferredRegion=&middlewareConfig=e30%3D&isGlobalNotFoundEnabled=!:655:28)\n    at async AppPageRouteModule.handleResponse (D:\\software engineering\\templates\\frontend-template\\tailadmin-dashboard\\node_modules\\next\\dist\\compiled\\next-server\\app-page.runtime.dev.js:71:66354)\n    at async handleResponse (webpack-internal:///(rsc)/./node_modules/next/dist/build/webpack/loaders/next-app-loader/index.js?name=app%2F(website)%2Fdashboard%2F(store)%2Fusers%2Fpage&page=%2F(website)%2Fdashboard%2F(store)%2Fusers%2Fpage&appPaths=%2F(website)%2Fdashboard%2F(store)%2Fusers%2Fpage&allNormalizedAppPaths=&pagePath=private-next-app-dir%2F(website)%2Fdashboard%2F(store)%2Fusers%2Fpage.tsx&appDir=D%3A%5Csoftware%20engineering%5Ctemplates%5Cfrontend-template%5Ctailadmin-dashboard%5Csrc%5Capp&pageExtensions=tsx&pageExtensions=ts&pageExtensions=jsx&pageExtensions=js&rootDir=D%3A%5Csoftware%20engineering%5Ctemplates%5Cfrontend-template%5Ctailadmin-dashboard&isDev=true&tsconfigPath=&basePath=&assetPrefix=&nextConfigOutput=&preferredRegion=&middlewareConfig=e30%3D&isGlobalNotFoundEnabled=!:976:32)\n    at async Module.handler (webpack-internal:///(rsc)/./node_modules/next/dist/build/webpack/loaders/next-app-loader/index.js?name=app%2F(website)%2Fdashboard%2F(store)%2Fusers%2Fpage&page=%2F(website)%2Fdashboard%2F(store)%2Fusers%2Fpage&appPaths=%2F(website)%2Fdashboard%2F(store)%2Fusers%2Fpage&allNormalizedAppPaths=&pagePath=private-next-app-dir%2F(website)%2Fdashboard%2F(store)%2Fusers%2Fpage.tsx&appDir=D%3A%5Csoftware%20engineering%5Ctemplates%5Cfrontend-template%5Ctailadmin-dashboard%5Csrc%5Capp&pageExtensions=tsx&pageExtensions=ts&pageExtensions=jsx&pageExtensions=js&rootDir=D%3A%5Csoftware%20engineering%5Ctemplates%5Cfrontend-template%5Ctailadmin-dashboard&isDev=true&tsconfigPath=&basePath=&assetPrefix=&nextConfigOutput=&preferredRegion=&middlewareConfig=e30%3D&isGlobalNotFoundEnabled=!:1380:20)\n    at async DevServer.renderToResponseWithComponentsImpl (D:\\software engineering\\templates\\frontend-template\\tailadmin-dashboard\\node_modules\\next\\dist\\server\\base-server.js:1462:9)\n    at async DevServer.renderPageComponent (D:\\software engineering\\templates\\frontend-template\\tailadmin-dashboard\\node_modules\\next\\dist\\server\\base-server.js:1514:24)\n    at async DevServer.renderToResponseImpl (D:\\software engineering\\templates\\frontend-template\\tailadmin-dashboard\\node_modules\\next\\dist\\server\\base-server.js:1564:32)\n    at async DevServer.pipeImpl (D:\\software engineering\\templates\\frontend-template\\tailadmin-dashboard\\node_modules\\next\\dist\\server\\base-server.js:1044:25)\n    at async NextNodeServer.handleCatchallRenderRequest (D:\\software engineering\\templates\\frontend-template\\tailadmin-dashboard\\node_modules\\next\\dist\\server\\next-server.js:338:17)\n    at async DevServer.handleRequestImpl (D:\\software engineering\\templates\\frontend-template\\tailadmin-dashboard\\node_modules\\next\\dist\\server\\base-server.js:935:17)\n    at async D:\\software engineering\\templates\\frontend-template\\tailadmin-dashboard\\node_modules\\next\\dist\\server\\dev\\next-dev-server.js:394:20\n    at async Span.traceAsyncFn (D:\\software engineering\\templates\\frontend-template\\tailadmin-dashboard\\node_modules\\next\\dist\\trace\\trace.js:164:20)\n    at async DevServer.handleRequest (D:\\software engineering\\templates\\frontend-template\\tailadmin-dashboard\\node_modules\\next\\dist\\server\\dev\\next-dev-server.js:390:24)\n    at async invokeRender (D:\\software engineering\\templates\\frontend-template\\tailadmin-dashboard\\node_modules\\next\\dist\\server\\lib\\router-server.js:266:21)\n    at async handleRequest (D:\\software engineering\\templates\\frontend-template\\tailadmin-dashboard\\node_modules\\next\\dist\\server\\lib\\router-server.js:465:24)\n    at async requestHandlerImpl (D:\\software engineering\\templates\\frontend-template\\tailadmin-dashboard\\node_modules\\next\\dist\\server\\lib\\router-server.js:514:13)\n    at async Server.requestListener (D:\\software engineering\\templates\\frontend-template\\tailadmin-dashboard\\node_modules\\next\\dist\\server\\lib\\start-server.js:225:13)","status":500,"type":"AxiosError"},"context":"createUserAddress","userId":16,"msg":"API request failed"}
{"level":50,"time":1788007716052,"pid":10764,"hostname":"ELTECH","detail":"An unexpected error occurred","instance":"/api/v1/addresses/user/16","status":500,"title":"Internal server error","errorCode":"INTERNAL_ERROR","msg":"[Axios Error] [createUserAddress]"}
{"level":30,"time":1788007716221,"pid":10764,"hostname":"ELTECH","url":"http://localhost:8081/api/v1/addresses?page=1&size=5&userId=16","filters":{"current":1,"limit":5,"userId":16},"count":0,"msg":"User addresses fetched"}
{"level":30,"time":1788007738955,"pid":10764,"hostname":"ELTECH","filters":{"size":1000},"count":16,"msg":"Users fetched"}
{"level":30,"time":1788007738963,"pid":10764,"hostname":"ELTECH","filters":{"page":1,"size":5},"count":16,"msg":"Users fetched"}
{"level":30,"time":1788007780144,"pid":10764,"hostname":"ELTECH","filters":{"page":1,"limit":10},"count":16,"msg":"Users fetched"}
{"level":30,"time":1788007783041,"pid":10764,"hostname":"ELTECH","filters":{"page":1,"limit":10},"count":16,"msg":"Users fetched"}
{"level":30,"time":1788007797537,"pid":10764,"hostname":"ELTECH","filters":{"page":1,"limit":10},"count":16,"msg":"Users fetched"}
{"level":30,"time":1788007807164,"pid":10764,"hostname":"ELTECH","filters":{"page":1,"limit":10},"count":16,"msg":"Users fetched"}
{"level":30,"time":1788007816371,"pid":10764,"hostname":"ELTECH","filters":{"page":1,"limit":10},"count":16,"msg":"Users fetched"}
{"level":30,"time":1788007818435,"pid":10764,"hostname":"ELTECH","filters":{"page":1,"limit":10},"count":16,"msg":"Users fetched"}
{"level":30,"time":1788007823541,"pid":10764,"hostname":"ELTECH","filters":{"page":1,"limit":10},"count":16,"msg":"Users fetched"}
{"level":30,"time":1788007830917,"pid":10764,"hostname":"ELTECH","filters":{"page":1,"limit":10},"count":16,"msg":"Users fetched"}
{"level":30,"time":1788007834197,"pid":10764,"hostname":"ELTECH","filters":{"page":1,"limit":10},"count":16,"msg":"Users fetched"}
{"level":30,"time":1788007844950,"pid":10764,"hostname":"ELTECH","filters":{"page":1,"limit":10},"count":16,"msg":"Users fetched"}
{"level":30,"time":1788007849540,"pid":10764,"hostname":"ELTECH","filters":{"page":1,"limit":10},"count":16,"msg":"Users fetched"}
{"level":30,"time":1788007874385,"pid":10764,"hostname":"ELTECH","filters":{"page":1,"limit":10},"count":16,"msg":"Users fetched"}
{"level":30,"time":1788008027928,"pid":10764,"hostname":"ELTECH","filters":{"page":1,"limit":10},"count":16,"msg":"Users fetched"}
{"level":30,"time":1788008040633,"pid":10764,"hostname":"ELTECH","filters":{"page":1,"limit":10},"count":16,"msg":"Users fetched"}
{"level":30,"time":1788008096375,"pid":10764,"hostname":"ELTECH","filters":{"page":1,"limit":10},"count":16,"msg":"Users fetched"}
{"level":30,"time":1788008096445,"pid":10764,"hostname":"ELTECH","filters":{"page":1,"limit":10},"count":16,"msg":"Users fetched"}
{"level":30,"time":1788008137674,"pid":10764,"hostname":"ELTECH","filters":{"page":1,"limit":10},"count":16,"msg":"Users fetched"}
{"level":30,"time":1788008151740,"pid":10764,"hostname":"ELTECH","filters":{"page":1,"limit":10},"count":16,"msg":"Users fetched"}
{"level":30,"time":1788008158984,"pid":10764,"hostname":"ELTECH","filters":{"page":1,"limit":10},"count":16,"msg":"Users fetched"}
{"level":30,"time":1788008165114,"pid":10764,"hostname":"ELTECH","filters":{"page":1,"limit":10},"count":16,"msg":"Users fetched"}
{"level":30,"time":1788008181507,"pid":10764,"hostname":"ELTECH","filters":{"page":1,"limit":10},"count":16,"msg":"Users fetched"}
{"level":30,"time":1788008186514,"pid":10764,"hostname":"ELTECH","filters":{"page":1,"limit":10},"count":16,"msg":"Users fetched"}
{"level":30,"time":1788008195418,"pid":10764,"hostname":"ELTECH","filters":{"page":1,"limit":10},"count":16,"msg":"Users fetched"}
{"level":30,"time":1788008195456,"pid":10764,"hostname":"ELTECH","filters":{"page":1,"limit":10},"count":16,"msg":"Users fetched"}
{"level":30,"time":1788008202601,"pid":10764,"hostname":"ELTECH","filters":{"page":1,"size":5},"count":16,"msg":"Users fetched"}
{"level":30,"time":1788008202691,"pid":10764,"hostname":"ELTECH","filters":{"size":1000},"count":16,"msg":"Users fetched"}
{"level":30,"time":1788008211871,"pid":10764,"hostname":"ELTECH","filters":{"page":1,"limit":10},"count":16,"msg":"Users fetched"}
{"level":30,"time":1788008213944,"pid":10764,"hostname":"ELTECH","filters":{"page":1,"limit":10},"count":16,"msg":"Users fetched"}
{"level":30,"time":1788008219144,"pid":10764,"hostname":"ELTECH","filters":{"page":1,"limit":10},"count":16,"msg":"Users fetched"}
{"level":30,"time":1788008220055,"pid":10764,"hostname":"ELTECH","filters":{"page":1,"limit":10},"count":16,"msg":"Users fetched"}
{"level":30,"time":1788008225214,"pid":10764,"hostname":"ELTECH","filters":{"page":1,"limit":10},"count":16,"msg":"Users fetched"}
{"level":30,"time":1788008235602,"pid":10764,"hostname":"ELTECH","filters":{"page":1,"limit":10},"count":16,"msg":"Users fetched"}
{"level":30,"time":1788008268907,"pid":10764,"hostname":"ELTECH","filters":{"page":1,"limit":10},"count":16,"msg":"Users fetched"}
{"level":30,"time":1788008277981,"pid":10764,"hostname":"ELTECH","filters":{"page":1,"limit":10},"count":16,"msg":"Users fetched"}
{"level":30,"time":1788008284816,"pid":10764,"hostname":"ELTECH","filters":{"page":1,"limit":10},"count":16,"msg":"Users fetched"}
{"level":30,"time":1788008294253,"pid":10764,"hostname":"ELTECH","filters":{"page":1,"limit":10},"count":16,"msg":"Users fetched"}
{"level":30,"time":1788008300703,"pid":10764,"hostname":"ELTECH","filters":{"page":1,"limit":10},"count":16,"msg":"Users fetched"}
{"level":30,"time":1788008311227,"pid":10764,"hostname":"ELTECH","filters":{"page":1,"limit":10},"count":16,"msg":"Users fetched"}
{"level":30,"time":1788008312864,"pid":10764,"hostname":"ELTECH","filters":{"page":1,"limit":10},"count":16,"msg":"Users fetched"}
{"level":30,"time":1788008317720,"pid":10764,"hostname":"ELTECH","filters":{"page":1,"limit":10},"count":16,"msg":"Users fetched"}
{"level":30,"time":1788008319702,"pid":10764,"hostname":"ELTECH","filters":{"page":1,"limit":10},"count":16,"msg":"Users fetched"}
{"level":30,"time":1788008331182,"pid":10764,"hostname":"ELTECH","filters":{"page":1,"limit":10},"count":16,"msg":"Users fetched"}
{"level":30,"time":1788008340433,"pid":10764,"hostname":"ELTECH","filters":{"page":1,"limit":10},"count":16,"msg":"Users fetched"}
{"level":30,"time":1788008343851,"pid":10764,"hostname":"ELTECH","filters":{"page":1,"limit":10},"count":16,"msg":"Users fetched"}
{"level":30,"time":1788008352740,"pid":10764,"hostname":"ELTECH","filters":{"page":1,"limit":10},"count":16,"msg":"Users fetched"}
{"level":30,"time":1788008358024,"pid":10764,"hostname":"ELTECH","filters":{"page":1,"limit":10},"count":16,"msg":"Users fetched"}
{"level":30,"time":1788008361807,"pid":10764,"hostname":"ELTECH","filters":{"page":1,"limit":10},"count":16,"msg":"Users fetched"}
{"level":30,"time":1788008392814,"pid":10764,"hostname":"ELTECH","filters":{"page":1,"limit":10},"count":16,"msg":"Users fetched"}
{"level":30,"time":1788008441347,"pid":10764,"hostname":"ELTECH","filters":{"page":1,"limit":10},"count":16,"msg":"Users fetched"}
{"level":30,"time":1788008445115,"pid":10764,"hostname":"ELTECH","filters":{"page":1,"limit":10},"count":16,"msg":"Users fetched"}
{"level":30,"time":1788008446170,"pid":10764,"hostname":"ELTECH","filters":{"page":1,"limit":10},"count":16,"msg":"Users fetched"}
{"level":30,"time":1788008456239,"pid":10764,"hostname":"ELTECH","filters":{"page":1,"limit":10},"count":16,"msg":"Users fetched"}
{"level":30,"time":1788008457825,"pid":10764,"hostname":"ELTECH","filters":{"page":1,"limit":10},"count":16,"msg":"Users fetched"}
{"level":30,"time":1788008459103,"pid":10764,"hostname":"ELTECH","filters":{"page":1,"limit":10},"count":16,"msg":"Users fetched"}
{"level":30,"time":1788008460108,"pid":10764,"hostname":"ELTECH","filters":{"page":1,"limit":10},"count":16,"msg":"Users fetched"}
{"level":30,"time":1788008462313,"pid":10764,"hostname":"ELTECH","filters":{"page":1,"limit":10},"count":16,"msg":"Users fetched"}
{"level":30,"time":1788008464241,"pid":10764,"hostname":"ELTECH","filters":{"page":1,"limit":10},"count":16,"msg":"Users fetched"}
{"level":30,"time":1788008467329,"pid":10764,"hostname":"ELTECH","filters":{"page":1,"limit":10},"count":16,"msg":"Users fetched"}
{"level":30,"time":1788008470997,"pid":10764,"hostname":"ELTECH","filters":{"page":1,"limit":10},"count":16,"msg":"Users fetched"}
{"level":30,"time":1788008474215,"pid":10764,"hostname":"ELTECH","filters":{"page":1,"limit":10},"count":16,"msg":"Users fetched"}
{"level":30,"time":1788008505097,"pid":10764,"hostname":"ELTECH","filters":{"page":1,"limit":10},"count":16,"msg":"Users fetched"}
{"level":30,"time":1788008506483,"pid":10764,"hostname":"ELTECH","filters":{"page":1,"limit":10},"count":16,"msg":"Users fetched"}
{"level":30,"time":1788008510407,"pid":10764,"hostname":"ELTECH","filters":{"page":1,"limit":10},"count":16,"msg":"Users fetched"}
{"level":30,"time":1788008515230,"pid":10764,"hostname":"ELTECH","filters":{"page":1,"limit":10},"count":16,"msg":"Users fetched"}
{"level":30,"time":1788008591076,"pid":10764,"hostname":"ELTECH","filters":{"page":1,"limit":10},"count":16,"msg":"Users fetched"}
{"level":30,"time":1788008591123,"pid":10764,"hostname":"ELTECH","filters":{"page":1,"limit":10},"count":16,"msg":"Users fetched"}
{"level":30,"time":1788008595907,"pid":10764,"hostname":"ELTECH","filters":{"page":1,"size":5},"count":16,"msg":"Users fetched"}
{"level":30,"time":1788008596098,"pid":10764,"hostname":"ELTECH","filters":{"size":1000},"count":16,"msg":"Users fetched"}
{"level":30,"time":1788008610637,"pid":10764,"hostname":"ELTECH","filters":{"page":1,"limit":10},"count":16,"msg":"Users fetched"}
{"level":30,"time":1788008615720,"pid":10764,"hostname":"ELTECH","filters":{"page":1,"size":5},"count":16,"msg":"Users fetched"}
{"level":30,"time":1788008616254,"pid":10764,"hostname":"ELTECH","filters":{"size":1000},"count":16,"msg":"Users fetched"}
{"level":30,"time":1788008658167,"pid":10764,"hostname":"ELTECH","id":16,"msg":"User fetched"}
{"level":30,"time":1788008664423,"pid":10764,"hostname":"ELTECH","url":"http://localhost:8081/api/v1/addresses?page=1&size=5&userId=16","filters":{"current":1,"limit":5,"userId":16},"count":0,"msg":"User addresses fetched"}
{"level":30,"time":1788008664513,"pid":10764,"hostname":"ELTECH","filters":{"page":1,"limit":10},"count":16,"msg":"Users fetched"}
{"level":30,"time":1788008692336,"pid":10764,"hostname":"ELTECH","filters":{"page":1,"limit":10},"count":16,"msg":"Users fetched"}
{"level":30,"time":1788008694839,"pid":10764,"hostname":"ELTECH","filters":{"page":1,"size":5},"count":16,"msg":"Users fetched"}
{"level":30,"time":1788008694942,"pid":10764,"hostname":"ELTECH","filters":{"size":1000},"count":16,"msg":"Users fetched"}
{"level":30,"time":1788008699114,"pid":10764,"hostname":"ELTECH","id":16,"msg":"User fetched"}
{"level":30,"time":1788008700411,"pid":10764,"hostname":"ELTECH","url":"http://localhost:8081/api/v1/addresses?page=1&size=5&userId=16","filters":{"current":1,"limit":5,"userId":16},"count":0,"msg":"User addresses fetched"}
{"level":30,"time":1788008703090,"pid":10764,"hostname":"ELTECH","filters":{"page":1,"limit":10},"count":16,"msg":"Users fetched"}
{"level":30,"time":1788008761748,"pid":10764,"hostname":"ELTECH","id":15,"msg":"User fetched"}
{"level":30,"time":1788008765671,"pid":10764,"hostname":"ELTECH","id":13,"msg":"User fetched"}
{"level":30,"time":1788008769437,"pid":10764,"hostname":"ELTECH","url":"http://localhost:8081/api/v1/addresses?page=1&size=5&userId=13","filters":{"current":1,"limit":5,"userId":13},"count":1,"msg":"User addresses fetched"}
{"level":30,"time":1788008770074,"pid":10764,"hostname":"ELTECH","filters":{"page":1,"limit":10},"count":16,"msg":"Users fetched"}
{"level":30,"time":1788008771951,"pid":10764,"hostname":"ELTECH","filters":{"page":1,"limit":10},"count":16,"msg":"Users fetched"}
{"level":30,"time":1788008779945,"pid":10764,"hostname":"ELTECH","addressId":19,"msg":"Address fetched"}
{"level":30,"time":1788008780046,"pid":10764,"hostname":"ELTECH","filters":{"page":1,"limit":10},"count":16,"msg":"Users fetched"}
{"level":50,"time":1788008786226,"pid":10764,"hostname":"ELTECH","error":"Request failed with status code 500","detail":"An unexpected error occurred","instance":"/api/v1/addresses/19","status":500,"title":"Internal server error","errorCode":"INTERNAL_ERROR","msg":"API error"}
{"level":50,"time":1788008786243,"pid":10764,"hostname":"ELTECH","err":{"code":"ERR_BAD_RESPONSE","config":{"adapter":["xhr","http","fetch"],"allowAbsoluteUrls":true,"baseURL":"","data":"{\"street\":\"5-1 Chome Marunouchi\",\"postalCode\":\"100-0005\",\"city\":\"Tokyo\",\"country\":\"Japan\",\"defaultAddress\":true}","env":{},"headers":{"Accept":"application/json","Accept-Encoding":"gzip, compress, deflate, br","Content-Length":"112","Content-Type":"application/json; charset=utf-8","User-Agent":"axios/1.17.0"},"maxBodyLength":-1,"maxContentLength":-1,"method":"patch","timeout":60000,"transformRequest":[null],"transformResponse":[null],"transitional":{"advertiseZstdAcceptEncoding":false,"clarifyTimeoutError":false,"forcedJSONParsing":true,"legacyInterceptorReqResOrdering":true,"silentJSONParsing":true},"url":"http://localhost:8081/api/v1/addresses/19","xsrfCookieName":"XSRF-TOKEN","xsrfHeaderName":"X-XSRF-TOKEN"},"isAxiosError":true,"message":"Request failed with status code 500","name":"AxiosError","request":{"_closed":false,"_contentLength":"112","_defaultKeepAlive":true,"_ended":true,"_events":{},"_eventsCount":7,"_hasBody":true,"_header":"PATCH /api/v1/addresses/19 HTTP/1.1\r\nAccept: application/json\r\nContent-Type: application/json; charset=utf-8\r\nUser-Agent: axios/1.17.0\r\nContent-Length: 112\r\nAccept-Encoding: gzip, compress, deflate, br\r\nHost: localhost:8081\r\nConnection: keep-alive\r\n\r\n","_headerSent":true,"_keepAliveTimeout":0,"_last":false,"_redirectable":{"_currentRequest":"[Circular]","_currentUrl":"http://localhost:8081/api/v1/addresses/19","_ended":true,"_ending":true,"_events":{"socket":[null,null]},"_eventsCount":4,"_headerFilter":{},"_options":{"agents":{},"beforeRedirects":{},"headers":{"Accept":"application/json","Accept-Encoding":"gzip, compress, deflate, br","Content-Length":"112","Content-Type":"application/json; charset=utf-8","User-Agent":"axios/1.17.0"},"hostname":"localhost","insecureHTTPParser":false,"maxBodyLength":null,"maxRedirects":21,"method":"PATCH","nativeProtocols":{"http:":"[Object]","https:":"[Object]"},"path":"/api/v1/addresses/19","pathname":"/api/v1/addresses/19","port":"8081","protocol":"http:","sensitiveHeaders":[]},"_redirectCount":0,"_redirects":[],"_requestBodyBuffers":[],"_requestBodyLength":112,"_timeout":null,"_writableState":{"bufferedIndex":0,"corked":0,"highWaterMark":16384,"length":0,"pendingcb":0,"writelen":0}},"_removedConnection":false,"_removedContLen":false,"_removedTE":false,"_trailer":"","aborted":false,"agent":{"_events":{},"_eventsCount":2,"defaultPort":80,"freeSockets":{},"keepAlive":true,"keepAliveMsecs":1000,"maxFreeSockets":256,"maxSockets":null,"maxTotalSockets":null,"options":{"keepAlive":true,"noDelay":true,"path":null,"scheduling":"lifo","timeout":5000},"protocol":"http:","requests":{},"scheduling":"lifo","sockets":{"localhost:8081:":["[Object]"]},"totalSocketCount":1},"chunkedEncoding":false,"destroyed":false,"finished":true,"host":"localhost","insecureHTTPParser":false,"maxHeadersCount":null,"maxRequestsOnConnectionReached":false,"method":"PATCH","outputData":[],"outputSize":0,"parser":null,"path":"/api/v1/addresses/19","protocol":"http:","res":{"_consuming":false,"_dumped":false,"_events":{"end":[null,null]},"_eventsCount":4,"_readableState":{"awaitDrainWriters":null,"buffer":[],"bufferIndex":0,"highWaterMark":16384,"length":0,"pipes":[]},"aborted":false,"client":{"_closeAfterHandlingError":false,"_events":{"close":"[Array]","error":"[Array]","timeout":"[Array]"},"_eventsCount":7,"_hadError":false,"_host":"localhost","_httpMessage":"[Circular]","_parent":null,"_pendingData":null,"_pendingEncoding":"","_readableState":{"awaitDrainWriters":null,"buffer":[],"bufferIndex":0,"highWaterMark":16384,"length":0,"pipes":[]},"_server":null,"_sockname":null,"_writableState":{"bufferedIndex":0,"corked":0,"highWaterMark":16384,"length":0,"pendingcb":1,"writelen":0},"allowHalfOpen":false,"autoSelectFamilyAttemptedAddresses":["::1:8081"],"connecting":false,"parser":null,"server":null,"timeout":60000},"complete":true,"httpVersion":"1.1","httpVersionMajor":1,"httpVersionMinor":1,"method":null,"rawHeaders":["X-Content-Type-Options","nosniff","X-XSS-Protection","0","Cache-Control","no-cache, no-store, max-age=0, must-revalidate","Pragma","no-cache","Expires","0","X-Frame-Options","DENY","Content-Type","application/problem+json","Transfer-Encoding","chunked","Date","Sat, 29 Aug 2026 13:06:25 GMT","Connection","close"],"rawTrailers":[],"redirects":[],"req":"[Circular]","responseUrl":"http://localhost:8081/api/v1/addresses/19","socket":{"_closeAfterHandlingError":false,"_events":{"close":"[Array]","error":"[Array]","timeout":"[Array]"},"_eventsCount":7,"_hadError":false,"_host":"localhost","_httpMessage":"[Circular]","_parent":null,"_pendingData":null,"_pendingEncoding":"","_readableState":{"awaitDrainWriters":null,"buffer":[],"bufferIndex":0,"highWaterMark":16384,"length":0,"pipes":[]},"_server":null,"_sockname":null,"_writableState":{"bufferedIndex":0,"corked":0,"highWaterMark":16384,"length":0,"pendingcb":1,"writelen":0},"allowHalfOpen":false,"autoSelectFamilyAttemptedAddresses":["::1:8081"],"connecting":false,"parser":null,"server":null,"timeout":60000},"statusCode":500,"statusMessage":"","upgrade":false,"url":""},"reusedSocket":true,"sendDate":false,"shouldKeepAlive":false,"strictContentLength":false,"upgradeOrConnect":false,"useChunkedEncodingByDefault":true,"writable":true},"response":{"config":{"adapter":["xhr","http","fetch"],"allowAbsoluteUrls":true,"baseURL":"","data":"{\"street\":\"5-1 Chome Marunouchi\",\"postalCode\":\"100-0005\",\"city\":\"Tokyo\",\"country\":\"Japan\",\"defaultAddress\":true}","env":{},"headers":{"Accept":"application/json","Accept-Encoding":"gzip, compress, deflate, br","Content-Length":"112","Content-Type":"application/json; charset=utf-8","User-Agent":"axios/1.17.0"},"maxBodyLength":-1,"maxContentLength":-1,"method":"patch","timeout":60000,"transformRequest":[null],"transformResponse":[null],"transitional":{"advertiseZstdAcceptEncoding":false,"clarifyTimeoutError":false,"forcedJSONParsing":true,"legacyInterceptorReqResOrdering":true,"silentJSONParsing":true},"url":"http://localhost:8081/api/v1/addresses/19","xsrfCookieName":"XSRF-TOKEN","xsrfHeaderName":"X-XSRF-TOKEN"},"data":{"detail":"An unexpected error occurred","errorCode":"INTERNAL_ERROR","instance":"/api/v1/addresses/19","status":500,"title":"Internal server error"},"headers":{"cache-control":"no-cache, no-store, max-age=0, must-revalidate","connection":"close","content-type":"application/problem+json","date":"Sat, 29 Aug 2026 13:06:25 GMT","expires":"0","pragma":"no-cache","transfer-encoding":"chunked","x-content-type-options":"nosniff","x-frame-options":"DENY","x-xss-protection":"0"},"request":{"_closed":false,"_contentLength":"112","_defaultKeepAlive":true,"_ended":true,"_events":{},"_eventsCount":7,"_hasBody":true,"_header":"PATCH /api/v1/addresses/19 HTTP/1.1\r\nAccept: application/json\r\nContent-Type: application/json; charset=utf-8\r\nUser-Agent: axios/1.17.0\r\nContent-Length: 112\r\nAccept-Encoding: gzip, compress, deflate, br\r\nHost: localhost:8081\r\nConnection: keep-alive\r\n\r\n","_headerSent":true,"_keepAliveTimeout":0,"_last":false,"_redirectable":{"_currentRequest":"[Circular]","_currentUrl":"http://localhost:8081/api/v1/addresses/19","_ended":true,"_ending":true,"_events":{"socket":"[Array]"},"_eventsCount":4,"_headerFilter":{},"_options":{"agents":"[Object]","beforeRedirects":"[Object]","headers":"[Object]","hostname":"localhost","insecureHTTPParser":false,"maxBodyLength":null,"maxRedirects":21,"method":"PATCH","nativeProtocols":"[Object]","path":"/api/v1/addresses/19","pathname":"/api/v1/addresses/19","port":"8081","protocol":"http:","sensitiveHeaders":[]},"_redirectCount":0,"_redirects":[],"_requestBodyBuffers":[],"_requestBodyLength":112,"_timeout":null,"_writableState":{"bufferedIndex":0,"corked":0,"highWaterMark":16384,"length":0,"pendingcb":0,"writelen":0}},"_removedConnection":false,"_removedContLen":false,"_removedTE":false,"_trailer":"","aborted":false,"agent":{"_events":{},"_eventsCount":2,"defaultPort":80,"freeSockets":{},"keepAlive":true,"keepAliveMsecs":1000,"maxFreeSockets":256,"maxSockets":null,"maxTotalSockets":null,"options":{"keepAlive":true,"noDelay":true,"path":null,"scheduling":"lifo","timeout":5000},"protocol":"http:","requests":{},"scheduling":"lifo","sockets":{"localhost:8081:":"[Array]"},"totalSocketCount":1},"chunkedEncoding":false,"destroyed":false,"finished":true,"host":"localhost","insecureHTTPParser":false,"maxHeadersCount":null,"maxRequestsOnConnectionReached":false,"method":"PATCH","outputData":[],"outputSize":0,"parser":null,"path":"/api/v1/addresses/19","protocol":"http:","res":{"_consuming":false,"_dumped":false,"_events":{"end":"[Array]"},"_eventsCount":4,"_readableState":{"awaitDrainWriters":null,"buffer":[],"bufferIndex":0,"highWaterMark":16384,"length":0,"pipes":[]},"aborted":false,"client":{"_closeAfterHandlingError":false,"_events":"[Object]","_eventsCount":7,"_hadError":false,"_host":"localhost","_httpMessage":"[Circular]","_parent":null,"_pendingData":null,"_pendingEncoding":"","_readableState":"[Object]","_server":null,"_sockname":null,"_writableState":"[Object]","allowHalfOpen":false,"autoSelectFamilyAttemptedAddresses":"[Array]","connecting":false,"parser":null,"server":null,"timeout":60000},"complete":true,"httpVersion":"1.1","httpVersionMajor":1,"httpVersionMinor":1,"method":null,"rawHeaders":["X-Content-Type-Options","nosniff","X-XSS-Protection","0","Cache-Control","no-cache, no-store, max-age=0, must-revalidate","Pragma","no-cache","Expires","0","X-Frame-Options","DENY","Content-Type","application/problem+json","Transfer-Encoding","chunked","Date","Sat, 29 Aug 2026 13:06:25 GMT","Connection","close"],"rawTrailers":[],"redirects":[],"req":"[Circular]","responseUrl":"http://localhost:8081/api/v1/addresses/19","socket":{"_closeAfterHandlingError":false,"_events":"[Object]","_eventsCount":7,"_hadError":false,"_host":"localhost","_httpMessage":"[Circular]","_parent":null,"_pendingData":null,"_pendingEncoding":"","_readableState":"[Object]","_server":null,"_sockname":null,"_writableState":"[Object]","allowHalfOpen":false,"autoSelectFamilyAttemptedAddresses":"[Array]","connecting":false,"parser":null,"server":null,"timeout":60000},"statusCode":500,"statusMessage":"","upgrade":false,"url":""},"reusedSocket":true,"sendDate":false,"shouldKeepAlive":false,"strictContentLength":false,"upgradeOrConnect":false,"useChunkedEncodingByDefault":true,"writable":true},"status":500,"statusText":""},"stack":"AxiosError: Request failed with status code 500\n    at settle (webpack-internal:///(action-browser)/./node_modules/axios/lib/core/settle.js:24:12)\n    at IncomingMessage.handleStreamEnd (webpack-internal:///(action-browser)/./node_modules/axios/lib/adapters/http.js:1116:73)\n    at IncomingMessage.emit (node:events:530:35)\n    at endReadableNT (node:internal/streams/readable:1698:12)\n    at process.processTicksAndRejections (node:internal/process/task_queues:90:21)\n    at Axios.request (webpack-internal:///(action-browser)/./node_modules/axios/lib/core/Axios.js:59:41)\n    at process.processTicksAndRejections (node:internal/process/task_queues:105:5)\n    at async updateAddress (webpack-internal:///(action-browser)/./src/lib/addresses/api/services/address.server.ts:113:26)\n    at async updateAddressAction (webpack-internal:///(action-browser)/./src/lib/addresses/api/action.ts:30:20)\n    at async executeActionAndPrepareForRender (D:\\software engineering\\templates\\frontend-template\\tailadmin-dashboard\\node_modules\\next\\dist\\compiled\\next-server\\app-page.runtime.dev.js:64:5248)\n    at async D:\\software engineering\\templates\\frontend-template\\tailadmin-dashboard\\node_modules\\next\\dist\\compiled\\next-server\\app-page.runtime.dev.js:64:1986\n    at async handleAction (D:\\software engineering\\templates\\frontend-template\\tailadmin-dashboard\\node_modules\\next\\dist\\compiled\\next-server\\app-page.runtime.dev.js:62:25687)\n    at async renderToHTMLOrFlightImpl (D:\\software engineering\\templates\\frontend-template\\tailadmin-dashboard\\node_modules\\next\\dist\\compiled\\next-server\\app-page.runtime.dev.js:69:55695)\n    at async doRender (webpack-internal:///(rsc)/./node_modules/next/dist/build/webpack/loaders/next-app-loader/index.js?name=app%2F(website)%2Fdashboard%2F(store)%2Fusers%2Fpage&page=%2F(website)%2Fdashboard%2F(store)%2Fusers%2Fpage&appPaths=%2F(website)%2Fdashboard%2F(store)%2Fusers%2Fpage&allNormalizedAppPaths=&pagePath=private-next-app-dir%2F(website)%2Fdashboard%2F(store)%2Fusers%2Fpage.tsx&appDir=D%3A%5Csoftware%20engineering%5Ctemplates%5Cfrontend-template%5Ctailadmin-dashboard%5Csrc%5Capp&pageExtensions=tsx&pageExtensions=ts&pageExtensions=jsx&pageExtensions=js&rootDir=D%3A%5Csoftware%20engineering%5Ctemplates%5Cfrontend-template%5Ctailadmin-dashboard&isDev=true&tsconfigPath=&basePath=&assetPrefix=&nextConfigOutput=&preferredRegion=&middlewareConfig=e30%3D&isGlobalNotFoundEnabled=!:655:28)\n    at async AppPageRouteModule.handleResponse (D:\\software engineering\\templates\\frontend-template\\tailadmin-dashboard\\node_modules\\next\\dist\\compiled\\next-server\\app-page.runtime.dev.js:71:66354)\n    at async handleResponse (webpack-internal:///(rsc)/./node_modules/next/dist/build/webpack/loaders/next-app-loader/index.js?name=app%2F(website)%2Fdashboard%2F(store)%2Fusers%2Fpage&page=%2F(website)%2Fdashboard%2F(store)%2Fusers%2Fpage&appPaths=%2F(website)%2Fdashboard%2F(store)%2Fusers%2Fpage&allNormalizedAppPaths=&pagePath=private-next-app-dir%2F(website)%2Fdashboard%2F(store)%2Fusers%2Fpage.tsx&appDir=D%3A%5Csoftware%20engineering%5Ctemplates%5Cfrontend-template%5Ctailadmin-dashboard%5Csrc%5Capp&pageExtensions=tsx&pageExtensions=ts&pageExtensions=jsx&pageExtensions=js&rootDir=D%3A%5Csoftware%20engineering%5Ctemplates%5Cfrontend-template%5Ctailadmin-dashboard&isDev=true&tsconfigPath=&basePath=&assetPrefix=&nextConfigOutput=&preferredRegion=&middlewareConfig=e30%3D&isGlobalNotFoundEnabled=!:976:32)\n    at async Module.handler (webpack-internal:///(rsc)/./node_modules/next/dist/build/webpack/loaders/next-app-loader/index.js?name=app%2F(website)%2Fdashboard%2F(store)%2Fusers%2Fpage&page=%2F(website)%2Fdashboard%2F(store)%2Fusers%2Fpage&appPaths=%2F(website)%2Fdashboard%2F(store)%2Fusers%2Fpage&allNormalizedAppPaths=&pagePath=private-next-app-dir%2F(website)%2Fdashboard%2F(store)%2Fusers%2Fpage.tsx&appDir=D%3A%5Csoftware%20engineering%5Ctemplates%5Cfrontend-template%5Ctailadmin-dashboard%5Csrc%5Capp&pageExtensions=tsx&pageExtensions=ts&pageExtensions=jsx&pageExtensions=js&rootDir=D%3A%5Csoftware%20engineering%5Ctemplates%5Cfrontend-template%5Ctailadmin-dashboard&isDev=true&tsconfigPath=&basePath=&assetPrefix=&nextConfigOutput=&preferredRegion=&middlewareConfig=e30%3D&isGlobalNotFoundEnabled=!:1380:20)\n    at async DevServer.renderToResponseWithComponentsImpl (D:\\software engineering\\templates\\frontend-template\\tailadmin-dashboard\\node_modules\\next\\dist\\server\\base-server.js:1462:9)\n    at async DevServer.renderPageComponent (D:\\software engineering\\templates\\frontend-template\\tailadmin-dashboard\\node_modules\\next\\dist\\server\\base-server.js:1514:24)\n    at async DevServer.renderToResponseImpl (D:\\software engineering\\templates\\frontend-template\\tailadmin-dashboard\\node_modules\\next\\dist\\server\\base-server.js:1564:32)\n    at async DevServer.pipeImpl (D:\\software engineering\\templates\\frontend-template\\tailadmin-dashboard\\node_modules\\next\\dist\\server\\base-server.js:1044:25)\n    at async NextNodeServer.handleCatchallRenderRequest (D:\\software engineering\\templates\\frontend-template\\tailadmin-dashboard\\node_modules\\next\\dist\\server\\next-server.js:338:17)\n    at async DevServer.handleRequestImpl (D:\\software engineering\\templates\\frontend-template\\tailadmin-dashboard\\node_modules\\next\\dist\\server\\base-server.js:935:17)\n    at async D:\\software engineering\\templates\\frontend-template\\tailadmin-dashboard\\node_modules\\next\\dist\\server\\dev\\next-dev-server.js:394:20\n    at async Span.traceAsyncFn (D:\\software engineering\\templates\\frontend-template\\tailadmin-dashboard\\node_modules\\next\\dist\\trace\\trace.js:164:20)\n    at async DevServer.handleRequest (D:\\software engineering\\templates\\frontend-template\\tailadmin-dashboard\\node_modules\\next\\dist\\server\\dev\\next-dev-server.js:390:24)\n    at async invokeRender (D:\\software engineering\\templates\\frontend-template\\tailadmin-dashboard\\node_modules\\next\\dist\\server\\lib\\router-server.js:266:21)\n    at async handleRequest (D:\\software engineering\\templates\\frontend-template\\tailadmin-dashboard\\node_modules\\next\\dist\\server\\lib\\router-server.js:465:24)\n    at async requestHandlerImpl (D:\\software engineering\\templates\\frontend-template\\tailadmin-dashboard\\node_modules\\next\\dist\\server\\lib\\router-server.js:514:13)\n    at async Server.requestListener (D:\\software engineering\\templates\\frontend-template\\tailadmin-dashboard\\node_modules\\next\\dist\\server\\lib\\start-server.js:225:13)","status":500,"type":"AxiosError"},"context":"updateAddress","addressId":19,"msg":"API request failed"}
{"level":50,"time":1788008786247,"pid":10764,"hostname":"ELTECH","detail":"An unexpected error occurred","instance":"/api/v1/addresses/19","status":500,"title":"Internal server error","errorCode":"INTERNAL_ERROR","msg":"[Axios Error] [updateAddress]"}
{"level":30,"time":1788008787088,"pid":10764,"hostname":"ELTECH","url":"http://localhost:8081/api/v1/addresses?page=1&size=5&userId=13","filters":{"current":1,"limit":5,"userId":13},"count":1,"msg":"User addresses fetched"}
{"level":30,"time":1788008787937,"pid":10764,"hostname":"ELTECH","addressId":19,"msg":"Address fetched"}
{"level":30,"time":1788008788305,"pid":10764,"hostname":"ELTECH","filters":{"page":1,"limit":10},"count":16,"msg":"Users fetched"}
{"level":30,"time":1788008792505,"pid":10764,"hostname":"ELTECH","filters":{"page":1,"limit":10},"count":16,"msg":"Users fetched"}
{"level":30,"time":1788008925178,"pid":10764,"hostname":"ELTECH","filters":{"page":1,"limit":10},"count":16,"msg":"Users fetched"}
{"level":30,"time":1788008954863,"pid":10764,"hostname":"ELTECH","url":"http://localhost:8081/api/v1/addresses?page=1&size=5&userId=13","filters":{"current":1,"limit":5,"userId":13},"count":1,"msg":"User addresses fetched"}
{"level":30,"time":1788008954915,"pid":10764,"hostname":"ELTECH","filters":{"page":1,"limit":10},"count":16,"msg":"Users fetched"}
{"level":30,"time":1788008962630,"pid":10764,"hostname":"ELTECH","filters":{"page":1,"limit":10},"count":16,"msg":"Users fetched"}
{"level":30,"time":1788008965188,"pid":10764,"hostname":"ELTECH","filters":{"page":1,"limit":10},"count":16,"msg":"Users fetched"}
{"level":30,"time":1788008969202,"pid":10764,"hostname":"ELTECH","filters":{"page":1,"limit":10},"count":16,"msg":"Users fetched"}
{"level":30,"time":1788008976045,"pid":10764,"hostname":"ELTECH","filters":{"page":1,"limit":10},"count":16,"msg":"Users fetched"}
{"level":30,"time":1788008986062,"pid":10764,"hostname":"ELTECH","filters":{"page":1,"limit":10},"count":16,"msg":"Users fetched"}
{"level":30,"time":1788008989691,"pid":10764,"hostname":"ELTECH","filters":{"page":1,"limit":10},"count":16,"msg":"Users fetched"}
{"level":30,"time":1788009019558,"pid":10764,"hostname":"ELTECH","url":"http://localhost:8081/api/v1/addresses?page=1&size=5&userId=13","filters":{"current":1,"limit":5,"userId":13},"count":1,"msg":"User addresses fetched"}
{"level":30,"time":1788009019598,"pid":10764,"hostname":"ELTECH","filters":{"page":1,"limit":10},"count":16,"msg":"Users fetched"}
{"level":30,"time":1788009063867,"pid":10764,"hostname":"ELTECH","filters":{"page":1,"limit":10},"count":16,"msg":"Users fetched"}
{"level":30,"time":1788009072207,"pid":10764,"hostname":"ELTECH","filters":{"page":1,"limit":10},"count":16,"msg":"Users fetched"}
{"level":30,"time":1788009077958,"pid":10764,"hostname":"ELTECH","filters":{"page":1,"limit":10},"count":16,"msg":"Users fetched"}
{"level":30,"time":1788009085078,"pid":10764,"hostname":"ELTECH","url":"http://localhost:8081/api/v1/addresses?page=1&size=5&userId=13","filters":{"current":1,"limit":5,"userId":13},"count":1,"msg":"User addresses fetched"}
{"level":30,"time":1788009085210,"pid":10764,"hostname":"ELTECH","filters":{"page":1,"limit":10},"count":16,"msg":"Users fetched"}
{"level":30,"time":1788009093090,"pid":10764,"hostname":"ELTECH","filters":{"page":1,"limit":10},"count":16,"msg":"Users fetched"}
{"level":30,"time":1788009095602,"pid":10764,"hostname":"ELTECH","filters":{"page":1,"limit":10},"count":16,"msg":"Users fetched"}
{"level":30,"time":1788009104326,"pid":10764,"hostname":"ELTECH","filters":{"page":1,"limit":10},"count":16,"msg":"Users fetched"}
{"level":30,"time":1788009107710,"pid":10764,"hostname":"ELTECH","filters":{"page":1,"limit":10},"count":16,"msg":"Users fetched"}
{"level":30,"time":1788009117916,"pid":10764,"hostname":"ELTECH","filters":{"page":1,"limit":10},"count":16,"msg":"Users fetched"}
{"level":30,"time":1788009121334,"pid":10764,"hostname":"ELTECH","filters":{"page":1,"limit":10},"count":16,"msg":"Users fetched"}
{"level":30,"time":1788009126514,"pid":10764,"hostname":"ELTECH","filters":{"page":1,"limit":10},"count":16,"msg":"Users fetched"}
{"level":30,"time":1788009129778,"pid":10764,"hostname":"ELTECH","filters":{"page":1,"limit":10},"count":16,"msg":"Users fetched"}
{"level":30,"time":1788009136445,"pid":10764,"hostname":"ELTECH","filters":{"page":1,"limit":10},"count":16,"msg":"Users fetched"}
{"level":30,"time":1788009176294,"pid":10764,"hostname":"ELTECH","url":"http://localhost:8081/api/v1/addresses?page=1&size=5&userId=13","filters":{"current":1,"limit":5,"userId":13},"count":1,"msg":"User addresses fetched"}
{"level":30,"time":1788009176332,"pid":10764,"hostname":"ELTECH","filters":{"page":1,"limit":10},"count":16,"msg":"Users fetched"}
{"level":30,"time":1788009180946,"pid":10764,"hostname":"ELTECH","filters":{"page":1,"limit":10},"count":16,"msg":"Users fetched"}
{"level":30,"time":1788009187603,"pid":10764,"hostname":"ELTECH","filters":{"page":1,"limit":10},"count":16,"msg":"Users fetched"}
{"level":30,"time":1788009193514,"pid":10764,"hostname":"ELTECH","filters":{"page":1,"limit":10},"count":16,"msg":"Users fetched"}
{"level":30,"time":1788009196631,"pid":10764,"hostname":"ELTECH","filters":{"page":1,"limit":10},"count":16,"msg":"Users fetched"}
{"level":30,"time":1788009219303,"pid":10764,"hostname":"ELTECH","filters":{"page":1,"limit":10},"count":16,"msg":"Users fetched"}
{"level":30,"time":1788009221282,"pid":10764,"hostname":"ELTECH","filters":{"page":1,"limit":10},"count":16,"msg":"Users fetched"}
{"level":30,"time":1788009224719,"pid":10764,"hostname":"ELTECH","filters":{"page":1,"limit":10},"count":16,"msg":"Users fetched"}
{"level":30,"time":1788009234382,"pid":10764,"hostname":"ELTECH","filters":{"page":1,"limit":10},"count":16,"msg":"Users fetched"}
{"level":30,"time":1788009252511,"pid":10764,"hostname":"ELTECH","filters":{"page":1,"limit":10},"count":16,"msg":"Users fetched"}
{"level":30,"time":1788009259336,"pid":10764,"hostname":"ELTECH","filters":{"page":1,"limit":10},"count":16,"msg":"Users fetched"}
{"level":50,"time":1788009324847,"pid":10764,"hostname":"ELTECH","error":"Request failed with status code 500","detail":"An unexpected error occurred","instance":"/api/v1/addresses/19","status":500,"title":"Internal server error","errorCode":"INTERNAL_ERROR","msg":"API error"}
{"level":50,"time":1788009324861,"pid":10764,"hostname":"ELTECH","err":{"code":"ERR_BAD_RESPONSE","config":{"adapter":["xhr","http","fetch"],"allowAbsoluteUrls":true,"baseURL":"","data":"{\"street\":\"5-1 Chome Marunouchi\",\"postalCode\":\"100-0005\",\"city\":\"Tokyo\",\"country\":\"Japan\",\"defaultAddress\":true}","env":{},"headers":{"Accept":"application/json","Accept-Encoding":"gzip, compress, deflate, br","Content-Length":"112","Content-Type":"application/json; charset=utf-8","User-Agent":"axios/1.17.0"},"maxBodyLength":-1,"maxContentLength":-1,"method":"patch","timeout":60000,"transformRequest":[null],"transformResponse":[null],"transitional":{"advertiseZstdAcceptEncoding":false,"clarifyTimeoutError":false,"forcedJSONParsing":true,"legacyInterceptorReqResOrdering":true,"silentJSONParsing":true},"url":"http://localhost:8081/api/v1/addresses/19","xsrfCookieName":"XSRF-TOKEN","xsrfHeaderName":"X-XSRF-TOKEN"},"isAxiosError":true,"message":"Request failed with status code 500","name":"AxiosError","request":{"_closed":false,"_contentLength":"112","_defaultKeepAlive":true,"_ended":true,"_events":{},"_eventsCount":7,"_hasBody":true,"_header":"PATCH /api/v1/addresses/19 HTTP/1.1\r\nAccept: application/json\r\nContent-Type: application/json; charset=utf-8\r\nUser-Agent: axios/1.17.0\r\nContent-Length: 112\r\nAccept-Encoding: gzip, compress, deflate, br\r\nHost: localhost:8081\r\nConnection: keep-alive\r\n\r\n","_headerSent":true,"_keepAliveTimeout":0,"_last":false,"_redirectable":{"_currentRequest":"[Circular]","_currentUrl":"http://localhost:8081/api/v1/addresses/19","_ended":true,"_ending":true,"_events":{"socket":[null,null]},"_eventsCount":4,"_headerFilter":{},"_options":{"agents":{},"beforeRedirects":{},"headers":{"Accept":"application/json","Accept-Encoding":"gzip, compress, deflate, br","Content-Length":"112","Content-Type":"application/json; charset=utf-8","User-Agent":"axios/1.17.0"},"hostname":"localhost","insecureHTTPParser":false,"maxBodyLength":null,"maxRedirects":21,"method":"PATCH","nativeProtocols":{"http:":"[Object]","https:":"[Object]"},"path":"/api/v1/addresses/19","pathname":"/api/v1/addresses/19","port":"8081","protocol":"http:","sensitiveHeaders":[]},"_redirectCount":0,"_redirects":[],"_requestBodyBuffers":[],"_requestBodyLength":112,"_timeout":null,"_writableState":{"bufferedIndex":0,"corked":0,"highWaterMark":16384,"length":0,"pendingcb":0,"writelen":0}},"_removedConnection":false,"_removedContLen":false,"_removedTE":false,"_trailer":"","aborted":false,"agent":{"_events":{},"_eventsCount":2,"defaultPort":80,"freeSockets":{},"keepAlive":true,"keepAliveMsecs":1000,"maxFreeSockets":256,"maxSockets":null,"maxTotalSockets":null,"options":{"keepAlive":true,"noDelay":true,"path":null,"scheduling":"lifo","timeout":5000},"protocol":"http:","requests":{},"scheduling":"lifo","sockets":{"localhost:8081:":["[Object]","[Object]","[Object]","[Object]","[Object]","[Object]"]},"totalSocketCount":6},"chunkedEncoding":false,"destroyed":false,"finished":true,"host":"localhost","insecureHTTPParser":false,"maxHeadersCount":null,"maxRequestsOnConnectionReached":false,"method":"PATCH","outputData":[],"outputSize":0,"parser":null,"path":"/api/v1/addresses/19","protocol":"http:","res":{"_consuming":true,"_dumped":false,"_events":{"end":[null,null]},"_eventsCount":4,"_readableState":{"awaitDrainWriters":null,"buffer":[],"bufferIndex":0,"highWaterMark":16384,"length":0,"pipes":[]},"aborted":false,"client":{"_closeAfterHandlingError":false,"_events":{"close":"[Array]","error":"[Array]","timeout":"[Array]"},"_eventsCount":7,"_hadError":false,"_host":"localhost","_httpMessage":"[Circular]","_parent":null,"_pendingData":null,"_pendingEncoding":"","_readableState":{"awaitDrainWriters":null,"buffer":[],"bufferIndex":0,"highWaterMark":16384,"length":0,"pipes":[]},"_server":null,"_sockname":null,"_writableState":{"bufferedIndex":0,"corked":0,"highWaterMark":16384,"length":0,"pendingcb":1,"writelen":0},"allowHalfOpen":false,"autoSelectFamilyAttemptedAddresses":["::1:8081"],"connecting":false,"parser":null,"server":null,"timeout":60000},"complete":true,"httpVersion":"1.1","httpVersionMajor":1,"httpVersionMinor":1,"method":null,"rawHeaders":["X-Content-Type-Options","nosniff","X-XSS-Protection","0","Cache-Control","no-cache, no-store, max-age=0, must-revalidate","Pragma","no-cache","Expires","0","X-Frame-Options","DENY","Content-Type","application/problem+json","Transfer-Encoding","chunked","Date","Sat, 29 Aug 2026 13:15:24 GMT","Connection","close"],"rawTrailers":[],"redirects":[],"req":"[Circular]","responseUrl":"http://localhost:8081/api/v1/addresses/19","socket":{"_closeAfterHandlingError":false,"_events":{"close":"[Array]","error":"[Array]","timeout":"[Array]"},"_eventsCount":7,"_hadError":false,"_host":"localhost","_httpMessage":"[Circular]","_parent":null,"_pendingData":null,"_pendingEncoding":"","_readableState":{"awaitDrainWriters":null,"buffer":[],"bufferIndex":0,"highWaterMark":16384,"length":0,"pipes":[]},"_server":null,"_sockname":null,"_writableState":{"bufferedIndex":0,"corked":0,"highWaterMark":16384,"length":0,"pendingcb":1,"writelen":0},"allowHalfOpen":false,"autoSelectFamilyAttemptedAddresses":["::1:8081"],"connecting":false,"parser":null,"server":null,"timeout":60000},"statusCode":500,"statusMessage":"","upgrade":false,"url":""},"reusedSocket":false,"sendDate":false,"shouldKeepAlive":false,"strictContentLength":false,"upgradeOrConnect":false,"useChunkedEncodingByDefault":true,"writable":true},"response":{"config":{"adapter":["xhr","http","fetch"],"allowAbsoluteUrls":true,"baseURL":"","data":"{\"street\":\"5-1 Chome Marunouchi\",\"postalCode\":\"100-0005\",\"city\":\"Tokyo\",\"country\":\"Japan\",\"defaultAddress\":true}","env":{},"headers":{"Accept":"application/json","Accept-Encoding":"gzip, compress, deflate, br","Content-Length":"112","Content-Type":"application/json; charset=utf-8","User-Agent":"axios/1.17.0"},"maxBodyLength":-1,"maxContentLength":-1,"method":"patch","timeout":60000,"transformRequest":[null],"transformResponse":[null],"transitional":{"advertiseZstdAcceptEncoding":false,"clarifyTimeoutError":false,"forcedJSONParsing":true,"legacyInterceptorReqResOrdering":true,"silentJSONParsing":true},"url":"http://localhost:8081/api/v1/addresses/19","xsrfCookieName":"XSRF-TOKEN","xsrfHeaderName":"X-XSRF-TOKEN"},"data":{"detail":"An unexpected error occurred","errorCode":"INTERNAL_ERROR","instance":"/api/v1/addresses/19","status":500,"title":"Internal server error"},"headers":{"cache-control":"no-cache, no-store, max-age=0, must-revalidate","connection":"close","content-type":"application/problem+json","date":"Sat, 29 Aug 2026 13:15:24 GMT","expires":"0","pragma":"no-cache","transfer-encoding":"chunked","x-content-type-options":"nosniff","x-frame-options":"DENY","x-xss-protection":"0"},"request":{"_closed":false,"_contentLength":"112","_defaultKeepAlive":true,"_ended":true,"_events":{},"_eventsCount":7,"_hasBody":true,"_header":"PATCH /api/v1/addresses/19 HTTP/1.1\r\nAccept: application/json\r\nContent-Type: application/json; charset=utf-8\r\nUser-Agent: axios/1.17.0\r\nContent-Length: 112\r\nAccept-Encoding: gzip, compress, deflate, br\r\nHost: localhost:8081\r\nConnection: keep-alive\r\n\r\n","_headerSent":true,"_keepAliveTimeout":0,"_last":false,"_redirectable":{"_currentRequest":"[Circular]","_currentUrl":"http://localhost:8081/api/v1/addresses/19","_ended":true,"_ending":true,"_events":{"socket":"[Array]"},"_eventsCount":4,"_headerFilter":{},"_options":{"agents":"[Object]","beforeRedirects":"[Object]","headers":"[Object]","hostname":"localhost","insecureHTTPParser":false,"maxBodyLength":null,"maxRedirects":21,"method":"PATCH","nativeProtocols":"[Object]","path":"/api/v1/addresses/19","pathname":"/api/v1/addresses/19","port":"8081","protocol":"http:","sensitiveHeaders":[]},"_redirectCount":0,"_redirects":[],"_requestBodyBuffers":[],"_requestBodyLength":112,"_timeout":null,"_writableState":{"bufferedIndex":0,"corked":0,"highWaterMark":16384,"length":0,"pendingcb":0,"writelen":0}},"_removedConnection":false,"_removedContLen":false,"_removedTE":false,"_trailer":"","aborted":false,"agent":{"_events":{},"_eventsCount":2,"defaultPort":80,"freeSockets":{},"keepAlive":true,"keepAliveMsecs":1000,"maxFreeSockets":256,"maxSockets":null,"maxTotalSockets":null,"options":{"keepAlive":true,"noDelay":true,"path":null,"scheduling":"lifo","timeout":5000},"protocol":"http:","requests":{},"scheduling":"lifo","sockets":{"localhost:8081:":"[Array]"},"totalSocketCount":6},"chunkedEncoding":false,"destroyed":false,"finished":true,"host":"localhost","insecureHTTPParser":false,"maxHeadersCount":null,"maxRequestsOnConnectionReached":false,"method":"PATCH","outputData":[],"outputSize":0,"parser":null,"path":"/api/v1/addresses/19","protocol":"http:","res":{"_consuming":true,"_dumped":false,"_events":{"end":"[Array]"},"_eventsCount":4,"_readableState":{"awaitDrainWriters":null,"buffer":[],"bufferIndex":0,"highWaterMark":16384,"length":0,"pipes":[]},"aborted":false,"client":{"_closeAfterHandlingError":false,"_events":"[Object]","_eventsCount":7,"_hadError":false,"_host":"localhost","_httpMessage":"[Circular]","_parent":null,"_pendingData":null,"_pendingEncoding":"","_readableState":"[Object]","_server":null,"_sockname":null,"_writableState":"[Object]","allowHalfOpen":false,"autoSelectFamilyAttemptedAddresses":"[Array]","connecting":false,"parser":null,"server":null,"timeout":60000},"complete":true,"httpVersion":"1.1","httpVersionMajor":1,"httpVersionMinor":1,"method":null,"rawHeaders":["X-Content-Type-Options","nosniff","X-XSS-Protection","0","Cache-Control","no-cache, no-store, max-age=0, must-revalidate","Pragma","no-cache","Expires","0","X-Frame-Options","DENY","Content-Type","application/problem+json","Transfer-Encoding","chunked","Date","Sat, 29 Aug 2026 13:15:24 GMT","Connection","close"],"rawTrailers":[],"redirects":[],"req":"[Circular]","responseUrl":"http://localhost:8081/api/v1/addresses/19","socket":{"_closeAfterHandlingError":false,"_events":"[Object]","_eventsCount":7,"_hadError":false,"_host":"localhost","_httpMessage":"[Circular]","_parent":null,"_pendingData":null,"_pendingEncoding":"","_readableState":"[Object]","_server":null,"_sockname":null,"_writableState":"[Object]","allowHalfOpen":false,"autoSelectFamilyAttemptedAddresses":"[Array]","connecting":false,"parser":null,"server":null,"timeout":60000},"statusCode":500,"statusMessage":"","upgrade":false,"url":""},"reusedSocket":false,"sendDate":false,"shouldKeepAlive":false,"strictContentLength":false,"upgradeOrConnect":false,"useChunkedEncodingByDefault":true,"writable":true},"status":500,"statusText":""},"stack":"AxiosError: Request failed with status code 500\n    at settle (webpack-internal:///(action-browser)/./node_modules/axios/lib/core/settle.js:24:12)\n    at IncomingMessage.handleStreamEnd (webpack-internal:///(action-browser)/./node_modules/axios/lib/adapters/http.js:1116:73)\n    at IncomingMessage.emit (node:events:530:35)\n    at endReadableNT (node:internal/streams/readable:1698:12)\n    at process.processTicksAndRejections (node:internal/process/task_queues:90:21)\n    at Axios.request (webpack-internal:///(action-browser)/./node_modules/axios/lib/core/Axios.js:59:41)\n    at process.processTicksAndRejections (node:internal/process/task_queues:105:5)\n    at async updateAddress (webpack-internal:///(action-browser)/./src/lib/addresses/api/services/address.server.ts:113:26)\n    at async updateAddressAction (webpack-internal:///(action-browser)/./src/lib/addresses/api/action.ts:26:20)\n    at async executeActionAndPrepareForRender (D:\\software engineering\\templates\\frontend-template\\tailadmin-dashboard\\node_modules\\next\\dist\\compiled\\next-server\\app-page.runtime.dev.js:64:5248)\n    at async D:\\software engineering\\templates\\frontend-template\\tailadmin-dashboard\\node_modules\\next\\dist\\compiled\\next-server\\app-page.runtime.dev.js:64:1986\n    at async handleAction (D:\\software engineering\\templates\\frontend-template\\tailadmin-dashboard\\node_modules\\next\\dist\\compiled\\next-server\\app-page.runtime.dev.js:62:25687)\n    at async renderToHTMLOrFlightImpl (D:\\software engineering\\templates\\frontend-template\\tailadmin-dashboard\\node_modules\\next\\dist\\compiled\\next-server\\app-page.runtime.dev.js:69:55695)\n    at async doRender (webpack-internal:///(rsc)/./node_modules/next/dist/build/webpack/loaders/next-app-loader/index.js?name=app%2F(website)%2Fdashboard%2F(store)%2Fusers%2Fpage&page=%2F(website)%2Fdashboard%2F(store)%2Fusers%2Fpage&appPaths=%2F(website)%2Fdashboard%2F(store)%2Fusers%2Fpage&allNormalizedAppPaths=&pagePath=private-next-app-dir%2F(website)%2Fdashboard%2F(store)%2Fusers%2Fpage.tsx&appDir=D%3A%5Csoftware%20engineering%5Ctemplates%5Cfrontend-template%5Ctailadmin-dashboard%5Csrc%5Capp&pageExtensions=tsx&pageExtensions=ts&pageExtensions=jsx&pageExtensions=js&rootDir=D%3A%5Csoftware%20engineering%5Ctemplates%5Cfrontend-template%5Ctailadmin-dashboard&isDev=true&tsconfigPath=&basePath=&assetPrefix=&nextConfigOutput=&preferredRegion=&middlewareConfig=e30%3D&isGlobalNotFoundEnabled=!:655:28)\n    at async AppPageRouteModule.handleResponse (D:\\software engineering\\templates\\frontend-template\\tailadmin-dashboard\\node_modules\\next\\dist\\compiled\\next-server\\app-page.runtime.dev.js:71:66354)\n    at async handleResponse (webpack-internal:///(rsc)/./node_modules/next/dist/build/webpack/loaders/next-app-loader/index.js?name=app%2F(website)%2Fdashboard%2F(store)%2Fusers%2Fpage&page=%2F(website)%2Fdashboard%2F(store)%2Fusers%2Fpage&appPaths=%2F(website)%2Fdashboard%2F(store)%2Fusers%2Fpage&allNormalizedAppPaths=&pagePath=private-next-app-dir%2F(website)%2Fdashboard%2F(store)%2Fusers%2Fpage.tsx&appDir=D%3A%5Csoftware%20engineering%5Ctemplates%5Cfrontend-template%5Ctailadmin-dashboard%5Csrc%5Capp&pageExtensions=tsx&pageExtensions=ts&pageExtensions=jsx&pageExtensions=js&rootDir=D%3A%5Csoftware%20engineering%5Ctemplates%5Cfrontend-template%5Ctailadmin-dashboard&isDev=true&tsconfigPath=&basePath=&assetPrefix=&nextConfigOutput=&preferredRegion=&middlewareConfig=e30%3D&isGlobalNotFoundEnabled=!:976:32)\n    at async Module.handler (webpack-internal:///(rsc)/./node_modules/next/dist/build/webpack/loaders/next-app-loader/index.js?name=app%2F(website)%2Fdashboard%2F(store)%2Fusers%2Fpage&page=%2F(website)%2Fdashboard%2F(store)%2Fusers%2Fpage&appPaths=%2F(website)%2Fdashboard%2F(store)%2Fusers%2Fpage&allNormalizedAppPaths=&pagePath=private-next-app-dir%2F(website)%2Fdashboard%2F(store)%2Fusers%2Fpage.tsx&appDir=D%3A%5Csoftware%20engineering%5Ctemplates%5Cfrontend-template%5Ctailadmin-dashboard%5Csrc%5Capp&pageExtensions=tsx&pageExtensions=ts&pageExtensions=jsx&pageExtensions=js&rootDir=D%3A%5Csoftware%20engineering%5Ctemplates%5Cfrontend-template%5Ctailadmin-dashboard&isDev=true&tsconfigPath=&basePath=&assetPrefix=&nextConfigOutput=&preferredRegion=&middlewareConfig=e30%3D&isGlobalNotFoundEnabled=!:1380:20)\n    at async DevServer.renderToResponseWithComponentsImpl (D:\\software engineering\\templates\\frontend-template\\tailadmin-dashboard\\node_modules\\next\\dist\\server\\base-server.js:1462:9)\n    at async DevServer.renderPageComponent (D:\\software engineering\\templates\\frontend-template\\tailadmin-dashboard\\node_modules\\next\\dist\\server\\base-server.js:1514:24)\n    at async DevServer.renderToResponseImpl (D:\\software engineering\\templates\\frontend-template\\tailadmin-dashboard\\node_modules\\next\\dist\\server\\base-server.js:1564:32)\n    at async DevServer.pipeImpl (D:\\software engineering\\templates\\frontend-template\\tailadmin-dashboard\\node_modules\\next\\dist\\server\\base-server.js:1044:25)\n    at async NextNodeServer.handleCatchallRenderRequest (D:\\software engineering\\templates\\frontend-template\\tailadmin-dashboard\\node_modules\\next\\dist\\server\\next-server.js:338:17)\n    at async DevServer.handleRequestImpl (D:\\software engineering\\templates\\frontend-template\\tailadmin-dashboard\\node_modules\\next\\dist\\server\\base-server.js:935:17)\n    at async D:\\software engineering\\templates\\frontend-template\\tailadmin-dashboard\\node_modules\\next\\dist\\server\\dev\\next-dev-server.js:394:20\n    at async Span.traceAsyncFn (D:\\software engineering\\templates\\frontend-template\\tailadmin-dashboard\\node_modules\\next\\dist\\trace\\trace.js:164:20)\n    at async DevServer.handleRequest (D:\\software engineering\\templates\\frontend-template\\tailadmin-dashboard\\node_modules\\next\\dist\\server\\dev\\next-dev-server.js:390:24)\n    at async invokeRender (D:\\software engineering\\templates\\frontend-template\\tailadmin-dashboard\\node_modules\\next\\dist\\server\\lib\\router-server.js:266:21)\n    at async handleRequest (D:\\software engineering\\templates\\frontend-template\\tailadmin-dashboard\\node_modules\\next\\dist\\server\\lib\\router-server.js:465:24)\n    at async requestHandlerImpl (D:\\software engineering\\templates\\frontend-template\\tailadmin-dashboard\\node_modules\\next\\dist\\server\\lib\\router-server.js:514:13)\n    at async Server.requestListener (D:\\software engineering\\templates\\frontend-template\\tailadmin-dashboard\\node_modules\\next\\dist\\server\\lib\\start-server.js:225:13)","status":500,"type":"AxiosError"},"context":"updateAddress","addressId":19,"msg":"API request failed"}
{"level":50,"time":1788009324869,"pid":10764,"hostname":"ELTECH","detail":"An unexpected error occurred","instance":"/api/v1/addresses/19","status":500,"title":"Internal server error","errorCode":"INTERNAL_ERROR","msg":"[Axios Error] [updateAddress]"}
{"level":30,"time":1788009324996,"pid":10764,"hostname":"ELTECH","id":13,"msg":"User fetched"}
{"level":30,"time":1788009325039,"pid":10764,"hostname":"ELTECH","addressId":19,"msg":"Address fetched"}
{"level":30,"time":1788009325114,"pid":10764,"hostname":"ELTECH","url":"http://localhost:8081/api/v1/addresses?page=1&size=5&userId=13","filters":{"current":1,"limit":5,"userId":13},"count":1,"msg":"User addresses fetched"}
{"level":30,"time":1788009325179,"pid":10764,"hostname":"ELTECH","filters":{"size":1000},"count":16,"msg":"Users fetched"}
{"level":30,"time":1788009325245,"pid":10764,"hostname":"ELTECH","filters":{"page":1,"size":5},"count":16,"msg":"Users fetched"}
{"level":30,"time":1788009325574,"pid":10764,"hostname":"ELTECH","url":"http://localhost:8081/api/v1/addresses?page=1&size=5&userId=13","filters":{"current":1,"limit":5,"userId":13},"count":1,"msg":"User addresses fetched"}
{"level":30,"time":1788009325603,"pid":10764,"hostname":"ELTECH","addressId":19,"msg":"Address fetched"}
{"level":30,"time":1788009385974,"pid":10764,"hostname":"ELTECH","url":"http://localhost:8081/api/v1/addresses?page=1&size=5&userId=13","filters":{"current":1,"limit":5,"userId":13},"count":1,"msg":"User addresses fetched"}
{"level":30,"time":1788009385988,"pid":10764,"hostname":"ELTECH","filters":{"size":1000},"count":16,"msg":"Users fetched"}
{"level":30,"time":1788009385993,"pid":10764,"hostname":"ELTECH","filters":{"page":1,"size":5},"count":16,"msg":"Users fetched"}
{"level":30,"time":1788009386039,"pid":10764,"hostname":"ELTECH","addressId":19,"msg":"Address fetched"}
{"level":30,"time":1788009386056,"pid":10764,"hostname":"ELTECH","id":13,"msg":"User fetched"}
{"level":30,"time":1788009391928,"pid":10764,"hostname":"ELTECH","filters":{"page":1,"limit":10},"count":16,"msg":"Users fetched"}
{"level":30,"time":1788009395928,"pid":10764,"hostname":"ELTECH","filters":{"page":1,"size":5},"count":16,"msg":"Users fetched"}
{"level":30,"time":1788009396078,"pid":10764,"hostname":"ELTECH","filters":{"size":1000},"count":16,"msg":"Users fetched"}
{"level":30,"time":1788009406384,"pid":10764,"hostname":"ELTECH","id":16,"msg":"User fetched"}
{"level":30,"time":1788009407593,"pid":10764,"hostname":"ELTECH","url":"http://localhost:8081/api/v1/addresses?page=1&size=5&userId=16","filters":{"current":1,"limit":5,"userId":16},"count":0,"msg":"User addresses fetched"}
{"level":30,"time":1788009410696,"pid":10764,"hostname":"ELTECH","filters":{"page":1,"limit":10},"count":16,"msg":"Users fetched"}
{"level":30,"time":1788009461767,"pid":10764,"hostname":"ELTECH","id":15,"msg":"User fetched"}
{"level":30,"time":1788009464986,"pid":10764,"hostname":"ELTECH","filters":{"page":1,"limit":10},"count":16,"msg":"Users fetched"}
{"level":30,"time":1788009465893,"pid":10764,"hostname":"ELTECH","filters":{"page":1,"limit":10},"count":16,"msg":"Users fetched"}
{"level":30,"time":1788009472857,"pid":10764,"hostname":"ELTECH","id":13,"msg":"User fetched"}
{"level":30,"time":1788009474156,"pid":10764,"hostname":"ELTECH","url":"http://localhost:8081/api/v1/addresses?page=1&size=5&userId=13","filters":{"current":1,"limit":5,"userId":13},"count":1,"msg":"User addresses fetched"}
{"level":30,"time":1788009475954,"pid":10764,"hostname":"ELTECH","addressId":19,"msg":"Address fetched"}
{"level":50,"time":1788009478027,"pid":10764,"hostname":"ELTECH","error":"Request failed with status code 500","detail":"An unexpected error occurred","instance":"/api/v1/addresses/19","status":500,"title":"Internal server error","errorCode":"INTERNAL_ERROR","msg":"API error"}
{"level":50,"time":1788009478042,"pid":10764,"hostname":"ELTECH","err":{"code":"ERR_BAD_RESPONSE","config":{"adapter":["xhr","http","fetch"],"allowAbsoluteUrls":true,"baseURL":"","data":"{\"street\":\"5-1 Chome Marunouchi\",\"postalCode\":\"100-0005\",\"city\":\"Tokyo\",\"country\":\"Japan\",\"defaultAddress\":true}","env":{},"headers":{"Accept":"application/json","Accept-Encoding":"gzip, compress, deflate, br","Content-Length":"112","Content-Type":"application/json; charset=utf-8","User-Agent":"axios/1.17.0"},"maxBodyLength":-1,"maxContentLength":-1,"method":"patch","timeout":60000,"transformRequest":[null],"transformResponse":[null],"transitional":{"advertiseZstdAcceptEncoding":false,"clarifyTimeoutError":false,"forcedJSONParsing":true,"legacyInterceptorReqResOrdering":true,"silentJSONParsing":true},"url":"http://localhost:8081/api/v1/addresses/19","xsrfCookieName":"XSRF-TOKEN","xsrfHeaderName":"X-XSRF-TOKEN"},"isAxiosError":true,"message":"Request failed with status code 500","name":"AxiosError","request":{"_closed":false,"_contentLength":"112","_defaultKeepAlive":true,"_ended":true,"_events":{},"_eventsCount":7,"_hasBody":true,"_header":"PATCH /api/v1/addresses/19 HTTP/1.1\r\nAccept: application/json\r\nContent-Type: application/json; charset=utf-8\r\nUser-Agent: axios/1.17.0\r\nContent-Length: 112\r\nAccept-Encoding: gzip, compress, deflate, br\r\nHost: localhost:8081\r\nConnection: keep-alive\r\n\r\n","_headerSent":true,"_keepAliveTimeout":0,"_last":false,"_redirectable":{"_currentRequest":"[Circular]","_currentUrl":"http://localhost:8081/api/v1/addresses/19","_ended":true,"_ending":true,"_events":{"socket":[null,null]},"_eventsCount":4,"_headerFilter":{},"_options":{"agents":{},"beforeRedirects":{},"headers":{"Accept":"application/json","Accept-Encoding":"gzip, compress, deflate, br","Content-Length":"112","Content-Type":"application/json; charset=utf-8","User-Agent":"axios/1.17.0"},"hostname":"localhost","insecureHTTPParser":false,"maxBodyLength":null,"maxRedirects":21,"method":"PATCH","nativeProtocols":{"http:":"[Object]","https:":"[Object]"},"path":"/api/v1/addresses/19","pathname":"/api/v1/addresses/19","port":"8081","protocol":"http:","sensitiveHeaders":[]},"_redirectCount":0,"_redirects":[],"_requestBodyBuffers":[],"_requestBodyLength":112,"_timeout":null,"_writableState":{"bufferedIndex":0,"corked":0,"highWaterMark":16384,"length":0,"pendingcb":0,"writelen":0}},"_removedConnection":false,"_removedContLen":false,"_removedTE":false,"_trailer":"","aborted":false,"agent":{"_events":{},"_eventsCount":2,"defaultPort":80,"freeSockets":{},"keepAlive":true,"keepAliveMsecs":1000,"maxFreeSockets":256,"maxSockets":null,"maxTotalSockets":null,"options":{"keepAlive":true,"noDelay":true,"path":null,"scheduling":"lifo","timeout":5000},"protocol":"http:","requests":{},"scheduling":"lifo","sockets":{"localhost:8081:":["[Object]"]},"totalSocketCount":1},"chunkedEncoding":false,"destroyed":false,"finished":true,"host":"localhost","insecureHTTPParser":false,"maxHeadersCount":null,"maxRequestsOnConnectionReached":false,"method":"PATCH","outputData":[],"outputSize":0,"parser":null,"path":"/api/v1/addresses/19","protocol":"http:","res":{"_consuming":false,"_dumped":false,"_events":{"end":[null,null]},"_eventsCount":4,"_readableState":{"awaitDrainWriters":null,"buffer":[],"bufferIndex":0,"highWaterMark":16384,"length":0,"pipes":[]},"aborted":false,"client":{"_closeAfterHandlingError":false,"_events":{"close":"[Array]","error":"[Array]","timeout":"[Array]"},"_eventsCount":7,"_hadError":false,"_host":"localhost","_httpMessage":"[Circular]","_parent":null,"_pendingData":null,"_pendingEncoding":"","_readableState":{"awaitDrainWriters":null,"buffer":[],"bufferIndex":0,"highWaterMark":16384,"length":0,"pipes":[]},"_server":null,"_sockname":null,"_writableState":{"bufferedIndex":0,"corked":0,"highWaterMark":16384,"length":0,"pendingcb":1,"writelen":0},"allowHalfOpen":false,"autoSelectFamilyAttemptedAddresses":["::1:8081"],"connecting":false,"parser":null,"server":null,"timeout":60000},"complete":true,"httpVersion":"1.1","httpVersionMajor":1,"httpVersionMinor":1,"method":null,"rawHeaders":["X-Content-Type-Options","nosniff","X-XSS-Protection","0","Cache-Control","no-cache, no-store, max-age=0, must-revalidate","Pragma","no-cache","Expires","0","X-Frame-Options","DENY","Content-Type","application/problem+json","Transfer-Encoding","chunked","Date","Sat, 29 Aug 2026 13:17:58 GMT","Connection","close"],"rawTrailers":[],"redirects":[],"req":"[Circular]","responseUrl":"http://localhost:8081/api/v1/addresses/19","socket":{"_closeAfterHandlingError":false,"_events":{"close":"[Array]","error":"[Array]","timeout":"[Array]"},"_eventsCount":7,"_hadError":false,"_host":"localhost","_httpMessage":"[Circular]","_parent":null,"_pendingData":null,"_pendingEncoding":"","_readableState":{"awaitDrainWriters":null,"buffer":[],"bufferIndex":0,"highWaterMark":16384,"length":0,"pipes":[]},"_server":null,"_sockname":null,"_writableState":{"bufferedIndex":0,"corked":0,"highWaterMark":16384,"length":0,"pendingcb":1,"writelen":0},"allowHalfOpen":false,"autoSelectFamilyAttemptedAddresses":["::1:8081"],"connecting":false,"parser":null,"server":null,"timeout":60000},"statusCode":500,"statusMessage":"","upgrade":false,"url":""},"reusedSocket":true,"sendDate":false,"shouldKeepAlive":false,"strictContentLength":false,"upgradeOrConnect":false,"useChunkedEncodingByDefault":true,"writable":true},"response":{"config":{"adapter":["xhr","http","fetch"],"allowAbsoluteUrls":true,"baseURL":"","data":"{\"street\":\"5-1 Chome Marunouchi\",\"postalCode\":\"100-0005\",\"city\":\"Tokyo\",\"country\":\"Japan\",\"defaultAddress\":true}","env":{},"headers":{"Accept":"application/json","Accept-Encoding":"gzip, compress, deflate, br","Content-Length":"112","Content-Type":"application/json; charset=utf-8","User-Agent":"axios/1.17.0"},"maxBodyLength":-1,"maxContentLength":-1,"method":"patch","timeout":60000,"transformRequest":[null],"transformResponse":[null],"transitional":{"advertiseZstdAcceptEncoding":false,"clarifyTimeoutError":false,"forcedJSONParsing":true,"legacyInterceptorReqResOrdering":true,"silentJSONParsing":true},"url":"http://localhost:8081/api/v1/addresses/19","xsrfCookieName":"XSRF-TOKEN","xsrfHeaderName":"X-XSRF-TOKEN"},"data":{"detail":"An unexpected error occurred","errorCode":"INTERNAL_ERROR","instance":"/api/v1/addresses/19","status":500,"title":"Internal server error"},"headers":{"cache-control":"no-cache, no-store, max-age=0, must-revalidate","connection":"close","content-type":"application/problem+json","date":"Sat, 29 Aug 2026 13:17:58 GMT","expires":"0","pragma":"no-cache","transfer-encoding":"chunked","x-content-type-options":"nosniff","x-frame-options":"DENY","x-xss-protection":"0"},"request":{"_closed":false,"_contentLength":"112","_defaultKeepAlive":true,"_ended":true,"_events":{},"_eventsCount":7,"_hasBody":true,"_header":"PATCH /api/v1/addresses/19 HTTP/1.1\r\nAccept: application/json\r\nContent-Type: application/json; charset=utf-8\r\nUser-Agent: axios/1.17.0\r\nContent-Length: 112\r\nAccept-Encoding: gzip, compress, deflate, br\r\nHost: localhost:8081\r\nConnection: keep-alive\r\n\r\n","_headerSent":true,"_keepAliveTimeout":0,"_last":false,"_redirectable":{"_currentRequest":"[Circular]","_currentUrl":"http://localhost:8081/api/v1/addresses/19","_ended":true,"_ending":true,"_events":{"socket":"[Array]"},"_eventsCount":4,"_headerFilter":{},"_options":{"agents":"[Object]","beforeRedirects":"[Object]","headers":"[Object]","hostname":"localhost","insecureHTTPParser":false,"maxBodyLength":null,"maxRedirects":21,"method":"PATCH","nativeProtocols":"[Object]","path":"/api/v1/addresses/19","pathname":"/api/v1/addresses/19","port":"8081","protocol":"http:","sensitiveHeaders":[]},"_redirectCount":0,"_redirects":[],"_requestBodyBuffers":[],"_requestBodyLength":112,"_timeout":null,"_writableState":{"bufferedIndex":0,"corked":0,"highWaterMark":16384,"length":0,"pendingcb":0,"writelen":0}},"_removedConnection":false,"_removedContLen":false,"_removedTE":false,"_trailer":"","aborted":false,"agent":{"_events":{},"_eventsCount":2,"defaultPort":80,"freeSockets":{},"keepAlive":true,"keepAliveMsecs":1000,"maxFreeSockets":256,"maxSockets":null,"maxTotalSockets":null,"options":{"keepAlive":true,"noDelay":true,"path":null,"scheduling":"lifo","timeout":5000},"protocol":"http:","requests":{},"scheduling":"lifo","sockets":{"localhost:8081:":"[Array]"},"totalSocketCount":1},"chunkedEncoding":false,"destroyed":false,"finished":true,"host":"localhost","insecureHTTPParser":false,"maxHeadersCount":null,"maxRequestsOnConnectionReached":false,"method":"PATCH","outputData":[],"outputSize":0,"parser":null,"path":"/api/v1/addresses/19","protocol":"http:","res":{"_consuming":false,"_dumped":false,"_events":{"end":"[Array]"},"_eventsCount":4,"_readableState":{"awaitDrainWriters":null,"buffer":[],"bufferIndex":0,"highWaterMark":16384,"length":0,"pipes":[]},"aborted":false,"client":{"_closeAfterHandlingError":false,"_events":"[Object]","_eventsCount":7,"_hadError":false,"_host":"localhost","_httpMessage":"[Circular]","_parent":null,"_pendingData":null,"_pendingEncoding":"","_readableState":"[Object]","_server":null,"_sockname":null,"_writableState":"[Object]","allowHalfOpen":false,"autoSelectFamilyAttemptedAddresses":"[Array]","connecting":false,"parser":null,"server":null,"timeout":60000},"complete":true,"httpVersion":"1.1","httpVersionMajor":1,"httpVersionMinor":1,"method":null,"rawHeaders":["X-Content-Type-Options","nosniff","X-XSS-Protection","0","Cache-Control","no-cache, no-store, max-age=0, must-revalidate","Pragma","no-cache","Expires","0","X-Frame-Options","DENY","Content-Type","application/problem+json","Transfer-Encoding","chunked","Date","Sat, 29 Aug 2026 13:17:58 GMT","Connection","close"],"rawTrailers":[],"redirects":[],"req":"[Circular]","responseUrl":"http://localhost:8081/api/v1/addresses/19","socket":{"_closeAfterHandlingError":false,"_events":"[Object]","_eventsCount":7,"_hadError":false,"_host":"localhost","_httpMessage":"[Circular]","_parent":null,"_pendingData":null,"_pendingEncoding":"","_readableState":"[Object]","_server":null,"_sockname":null,"_writableState":"[Object]","allowHalfOpen":false,"autoSelectFamilyAttemptedAddresses":"[Array]","connecting":false,"parser":null,"server":null,"timeout":60000},"statusCode":500,"statusMessage":"","upgrade":false,"url":""},"reusedSocket":true,"sendDate":false,"shouldKeepAlive":false,"strictContentLength":false,"upgradeOrConnect":false,"useChunkedEncodingByDefault":true,"writable":true},"status":500,"statusText":""},"stack":"AxiosError: Request failed with status code 500\n    at settle (webpack-internal:///(action-browser)/./node_modules/axios/lib/core/settle.js:24:12)\n    at IncomingMessage.handleStreamEnd (webpack-internal:///(action-browser)/./node_modules/axios/lib/adapters/http.js:1116:73)\n    at IncomingMessage.emit (node:events:530:35)\n    at endReadableNT (node:internal/streams/readable:1698:12)\n    at process.processTicksAndRejections (node:internal/process/task_queues:90:21)\n    at Axios.request (webpack-internal:///(action-browser)/./node_modules/axios/lib/core/Axios.js:59:41)\n    at process.processTicksAndRejections (node:internal/process/task_queues:105:5)\n    at async updateAddress (webpack-internal:///(action-browser)/./src/lib/addresses/api/services/address.server.ts:113:26)\n    at async updateAddressAction (webpack-internal:///(action-browser)/./src/lib/addresses/api/action.ts:26:20)\n    at async executeActionAndPrepareForRender (D:\\software engineering\\templates\\frontend-template\\tailadmin-dashboard\\node_modules\\next\\dist\\compiled\\next-server\\app-page.runtime.dev.js:64:5248)\n    at async D:\\software engineering\\templates\\frontend-template\\tailadmin-dashboard\\node_modules\\next\\dist\\compiled\\next-server\\app-page.runtime.dev.js:64:1986\n    at async handleAction (D:\\software engineering\\templates\\frontend-template\\tailadmin-dashboard\\node_modules\\next\\dist\\compiled\\next-server\\app-page.runtime.dev.js:62:25687)\n    at async renderToHTMLOrFlightImpl (D:\\software engineering\\templates\\frontend-template\\tailadmin-dashboard\\node_modules\\next\\dist\\compiled\\next-server\\app-page.runtime.dev.js:69:55695)\n    at async doRender (webpack-internal:///(rsc)/./node_modules/next/dist/build/webpack/loaders/next-app-loader/index.js?name=app%2F(website)%2Fdashboard%2F(store)%2Fusers%2Fpage&page=%2F(website)%2Fdashboard%2F(store)%2Fusers%2Fpage&appPaths=%2F(website)%2Fdashboard%2F(store)%2Fusers%2Fpage&allNormalizedAppPaths=&pagePath=private-next-app-dir%2F(website)%2Fdashboard%2F(store)%2Fusers%2Fpage.tsx&appDir=D%3A%5Csoftware%20engineering%5Ctemplates%5Cfrontend-template%5Ctailadmin-dashboard%5Csrc%5Capp&pageExtensions=tsx&pageExtensions=ts&pageExtensions=jsx&pageExtensions=js&rootDir=D%3A%5Csoftware%20engineering%5Ctemplates%5Cfrontend-template%5Ctailadmin-dashboard&isDev=true&tsconfigPath=&basePath=&assetPrefix=&nextConfigOutput=&preferredRegion=&middlewareConfig=e30%3D&isGlobalNotFoundEnabled=!:655:28)\n    at async AppPageRouteModule.handleResponse (D:\\software engineering\\templates\\frontend-template\\tailadmin-dashboard\\node_modules\\next\\dist\\compiled\\next-server\\app-page.runtime.dev.js:71:66354)\n    at async handleResponse (webpack-internal:///(rsc)/./node_modules/next/dist/build/webpack/loaders/next-app-loader/index.js?name=app%2F(website)%2Fdashboard%2F(store)%2Fusers%2Fpage&page=%2F(website)%2Fdashboard%2F(store)%2Fusers%2Fpage&appPaths=%2F(website)%2Fdashboard%2F(store)%2Fusers%2Fpage&allNormalizedAppPaths=&pagePath=private-next-app-dir%2F(website)%2Fdashboard%2F(store)%2Fusers%2Fpage.tsx&appDir=D%3A%5Csoftware%20engineering%5Ctemplates%5Cfrontend-template%5Ctailadmin-dashboard%5Csrc%5Capp&pageExtensions=tsx&pageExtensions=ts&pageExtensions=jsx&pageExtensions=js&rootDir=D%3A%5Csoftware%20engineering%5Ctemplates%5Cfrontend-template%5Ctailadmin-dashboard&isDev=true&tsconfigPath=&basePath=&assetPrefix=&nextConfigOutput=&preferredRegion=&middlewareConfig=e30%3D&isGlobalNotFoundEnabled=!:976:32)\n    at async Module.handler (webpack-internal:///(rsc)/./node_modules/next/dist/build/webpack/loaders/next-app-loader/index.js?name=app%2F(website)%2Fdashboard%2F(store)%2Fusers%2Fpage&page=%2F(website)%2Fdashboard%2F(store)%2Fusers%2Fpage&appPaths=%2F(website)%2Fdashboard%2F(store)%2Fusers%2Fpage&allNormalizedAppPaths=&pagePath=private-next-app-dir%2F(website)%2Fdashboard%2F(store)%2Fusers%2Fpage.tsx&appDir=D%3A%5Csoftware%20engineering%5Ctemplates%5Cfrontend-template%5Ctailadmin-dashboard%5Csrc%5Capp&pageExtensions=tsx&pageExtensions=ts&pageExtensions=jsx&pageExtensions=js&rootDir=D%3A%5Csoftware%20engineering%5Ctemplates%5Cfrontend-template%5Ctailadmin-dashboard&isDev=true&tsconfigPath=&basePath=&assetPrefix=&nextConfigOutput=&preferredRegion=&middlewareConfig=e30%3D&isGlobalNotFoundEnabled=!:1380:20)\n    at async DevServer.renderToResponseWithComponentsImpl (D:\\software engineering\\templates\\frontend-template\\tailadmin-dashboard\\node_modules\\next\\dist\\server\\base-server.js:1462:9)\n    at async DevServer.renderPageComponent (D:\\software engineering\\templates\\frontend-template\\tailadmin-dashboard\\node_modules\\next\\dist\\server\\base-server.js:1514:24)\n    at async DevServer.renderToResponseImpl (D:\\software engineering\\templates\\frontend-template\\tailadmin-dashboard\\node_modules\\next\\dist\\server\\base-server.js:1564:32)\n    at async DevServer.pipeImpl (D:\\software engineering\\templates\\frontend-template\\tailadmin-dashboard\\node_modules\\next\\dist\\server\\base-server.js:1044:25)\n    at async NextNodeServer.handleCatchallRenderRequest (D:\\software engineering\\templates\\frontend-template\\tailadmin-dashboard\\node_modules\\next\\dist\\server\\next-server.js:338:17)\n    at async DevServer.handleRequestImpl (D:\\software engineering\\templates\\frontend-template\\tailadmin-dashboard\\node_modules\\next\\dist\\server\\base-server.js:935:17)\n    at async D:\\software engineering\\templates\\frontend-template\\tailadmin-dashboard\\node_modules\\next\\dist\\server\\dev\\next-dev-server.js:394:20\n    at async Span.traceAsyncFn (D:\\software engineering\\templates\\frontend-template\\tailadmin-dashboard\\node_modules\\next\\dist\\trace\\trace.js:164:20)\n    at async DevServer.handleRequest (D:\\software engineering\\templates\\frontend-template\\tailadmin-dashboard\\node_modules\\next\\dist\\server\\dev\\next-dev-server.js:390:24)\n    at async invokeRender (D:\\software engineering\\templates\\frontend-template\\tailadmin-dashboard\\node_modules\\next\\dist\\server\\lib\\router-server.js:266:21)\n    at async handleRequest (D:\\software engineering\\templates\\frontend-template\\tailadmin-dashboard\\node_modules\\next\\dist\\server\\lib\\router-server.js:465:24)\n    at async requestHandlerImpl (D:\\software engineering\\templates\\frontend-template\\tailadmin-dashboard\\node_modules\\next\\dist\\server\\lib\\router-server.js:514:13)\n    at async Server.requestListener (D:\\software engineering\\templates\\frontend-template\\tailadmin-dashboard\\node_modules\\next\\dist\\server\\lib\\start-server.js:225:13)","status":500,"type":"AxiosError"},"context":"updateAddress","addressId":19,"msg":"API request failed"}
{"level":50,"time":1788009478044,"pid":10764,"hostname":"ELTECH","detail":"An unexpected error occurred","instance":"/api/v1/addresses/19","status":500,"title":"Internal server error","errorCode":"INTERNAL_ERROR","msg":"[Axios Error] [updateAddress]"}
{"level":30,"time":1788009478330,"pid":10764,"hostname":"ELTECH","url":"http://localhost:8081/api/v1/addresses?page=1&size=5&userId=13","filters":{"current":1,"limit":5,"userId":13},"count":1,"msg":"User addresses fetched"}
{"level":30,"time":1788009478444,"pid":10764,"hostname":"ELTECH","addressId":19,"msg":"Address fetched"}
{"level":30,"time":1788009595484,"pid":10764,"hostname":"ELTECH","url":"http://localhost:8081/api/v1/addresses?page=1&size=5&userId=13","filters":{"current":1,"limit":5,"userId":13},"count":1,"msg":"User addresses fetched"}
{"level":30,"time":1788009595557,"pid":10764,"hostname":"ELTECH","filters":{"size":1000},"count":16,"msg":"Users fetched"}
{"level":30,"time":1788009595622,"pid":10764,"hostname":"ELTECH","filters":{"page":1,"size":5},"count":16,"msg":"Users fetched"}
{"level":30,"time":1788009595758,"pid":10764,"hostname":"ELTECH","id":13,"msg":"User fetched"}
{"level":30,"time":1788009595785,"pid":10764,"hostname":"ELTECH","addressId":19,"msg":"Address fetched"}
{"level":30,"time":1788009599970,"pid":10764,"hostname":"ELTECH","filters":{"page":1,"limit":10},"count":16,"msg":"Users fetched"}
{"level":30,"time":1788009779854,"pid":10764,"hostname":"ELTECH","url":"http://localhost:8081/api/v1/addresses?page=1&size=5&userId=13","filters":{"current":1,"limit":5,"userId":13},"count":1,"msg":"User addresses fetched"}
{"level":30,"time":1788009780038,"pid":10764,"hostname":"ELTECH","filters":{"size":1000},"count":16,"msg":"Users fetched"}
{"level":30,"time":1788009780081,"pid":10764,"hostname":"ELTECH","filters":{"page":1,"size":5},"count":16,"msg":"Users fetched"}
{"level":30,"time":1788009780151,"pid":10764,"hostname":"ELTECH","addressId":19,"msg":"Address fetched"}
{"level":30,"time":1788009780158,"pid":10764,"hostname":"ELTECH","id":13,"msg":"User fetched"}
{"level":30,"time":1788009786918,"pid":10764,"hostname":"ELTECH","filters":{"page":1,"limit":10},"count":16,"msg":"Users fetched"}
{"level":30,"time":1788010272015,"pid":10764,"hostname":"ELTECH","url":"http://localhost:8081/api/v1/addresses?page=1&size=5&userId=13","filters":{"current":1,"limit":5,"userId":13},"count":1,"msg":"User addresses fetched"}
{"level":30,"time":1788010272023,"pid":10764,"hostname":"ELTECH","filters":{"size":1000},"count":16,"msg":"Users fetched"}
{"level":30,"time":1788010272031,"pid":10764,"hostname":"ELTECH","filters":{"page":1,"size":5},"count":16,"msg":"Users fetched"}
{"level":30,"time":1788010272123,"pid":10764,"hostname":"ELTECH","id":13,"msg":"User fetched"}
{"level":30,"time":1788010273110,"pid":10764,"hostname":"ELTECH","addressId":19,"msg":"Address fetched"}
{"level":50,"time":1788010278115,"pid":10764,"hostname":"ELTECH","error":"Request failed with status code 400","detail":"Validation failed","instance":"/api/v1/addresses/19","status":400,"title":"Validation error","errorCode":"VALIDATION_ERROR","errors":["userId : ne doit pas être nul"],"msg":"API error"}
{"level":50,"time":1788010278119,"pid":10764,"hostname":"ELTECH","err":{"code":"ERR_BAD_REQUEST","config":{"adapter":["xhr","http","fetch"],"allowAbsoluteUrls":true,"baseURL":"","data":"{\"street\":\"5-1 Chome Marunouchi23\",\"postalCode\":\"100-0005\",\"city\":\"Tokyo\",\"country\":\"Japan\",\"defaultAddress\":true}","env":{},"headers":{"Accept":"application/json","Accept-Encoding":"gzip, compress, deflate, br","Content-Length":"114","Content-Type":"application/json; charset=utf-8","User-Agent":"axios/1.17.0"},"maxBodyLength":-1,"maxContentLength":-1,"method":"patch","timeout":60000,"transformRequest":[null],"transformResponse":[null],"transitional":{"advertiseZstdAcceptEncoding":false,"clarifyTimeoutError":false,"forcedJSONParsing":true,"legacyInterceptorReqResOrdering":true,"silentJSONParsing":true},"url":"http://localhost:8081/api/v1/addresses/19","xsrfCookieName":"XSRF-TOKEN","xsrfHeaderName":"X-XSRF-TOKEN"},"isAxiosError":true,"message":"Request failed with status code 400","name":"AxiosError","request":{"_closed":false,"_contentLength":"114","_defaultKeepAlive":true,"_ended":true,"_events":{},"_eventsCount":7,"_hasBody":true,"_header":"PATCH /api/v1/addresses/19 HTTP/1.1\r\nAccept: application/json\r\nContent-Type: application/json; charset=utf-8\r\nUser-Agent: axios/1.17.0\r\nContent-Length: 114\r\nAccept-Encoding: gzip, compress, deflate, br\r\nHost: localhost:8081\r\nConnection: keep-alive\r\n\r\n","_headerSent":true,"_keepAliveTimeout":0,"_last":false,"_redirectable":{"_currentRequest":"[Circular]","_currentUrl":"http://localhost:8081/api/v1/addresses/19","_ended":true,"_ending":true,"_events":{"socket":[null,null]},"_eventsCount":4,"_headerFilter":{},"_options":{"agents":{},"beforeRedirects":{},"headers":{"Accept":"application/json","Accept-Encoding":"gzip, compress, deflate, br","Content-Length":"114","Content-Type":"application/json; charset=utf-8","User-Agent":"axios/1.17.0"},"hostname":"localhost","insecureHTTPParser":false,"maxBodyLength":null,"maxRedirects":21,"method":"PATCH","nativeProtocols":{"http:":"[Object]","https:":"[Object]"},"path":"/api/v1/addresses/19","pathname":"/api/v1/addresses/19","port":"8081","protocol":"http:","sensitiveHeaders":[]},"_redirectCount":0,"_redirects":[],"_requestBodyBuffers":[],"_requestBodyLength":114,"_timeout":null,"_writableState":{"bufferedIndex":0,"corked":0,"highWaterMark":16384,"length":0,"pendingcb":0,"writelen":0}},"_removedConnection":false,"_removedContLen":false,"_removedTE":false,"_trailer":"","aborted":false,"agent":{"_events":{},"_eventsCount":2,"defaultPort":80,"freeSockets":{},"keepAlive":true,"keepAliveMsecs":1000,"maxFreeSockets":256,"maxSockets":null,"maxTotalSockets":null,"options":{"keepAlive":true,"noDelay":true,"path":null,"scheduling":"lifo","timeout":5000},"protocol":"http:","requests":{},"scheduling":"lifo","sockets":{"localhost:8081:":["[Object]"]},"totalSocketCount":1},"chunkedEncoding":false,"destroyed":false,"finished":true,"host":"localhost","insecureHTTPParser":false,"maxHeadersCount":null,"maxRequestsOnConnectionReached":false,"method":"PATCH","outputData":[],"outputSize":0,"parser":null,"path":"/api/v1/addresses/19","protocol":"http:","res":{"_consuming":true,"_dumped":false,"_events":{"end":[null,null]},"_eventsCount":4,"_readableState":{"awaitDrainWriters":null,"buffer":[],"bufferIndex":0,"highWaterMark":16384,"length":0,"pipes":[]},"aborted":false,"client":{"_closeAfterHandlingError":false,"_events":{"close":"[Array]","error":"[Array]","timeout":"[Array]"},"_eventsCount":7,"_hadError":false,"_host":"localhost","_httpMessage":"[Circular]","_parent":null,"_pendingData":null,"_pendingEncoding":"","_readableState":{"awaitDrainWriters":null,"buffer":[],"bufferIndex":0,"highWaterMark":16384,"length":0,"pipes":[]},"_server":null,"_sockname":null,"_writableState":{"bufferedIndex":0,"corked":0,"highWaterMark":16384,"length":0,"pendingcb":1,"writelen":0},"allowHalfOpen":false,"autoSelectFamilyAttemptedAddresses":["::1:8081"],"connecting":false,"parser":null,"server":null,"timeout":60000},"complete":true,"httpVersion":"1.1","httpVersionMajor":1,"httpVersionMinor":1,"method":null,"rawHeaders":["X-Content-Type-Options","nosniff","X-XSS-Protection","0","Cache-Control","no-cache, no-store, max-age=0, must-revalidate","Pragma","no-cache","Expires","0","X-Frame-Options","DENY","Content-Type","application/problem+json","Transfer-Encoding","chunked","Date","Sat, 29 Aug 2026 13:31:18 GMT","Connection","close"],"rawTrailers":[],"redirects":[],"req":"[Circular]","responseUrl":"http://localhost:8081/api/v1/addresses/19","socket":{"_closeAfterHandlingError":false,"_events":{"close":"[Array]","error":"[Array]","timeout":"[Array]"},"_eventsCount":7,"_hadError":false,"_host":"localhost","_httpMessage":"[Circular]","_parent":null,"_pendingData":null,"_pendingEncoding":"","_readableState":{"awaitDrainWriters":null,"buffer":[],"bufferIndex":0,"highWaterMark":16384,"length":0,"pipes":[]},"_server":null,"_sockname":null,"_writableState":{"bufferedIndex":0,"corked":0,"highWaterMark":16384,"length":0,"pendingcb":1,"writelen":0},"allowHalfOpen":false,"autoSelectFamilyAttemptedAddresses":["::1:8081"],"connecting":false,"parser":null,"server":null,"timeout":60000},"statusCode":400,"statusMessage":"","upgrade":false,"url":""},"reusedSocket":true,"sendDate":false,"shouldKeepAlive":false,"strictContentLength":false,"upgradeOrConnect":false,"useChunkedEncodingByDefault":true,"writable":true},"response":{"config":{"adapter":["xhr","http","fetch"],"allowAbsoluteUrls":true,"baseURL":"","data":"{\"street\":\"5-1 Chome Marunouchi23\",\"postalCode\":\"100-0005\",\"city\":\"Tokyo\",\"country\":\"Japan\",\"defaultAddress\":true}","env":{},"headers":{"Accept":"application/json","Accept-Encoding":"gzip, compress, deflate, br","Content-Length":"114","Content-Type":"application/json; charset=utf-8","User-Agent":"axios/1.17.0"},"maxBodyLength":-1,"maxContentLength":-1,"method":"patch","timeout":60000,"transformRequest":[null],"transformResponse":[null],"transitional":{"advertiseZstdAcceptEncoding":false,"clarifyTimeoutError":false,"forcedJSONParsing":true,"legacyInterceptorReqResOrdering":true,"silentJSONParsing":true},"url":"http://localhost:8081/api/v1/addresses/19","xsrfCookieName":"XSRF-TOKEN","xsrfHeaderName":"X-XSRF-TOKEN"},"data":{"detail":"Validation failed","errorCode":"VALIDATION_ERROR","errors":["userId : ne doit pas être nul"],"instance":"/api/v1/addresses/19","status":400,"title":"Validation error"},"headers":{"cache-control":"no-cache, no-store, max-age=0, must-revalidate","connection":"close","content-type":"application/problem+json","date":"Sat, 29 Aug 2026 13:31:18 GMT","expires":"0","pragma":"no-cache","transfer-encoding":"chunked","x-content-type-options":"nosniff","x-frame-options":"DENY","x-xss-protection":"0"},"request":{"_closed":false,"_contentLength":"114","_defaultKeepAlive":true,"_ended":true,"_events":{},"_eventsCount":7,"_hasBody":true,"_header":"PATCH /api/v1/addresses/19 HTTP/1.1\r\nAccept: application/json\r\nContent-Type: application/json; charset=utf-8\r\nUser-Agent: axios/1.17.0\r\nContent-Length: 114\r\nAccept-Encoding: gzip, compress, deflate, br\r\nHost: localhost:8081\r\nConnection: keep-alive\r\n\r\n","_headerSent":true,"_keepAliveTimeout":0,"_last":false,"_redirectable":{"_currentRequest":"[Circular]","_currentUrl":"http://localhost:8081/api/v1/addresses/19","_ended":true,"_ending":true,"_events":{"socket":"[Array]"},"_eventsCount":4,"_headerFilter":{},"_options":{"agents":"[Object]","beforeRedirects":"[Object]","headers":"[Object]","hostname":"localhost","insecureHTTPParser":false,"maxBodyLength":null,"maxRedirects":21,"method":"PATCH","nativeProtocols":"[Object]","path":"/api/v1/addresses/19","pathname":"/api/v1/addresses/19","port":"8081","protocol":"http:","sensitiveHeaders":[]},"_redirectCount":0,"_redirects":[],"_requestBodyBuffers":[],"_requestBodyLength":114,"_timeout":null,"_writableState":{"bufferedIndex":0,"corked":0,"highWaterMark":16384,"length":0,"pendingcb":0,"writelen":0}},"_removedConnection":false,"_removedContLen":false,"_removedTE":false,"_trailer":"","aborted":false,"agent":{"_events":{},"_eventsCount":2,"defaultPort":80,"freeSockets":{},"keepAlive":true,"keepAliveMsecs":1000,"maxFreeSockets":256,"maxSockets":null,"maxTotalSockets":null,"options":{"keepAlive":true,"noDelay":true,"path":null,"scheduling":"lifo","timeout":5000},"protocol":"http:","requests":{},"scheduling":"lifo","sockets":{"localhost:8081:":"[Array]"},"totalSocketCount":1},"chunkedEncoding":false,"destroyed":false,"finished":true,"host":"localhost","insecureHTTPParser":false,"maxHeadersCount":null,"maxRequestsOnConnectionReached":false,"method":"PATCH","outputData":[],"outputSize":0,"parser":null,"path":"/api/v1/addresses/19","protocol":"http:","res":{"_consuming":true,"_dumped":false,"_events":{"end":"[Array]"},"_eventsCount":4,"_readableState":{"awaitDrainWriters":null,"buffer":[],"bufferIndex":0,"highWaterMark":16384,"length":0,"pipes":[]},"aborted":false,"client":{"_closeAfterHandlingError":false,"_events":"[Object]","_eventsCount":7,"_hadError":false,"_host":"localhost","_httpMessage":"[Circular]","_parent":null,"_pendingData":null,"_pendingEncoding":"","_readableState":"[Object]","_server":null,"_sockname":null,"_writableState":"[Object]","allowHalfOpen":false,"autoSelectFamilyAttemptedAddresses":"[Array]","connecting":false,"parser":null,"server":null,"timeout":60000},"complete":true,"httpVersion":"1.1","httpVersionMajor":1,"httpVersionMinor":1,"method":null,"rawHeaders":["X-Content-Type-Options","nosniff","X-XSS-Protection","0","Cache-Control","no-cache, no-store, max-age=0, must-revalidate","Pragma","no-cache","Expires","0","X-Frame-Options","DENY","Content-Type","application/problem+json","Transfer-Encoding","chunked","Date","Sat, 29 Aug 2026 13:31:18 GMT","Connection","close"],"rawTrailers":[],"redirects":[],"req":"[Circular]","responseUrl":"http://localhost:8081/api/v1/addresses/19","socket":{"_closeAfterHandlingError":false,"_events":"[Object]","_eventsCount":7,"_hadError":false,"_host":"localhost","_httpMessage":"[Circular]","_parent":null,"_pendingData":null,"_pendingEncoding":"","_readableState":"[Object]","_server":null,"_sockname":null,"_writableState":"[Object]","allowHalfOpen":false,"autoSelectFamilyAttemptedAddresses":"[Array]","connecting":false,"parser":null,"server":null,"timeout":60000},"statusCode":400,"statusMessage":"","upgrade":false,"url":""},"reusedSocket":true,"sendDate":false,"shouldKeepAlive":false,"strictContentLength":false,"upgradeOrConnect":false,"useChunkedEncodingByDefault":true,"writable":true},"status":400,"statusText":""},"stack":"AxiosError: Request failed with status code 400\n    at settle (webpack-internal:///(action-browser)/./node_modules/axios/lib/core/settle.js:24:12)\n    at IncomingMessage.handleStreamEnd (webpack-internal:///(action-browser)/./node_modules/axios/lib/adapters/http.js:1116:73)\n    at IncomingMessage.emit (node:events:530:35)\n    at endReadableNT (node:internal/streams/readable:1698:12)\n    at process.processTicksAndRejections (node:internal/process/task_queues:90:21)\n    at Axios.request (webpack-internal:///(action-browser)/./node_modules/axios/lib/core/Axios.js:59:41)\n    at process.processTicksAndRejections (node:internal/process/task_queues:105:5)\n    at async updateAddress (webpack-internal:///(action-browser)/./src/lib/addresses/api/services/address.server.ts:113:26)\n    at async updateAddressAction (webpack-internal:///(action-browser)/./src/lib/addresses/api/action.ts:26:20)\n    at async executeActionAndPrepareForRender (D:\\software engineering\\templates\\frontend-template\\tailadmin-dashboard\\node_modules\\next\\dist\\compiled\\next-server\\app-page.runtime.dev.js:64:5248)\n    at async D:\\software engineering\\templates\\frontend-template\\tailadmin-dashboard\\node_modules\\next\\dist\\compiled\\next-server\\app-page.runtime.dev.js:64:1986\n    at async handleAction (D:\\software engineering\\templates\\frontend-template\\tailadmin-dashboard\\node_modules\\next\\dist\\compiled\\next-server\\app-page.runtime.dev.js:62:25687)\n    at async renderToHTMLOrFlightImpl (D:\\software engineering\\templates\\frontend-template\\tailadmin-dashboard\\node_modules\\next\\dist\\compiled\\next-server\\app-page.runtime.dev.js:69:55695)\n    at async doRender (webpack-internal:///(rsc)/./node_modules/next/dist/build/webpack/loaders/next-app-loader/index.js?name=app%2F(website)%2Fdashboard%2F(store)%2Fusers%2Fpage&page=%2F(website)%2Fdashboard%2F(store)%2Fusers%2Fpage&appPaths=%2F(website)%2Fdashboard%2F(store)%2Fusers%2Fpage&allNormalizedAppPaths=&pagePath=private-next-app-dir%2F(website)%2Fdashboard%2F(store)%2Fusers%2Fpage.tsx&appDir=D%3A%5Csoftware%20engineering%5Ctemplates%5Cfrontend-template%5Ctailadmin-dashboard%5Csrc%5Capp&pageExtensions=tsx&pageExtensions=ts&pageExtensions=jsx&pageExtensions=js&rootDir=D%3A%5Csoftware%20engineering%5Ctemplates%5Cfrontend-template%5Ctailadmin-dashboard&isDev=true&tsconfigPath=&basePath=&assetPrefix=&nextConfigOutput=&preferredRegion=&middlewareConfig=e30%3D&isGlobalNotFoundEnabled=!:655:28)\n    at async AppPageRouteModule.handleResponse (D:\\software engineering\\templates\\frontend-template\\tailadmin-dashboard\\node_modules\\next\\dist\\compiled\\next-server\\app-page.runtime.dev.js:71:66354)\n    at async handleResponse (webpack-internal:///(rsc)/./node_modules/next/dist/build/webpack/loaders/next-app-loader/index.js?name=app%2F(website)%2Fdashboard%2F(store)%2Fusers%2Fpage&page=%2F(website)%2Fdashboard%2F(store)%2Fusers%2Fpage&appPaths=%2F(website)%2Fdashboard%2F(store)%2Fusers%2Fpage&allNormalizedAppPaths=&pagePath=private-next-app-dir%2F(website)%2Fdashboard%2F(store)%2Fusers%2Fpage.tsx&appDir=D%3A%5Csoftware%20engineering%5Ctemplates%5Cfrontend-template%5Ctailadmin-dashboard%5Csrc%5Capp&pageExtensions=tsx&pageExtensions=ts&pageExtensions=jsx&pageExtensions=js&rootDir=D%3A%5Csoftware%20engineering%5Ctemplates%5Cfrontend-template%5Ctailadmin-dashboard&isDev=true&tsconfigPath=&basePath=&assetPrefix=&nextConfigOutput=&preferredRegion=&middlewareConfig=e30%3D&isGlobalNotFoundEnabled=!:976:32)\n    at async Module.handler (webpack-internal:///(rsc)/./node_modules/next/dist/build/webpack/loaders/next-app-loader/index.js?name=app%2F(website)%2Fdashboard%2F(store)%2Fusers%2Fpage&page=%2F(website)%2Fdashboard%2F(store)%2Fusers%2Fpage&appPaths=%2F(website)%2Fdashboard%2F(store)%2Fusers%2Fpage&allNormalizedAppPaths=&pagePath=private-next-app-dir%2F(website)%2Fdashboard%2F(store)%2Fusers%2Fpage.tsx&appDir=D%3A%5Csoftware%20engineering%5Ctemplates%5Cfrontend-template%5Ctailadmin-dashboard%5Csrc%5Capp&pageExtensions=tsx&pageExtensions=ts&pageExtensions=jsx&pageExtensions=js&rootDir=D%3A%5Csoftware%20engineering%5Ctemplates%5Cfrontend-template%5Ctailadmin-dashboard&isDev=true&tsconfigPath=&basePath=&assetPrefix=&nextConfigOutput=&preferredRegion=&middlewareConfig=e30%3D&isGlobalNotFoundEnabled=!:1380:20)\n    at async DevServer.renderToResponseWithComponentsImpl (D:\\software engineering\\templates\\frontend-template\\tailadmin-dashboard\\node_modules\\next\\dist\\server\\base-server.js:1462:9)\n    at async DevServer.renderPageComponent (D:\\software engineering\\templates\\frontend-template\\tailadmin-dashboard\\node_modules\\next\\dist\\server\\base-server.js:1514:24)\n    at async DevServer.renderToResponseImpl (D:\\software engineering\\templates\\frontend-template\\tailadmin-dashboard\\node_modules\\next\\dist\\server\\base-server.js:1564:32)\n    at async DevServer.pipeImpl (D:\\software engineering\\templates\\frontend-template\\tailadmin-dashboard\\node_modules\\next\\dist\\server\\base-server.js:1044:25)\n    at async NextNodeServer.handleCatchallRenderRequest (D:\\software engineering\\templates\\frontend-template\\tailadmin-dashboard\\node_modules\\next\\dist\\server\\next-server.js:338:17)\n    at async DevServer.handleRequestImpl (D:\\software engineering\\templates\\frontend-template\\tailadmin-dashboard\\node_modules\\next\\dist\\server\\base-server.js:935:17)\n    at async D:\\software engineering\\templates\\frontend-template\\tailadmin-dashboard\\node_modules\\next\\dist\\server\\dev\\next-dev-server.js:394:20\n    at async Span.traceAsyncFn (D:\\software engineering\\templates\\frontend-template\\tailadmin-dashboard\\node_modules\\next\\dist\\trace\\trace.js:164:20)\n    at async DevServer.handleRequest (D:\\software engineering\\templates\\frontend-template\\tailadmin-dashboard\\node_modules\\next\\dist\\server\\dev\\next-dev-server.js:390:24)\n    at async invokeRender (D:\\software engineering\\templates\\frontend-template\\tailadmin-dashboard\\node_modules\\next\\dist\\server\\lib\\router-server.js:266:21)\n    at async handleRequest (D:\\software engineering\\templates\\frontend-template\\tailadmin-dashboard\\node_modules\\next\\dist\\server\\lib\\router-server.js:465:24)\n    at async requestHandlerImpl (D:\\software engineering\\templates\\frontend-template\\tailadmin-dashboard\\node_modules\\next\\dist\\server\\lib\\router-server.js:514:13)\n    at async Server.requestListener (D:\\software engineering\\templates\\frontend-template\\tailadmin-dashboard\\node_modules\\next\\dist\\server\\lib\\start-server.js:225:13)","status":400,"type":"AxiosError"},"context":"updateAddress","addressId":19,"msg":"API request failed"}
{"level":40,"time":1788010278127,"pid":10764,"hostname":"ELTECH","detail":"Validation failed","instance":"/api/v1/addresses/19","status":400,"title":"Validation error","errorCode":"VALIDATION_ERROR","errors":["userId : ne doit pas être nul"],"msg":"[Axios Error] [updateAddress]"}
{"level":30,"time":1788010278581,"pid":10764,"hostname":"ELTECH","url":"http://localhost:8081/api/v1/addresses?page=1&size=5&userId=13","filters":{"current":1,"limit":5,"userId":13},"count":1,"msg":"User addresses fetched"}
{"level":30,"time":1788010278667,"pid":10764,"hostname":"ELTECH","addressId":19,"msg":"Address fetched"}
{"level":30,"time":1788010318348,"pid":10764,"hostname":"ELTECH","filters":{"page":1,"limit":10},"count":16,"msg":"Users fetched"}
{"level":30,"time":1788010319045,"pid":10764,"hostname":"ELTECH","filters":{"page":1,"limit":10},"count":16,"msg":"Users fetched"}
{"level":30,"time":1788010370435,"pid":10764,"hostname":"ELTECH","filters":{"page":1,"limit":10},"count":16,"msg":"Users fetched"}
{"level":30,"time":1788010371420,"pid":10764,"hostname":"ELTECH","filters":{"page":1,"limit":10},"count":16,"msg":"Users fetched"}
{"level":30,"time":1788010374394,"pid":10764,"hostname":"ELTECH","filters":{"page":1,"limit":10},"count":16,"msg":"Users fetched"}
{"level":30,"time":1788010377190,"pid":10764,"hostname":"ELTECH","filters":{"page":1,"limit":10},"count":16,"msg":"Users fetched"}
{"level":30,"time":1788010386472,"pid":10764,"hostname":"ELTECH","filters":{"page":1,"size":5},"count":16,"msg":"Users fetched"}
{"level":30,"time":1788010387157,"pid":10764,"hostname":"ELTECH","filters":{"size":1000},"count":16,"msg":"Users fetched"}
{"level":30,"time":1788010387165,"pid":10764,"hostname":"ELTECH","url":"http://localhost:8081/api/v1/addresses?page=1&size=5&userId=13","filters":{"current":1,"limit":5,"userId":13},"count":1,"msg":"User addresses fetched"}
{"level":30,"time":1788010387173,"pid":10764,"hostname":"ELTECH","id":13,"msg":"User fetched"}
{"level":30,"time":1788010387195,"pid":10764,"hostname":"ELTECH","addressId":19,"msg":"Address fetched"}
{"level":50,"time":1788010388173,"pid":10764,"hostname":"ELTECH","error":"Request failed with status code 400","detail":"Validation failed","instance":"/api/v1/addresses/19","status":400,"title":"Validation error","errorCode":"VALIDATION_ERROR","errors":["userId : ne doit pas être nul"],"msg":"API error"}
{"level":50,"time":1788010388174,"pid":10764,"hostname":"ELTECH","err":{"code":"ERR_BAD_REQUEST","config":{"adapter":["xhr","http","fetch"],"allowAbsoluteUrls":true,"baseURL":"","data":"{\"street\":\"5-1 Chome Marunouchi23\",\"postalCode\":\"100-0005\",\"city\":\"Tokyo\",\"country\":\"Japan\",\"defaultAddress\":true}","env":{},"headers":{"Accept":"application/json","Accept-Encoding":"gzip, compress, deflate, br","Content-Length":"114","Content-Type":"application/json; charset=utf-8","User-Agent":"axios/1.17.0"},"maxBodyLength":-1,"maxContentLength":-1,"method":"patch","timeout":60000,"transformRequest":[null],"transformResponse":[null],"transitional":{"advertiseZstdAcceptEncoding":false,"clarifyTimeoutError":false,"forcedJSONParsing":true,"legacyInterceptorReqResOrdering":true,"silentJSONParsing":true},"url":"http://localhost:8081/api/v1/addresses/19","xsrfCookieName":"XSRF-TOKEN","xsrfHeaderName":"X-XSRF-TOKEN"},"isAxiosError":true,"message":"Request failed with status code 400","name":"AxiosError","request":{"_closed":false,"_contentLength":"114","_defaultKeepAlive":true,"_ended":true,"_events":{},"_eventsCount":7,"_hasBody":true,"_header":"PATCH /api/v1/addresses/19 HTTP/1.1\r\nAccept: application/json\r\nContent-Type: application/json; charset=utf-8\r\nUser-Agent: axios/1.17.0\r\nContent-Length: 114\r\nAccept-Encoding: gzip, compress, deflate, br\r\nHost: localhost:8081\r\nConnection: keep-alive\r\n\r\n","_headerSent":true,"_keepAliveTimeout":0,"_last":false,"_redirectable":{"_currentRequest":"[Circular]","_currentUrl":"http://localhost:8081/api/v1/addresses/19","_ended":true,"_ending":true,"_events":{"socket":[null,null]},"_eventsCount":4,"_headerFilter":{},"_options":{"agents":{},"beforeRedirects":{},"headers":{"Accept":"application/json","Accept-Encoding":"gzip, compress, deflate, br","Content-Length":"114","Content-Type":"application/json; charset=utf-8","User-Agent":"axios/1.17.0"},"hostname":"localhost","insecureHTTPParser":false,"maxBodyLength":null,"maxRedirects":21,"method":"PATCH","nativeProtocols":{"http:":"[Object]","https:":"[Object]"},"path":"/api/v1/addresses/19","pathname":"/api/v1/addresses/19","port":"8081","protocol":"http:","sensitiveHeaders":[]},"_redirectCount":0,"_redirects":[],"_requestBodyBuffers":[],"_requestBodyLength":114,"_timeout":null,"_writableState":{"bufferedIndex":0,"corked":0,"highWaterMark":16384,"length":0,"pendingcb":0,"writelen":0}},"_removedConnection":false,"_removedContLen":false,"_removedTE":false,"_trailer":"","aborted":false,"agent":{"_events":{},"_eventsCount":2,"defaultPort":80,"freeSockets":{"localhost:8081:":["[Object]","[Object]","[Object]"]},"keepAlive":true,"keepAliveMsecs":1000,"maxFreeSockets":256,"maxSockets":null,"maxTotalSockets":null,"options":{"keepAlive":true,"noDelay":true,"path":null,"scheduling":"lifo","timeout":5000},"protocol":"http:","requests":{},"scheduling":"lifo","sockets":{"localhost:8081:":["[Object]"]},"totalSocketCount":4},"chunkedEncoding":false,"destroyed":false,"finished":true,"host":"localhost","insecureHTTPParser":false,"maxHeadersCount":null,"maxRequestsOnConnectionReached":false,"method":"PATCH","outputData":[],"outputSize":0,"parser":null,"path":"/api/v1/addresses/19","protocol":"http:","res":{"_consuming":true,"_dumped":false,"_events":{"end":[null,null]},"_eventsCount":4,"_readableState":{"awaitDrainWriters":null,"buffer":[],"bufferIndex":0,"highWaterMark":16384,"length":0,"pipes":[]},"aborted":false,"client":{"_closeAfterHandlingError":false,"_events":{"close":"[Array]","error":"[Array]","timeout":"[Array]"},"_eventsCount":7,"_hadError":false,"_host":"localhost","_httpMessage":"[Circular]","_parent":null,"_pendingData":null,"_pendingEncoding":"","_readableState":{"awaitDrainWriters":null,"buffer":[],"bufferIndex":0,"highWaterMark":16384,"length":0,"pipes":[]},"_server":null,"_sockname":null,"_writableState":{"bufferedIndex":0,"corked":0,"highWaterMark":16384,"length":0,"pendingcb":1,"writelen":0},"allowHalfOpen":false,"autoSelectFamilyAttemptedAddresses":["::1:8081"],"connecting":false,"parser":null,"server":null,"timeout":60000},"complete":true,"httpVersion":"1.1","httpVersionMajor":1,"httpVersionMinor":1,"method":null,"rawHeaders":["X-Content-Type-Options","nosniff","X-XSS-Protection","0","Cache-Control","no-cache, no-store, max-age=0, must-revalidate","Pragma","no-cache","Expires","0","X-Frame-Options","DENY","Content-Type","application/problem+json","Transfer-Encoding","chunked","Date","Sat, 29 Aug 2026 13:33:08 GMT","Connection","close"],"rawTrailers":[],"redirects":[],"req":"[Circular]","responseUrl":"http://localhost:8081/api/v1/addresses/19","socket":{"_closeAfterHandlingError":false,"_events":{"close":"[Array]","error":"[Array]","timeout":"[Array]"},"_eventsCount":7,"_hadError":false,"_host":"localhost","_httpMessage":"[Circular]","_parent":null,"_pendingData":null,"_pendingEncoding":"","_readableState":{"awaitDrainWriters":null,"buffer":[],"bufferIndex":0,"highWaterMark":16384,"length":0,"pipes":[]},"_server":null,"_sockname":null,"_writableState":{"bufferedIndex":0,"corked":0,"highWaterMark":16384,"length":0,"pendingcb":1,"writelen":0},"allowHalfOpen":false,"autoSelectFamilyAttemptedAddresses":["::1:8081"],"connecting":false,"parser":null,"server":null,"timeout":60000},"statusCode":400,"statusMessage":"","upgrade":false,"url":""},"reusedSocket":true,"sendDate":false,"shouldKeepAlive":false,"strictContentLength":false,"upgradeOrConnect":false,"useChunkedEncodingByDefault":true,"writable":true},"response":{"config":{"adapter":["xhr","http","fetch"],"allowAbsoluteUrls":true,"baseURL":"","data":"{\"street\":\"5-1 Chome Marunouchi23\",\"postalCode\":\"100-0005\",\"city\":\"Tokyo\",\"country\":\"Japan\",\"defaultAddress\":true}","env":{},"headers":{"Accept":"application/json","Accept-Encoding":"gzip, compress, deflate, br","Content-Length":"114","Content-Type":"application/json; charset=utf-8","User-Agent":"axios/1.17.0"},"maxBodyLength":-1,"maxContentLength":-1,"method":"patch","timeout":60000,"transformRequest":[null],"transformResponse":[null],"transitional":{"advertiseZstdAcceptEncoding":false,"clarifyTimeoutError":false,"forcedJSONParsing":true,"legacyInterceptorReqResOrdering":true,"silentJSONParsing":true},"url":"http://localhost:8081/api/v1/addresses/19","xsrfCookieName":"XSRF-TOKEN","xsrfHeaderName":"X-XSRF-TOKEN"},"data":{"detail":"Validation failed","errorCode":"VALIDATION_ERROR","errors":["userId : ne doit pas être nul"],"instance":"/api/v1/addresses/19","status":400,"title":"Validation error"},"headers":{"cache-control":"no-cache, no-store, max-age=0, must-revalidate","connection":"close","content-type":"application/problem+json","date":"Sat, 29 Aug 2026 13:33:08 GMT","expires":"0","pragma":"no-cache","transfer-encoding":"chunked","x-content-type-options":"nosniff","x-frame-options":"DENY","x-xss-protection":"0"},"request":{"_closed":false,"_contentLength":"114","_defaultKeepAlive":true,"_ended":true,"_events":{},"_eventsCount":7,"_hasBody":true,"_header":"PATCH /api/v1/addresses/19 HTTP/1.1\r\nAccept: application/json\r\nContent-Type: application/json; charset=utf-8\r\nUser-Agent: axios/1.17.0\r\nContent-Length: 114\r\nAccept-Encoding: gzip, compress, deflate, br\r\nHost: localhost:8081\r\nConnection: keep-alive\r\n\r\n","_headerSent":true,"_keepAliveTimeout":0,"_last":false,"_redirectable":{"_currentRequest":"[Circular]","_currentUrl":"http://localhost:8081/api/v1/addresses/19","_ended":true,"_ending":true,"_events":{"socket":"[Array]"},"_eventsCount":4,"_headerFilter":{},"_options":{"agents":"[Object]","beforeRedirects":"[Object]","headers":"[Object]","hostname":"localhost","insecureHTTPParser":false,"maxBodyLength":null,"maxRedirects":21,"method":"PATCH","nativeProtocols":"[Object]","path":"/api/v1/addresses/19","pathname":"/api/v1/addresses/19","port":"8081","protocol":"http:","sensitiveHeaders":[]},"_redirectCount":0,"_redirects":[],"_requestBodyBuffers":[],"_requestBodyLength":114,"_timeout":null,"_writableState":{"bufferedIndex":0,"corked":0,"highWaterMark":16384,"length":0,"pendingcb":0,"writelen":0}},"_removedConnection":false,"_removedContLen":false,"_removedTE":false,"_trailer":"","aborted":false,"agent":{"_events":{},"_eventsCount":2,"defaultPort":80,"freeSockets":{"localhost:8081:":"[Array]"},"keepAlive":true,"keepAliveMsecs":1000,"maxFreeSockets":256,"maxSockets":null,"maxTotalSockets":null,"options":{"keepAlive":true,"noDelay":true,"path":null,"scheduling":"lifo","timeout":5000},"protocol":"http:","requests":{},"scheduling":"lifo","sockets":{"localhost:8081:":"[Array]"},"totalSocketCount":4},"chunkedEncoding":false,"destroyed":false,"finished":true,"host":"localhost","insecureHTTPParser":false,"maxHeadersCount":null,"maxRequestsOnConnectionReached":false,"method":"PATCH","outputData":[],"outputSize":0,"parser":null,"path":"/api/v1/addresses/19","protocol":"http:","res":{"_consuming":true,"_dumped":false,"_events":{"end":"[Array]"},"_eventsCount":4,"_readableState":{"awaitDrainWriters":null,"buffer":[],"bufferIndex":0,"highWaterMark":16384,"length":0,"pipes":[]},"aborted":false,"client":{"_closeAfterHandlingError":false,"_events":"[Object]","_eventsCount":7,"_hadError":false,"_host":"localhost","_httpMessage":"[Circular]","_parent":null,"_pendingData":null,"_pendingEncoding":"","_readableState":"[Object]","_server":null,"_sockname":null,"_writableState":"[Object]","allowHalfOpen":false,"autoSelectFamilyAttemptedAddresses":"[Array]","connecting":false,"parser":null,"server":null,"timeout":60000},"complete":true,"httpVersion":"1.1","httpVersionMajor":1,"httpVersionMinor":1,"method":null,"rawHeaders":["X-Content-Type-Options","nosniff","X-XSS-Protection","0","Cache-Control","no-cache, no-store, max-age=0, must-revalidate","Pragma","no-cache","Expires","0","X-Frame-Options","DENY","Content-Type","application/problem+json","Transfer-Encoding","chunked","Date","Sat, 29 Aug 2026 13:33:08 GMT","Connection","close"],"rawTrailers":[],"redirects":[],"req":"[Circular]","responseUrl":"http://localhost:8081/api/v1/addresses/19","socket":{"_closeAfterHandlingError":false,"_events":"[Object]","_eventsCount":7,"_hadError":false,"_host":"localhost","_httpMessage":"[Circular]","_parent":null,"_pendingData":null,"_pendingEncoding":"","_readableState":"[Object]","_server":null,"_sockname":null,"_writableState":"[Object]","allowHalfOpen":false,"autoSelectFamilyAttemptedAddresses":"[Array]","connecting":false,"parser":null,"server":null,"timeout":60000},"statusCode":400,"statusMessage":"","upgrade":false,"url":""},"reusedSocket":true,"sendDate":false,"shouldKeepAlive":false,"strictContentLength":false,"upgradeOrConnect":false,"useChunkedEncodingByDefault":true,"writable":true},"status":400,"statusText":""},"stack":"AxiosError: Request failed with status code 400\n    at settle (webpack-internal:///(action-browser)/./node_modules/axios/lib/core/settle.js:24:12)\n    at IncomingMessage.handleStreamEnd (webpack-internal:///(action-browser)/./node_modules/axios/lib/adapters/http.js:1116:73)\n    at IncomingMessage.emit (node:events:530:35)\n    at endReadableNT (node:internal/streams/readable:1698:12)\n    at process.processTicksAndRejections (node:internal/process/task_queues:90:21)\n    at Axios.request (webpack-internal:///(action-browser)/./node_modules/axios/lib/core/Axios.js:59:41)\n    at process.processTicksAndRejections (node:internal/process/task_queues:105:5)\n    at async updateAddress (webpack-internal:///(action-browser)/./src/lib/addresses/api/services/address.server.ts:113:26)\n    at async updateAddressAction (webpack-internal:///(action-browser)/./src/lib/addresses/api/action.ts:26:20)\n    at async executeActionAndPrepareForRender (D:\\software engineering\\templates\\frontend-template\\tailadmin-dashboard\\node_modules\\next\\dist\\compiled\\next-server\\app-page.runtime.dev.js:64:5248)\n    at async D:\\software engineering\\templates\\frontend-template\\tailadmin-dashboard\\node_modules\\next\\dist\\compiled\\next-server\\app-page.runtime.dev.js:64:1986\n    at async handleAction (D:\\software engineering\\templates\\frontend-template\\tailadmin-dashboard\\node_modules\\next\\dist\\compiled\\next-server\\app-page.runtime.dev.js:62:25687)\n    at async renderToHTMLOrFlightImpl (D:\\software engineering\\templates\\frontend-template\\tailadmin-dashboard\\node_modules\\next\\dist\\compiled\\next-server\\app-page.runtime.dev.js:69:55695)\n    at async doRender (webpack-internal:///(rsc)/./node_modules/next/dist/build/webpack/loaders/next-app-loader/index.js?name=app%2F(website)%2Fdashboard%2F(store)%2Fusers%2Fpage&page=%2F(website)%2Fdashboard%2F(store)%2Fusers%2Fpage&appPaths=%2F(website)%2Fdashboard%2F(store)%2Fusers%2Fpage&allNormalizedAppPaths=&pagePath=private-next-app-dir%2F(website)%2Fdashboard%2F(store)%2Fusers%2Fpage.tsx&appDir=D%3A%5Csoftware%20engineering%5Ctemplates%5Cfrontend-template%5Ctailadmin-dashboard%5Csrc%5Capp&pageExtensions=tsx&pageExtensions=ts&pageExtensions=jsx&pageExtensions=js&rootDir=D%3A%5Csoftware%20engineering%5Ctemplates%5Cfrontend-template%5Ctailadmin-dashboard&isDev=true&tsconfigPath=&basePath=&assetPrefix=&nextConfigOutput=&preferredRegion=&middlewareConfig=e30%3D&isGlobalNotFoundEnabled=!:655:28)\n    at async AppPageRouteModule.handleResponse (D:\\software engineering\\templates\\frontend-template\\tailadmin-dashboard\\node_modules\\next\\dist\\compiled\\next-server\\app-page.runtime.dev.js:71:66354)\n    at async handleResponse (webpack-internal:///(rsc)/./node_modules/next/dist/build/webpack/loaders/next-app-loader/index.js?name=app%2F(website)%2Fdashboard%2F(store)%2Fusers%2Fpage&page=%2F(website)%2Fdashboard%2F(store)%2Fusers%2Fpage&appPaths=%2F(website)%2Fdashboard%2F(store)%2Fusers%2Fpage&allNormalizedAppPaths=&pagePath=private-next-app-dir%2F(website)%2Fdashboard%2F(store)%2Fusers%2Fpage.tsx&appDir=D%3A%5Csoftware%20engineering%5Ctemplates%5Cfrontend-template%5Ctailadmin-dashboard%5Csrc%5Capp&pageExtensions=tsx&pageExtensions=ts&pageExtensions=jsx&pageExtensions=js&rootDir=D%3A%5Csoftware%20engineering%5Ctemplates%5Cfrontend-template%5Ctailadmin-dashboard&isDev=true&tsconfigPath=&basePath=&assetPrefix=&nextConfigOutput=&preferredRegion=&middlewareConfig=e30%3D&isGlobalNotFoundEnabled=!:976:32)\n    at async Module.handler (webpack-internal:///(rsc)/./node_modules/next/dist/build/webpack/loaders/next-app-loader/index.js?name=app%2F(website)%2Fdashboard%2F(store)%2Fusers%2Fpage&page=%2F(website)%2Fdashboard%2F(store)%2Fusers%2Fpage&appPaths=%2F(website)%2Fdashboard%2F(store)%2Fusers%2Fpage&allNormalizedAppPaths=&pagePath=private-next-app-dir%2F(website)%2Fdashboard%2F(store)%2Fusers%2Fpage.tsx&appDir=D%3A%5Csoftware%20engineering%5Ctemplates%5Cfrontend-template%5Ctailadmin-dashboard%5Csrc%5Capp&pageExtensions=tsx&pageExtensions=ts&pageExtensions=jsx&pageExtensions=js&rootDir=D%3A%5Csoftware%20engineering%5Ctemplates%5Cfrontend-template%5Ctailadmin-dashboard&isDev=true&tsconfigPath=&basePath=&assetPrefix=&nextConfigOutput=&preferredRegion=&middlewareConfig=e30%3D&isGlobalNotFoundEnabled=!:1380:20)\n    at async DevServer.renderToResponseWithComponentsImpl (D:\\software engineering\\templates\\frontend-template\\tailadmin-dashboard\\node_modules\\next\\dist\\server\\base-server.js:1462:9)\n    at async DevServer.renderPageComponent (D:\\software engineering\\templates\\frontend-template\\tailadmin-dashboard\\node_modules\\next\\dist\\server\\base-server.js:1514:24)\n    at async DevServer.renderToResponseImpl (D:\\software engineering\\templates\\frontend-template\\tailadmin-dashboard\\node_modules\\next\\dist\\server\\base-server.js:1564:32)\n    at async DevServer.pipeImpl (D:\\software engineering\\templates\\frontend-template\\tailadmin-dashboard\\node_modules\\next\\dist\\server\\base-server.js:1044:25)\n    at async NextNodeServer.handleCatchallRenderRequest (D:\\software engineering\\templates\\frontend-template\\tailadmin-dashboard\\node_modules\\next\\dist\\server\\next-server.js:338:17)\n    at async DevServer.handleRequestImpl (D:\\software engineering\\templates\\frontend-template\\tailadmin-dashboard\\node_modules\\next\\dist\\server\\base-server.js:935:17)\n    at async D:\\software engineering\\templates\\frontend-template\\tailadmin-dashboard\\node_modules\\next\\dist\\server\\dev\\next-dev-server.js:394:20\n    at async Span.traceAsyncFn (D:\\software engineering\\templates\\frontend-template\\tailadmin-dashboard\\node_modules\\next\\dist\\trace\\trace.js:164:20)\n    at async DevServer.handleRequest (D:\\software engineering\\templates\\frontend-template\\tailadmin-dashboard\\node_modules\\next\\dist\\server\\dev\\next-dev-server.js:390:24)\n    at async invokeRender (D:\\software engineering\\templates\\frontend-template\\tailadmin-dashboard\\node_modules\\next\\dist\\server\\lib\\router-server.js:266:21)\n    at async handleRequest (D:\\software engineering\\templates\\frontend-template\\tailadmin-dashboard\\node_modules\\next\\dist\\server\\lib\\router-server.js:465:24)\n    at async requestHandlerImpl (D:\\software engineering\\templates\\frontend-template\\tailadmin-dashboard\\node_modules\\next\\dist\\server\\lib\\router-server.js:514:13)\n    at async Server.requestListener (D:\\software engineering\\templates\\frontend-template\\tailadmin-dashboard\\node_modules\\next\\dist\\server\\lib\\start-server.js:225:13)","status":400,"type":"AxiosError"},"context":"updateAddress","addressId":19,"msg":"API request failed"}
{"level":40,"time":1788010388190,"pid":10764,"hostname":"ELTECH","detail":"Validation failed","instance":"/api/v1/addresses/19","status":400,"title":"Validation error","errorCode":"VALIDATION_ERROR","errors":["userId : ne doit pas être nul"],"msg":"[Axios Error] [updateAddress]"}
{"level":30,"time":1788010388603,"pid":10764,"hostname":"ELTECH","url":"http://localhost:8081/api/v1/addresses?page=1&size=5&userId=13","filters":{"current":1,"limit":5,"userId":13},"count":1,"msg":"User addresses fetched"}
{"level":30,"time":1788010388744,"pid":10764,"hostname":"ELTECH","addressId":19,"msg":"Address fetched"}
{"level":30,"time":1788010434592,"pid":10764,"hostname":"ELTECH","filters":{"page":1,"limit":10},"count":16,"msg":"Users fetched"}
{"level":30,"time":1788010435024,"pid":10764,"hostname":"ELTECH","filters":{"page":1,"limit":10},"count":16,"msg":"Users fetched"}
{"level":30,"time":1788010484239,"pid":10764,"hostname":"ELTECH","filters":{"page":1,"limit":10},"count":16,"msg":"Users fetched"}
{"level":30,"time":1788010488776,"pid":10764,"hostname":"ELTECH","filters":{"page":1,"limit":10},"count":16,"msg":"Users fetched"}
{"level":30,"time":1788010489929,"pid":10764,"hostname":"ELTECH","filters":{"page":1,"limit":10},"count":16,"msg":"Users fetched"}
{"level":30,"time":1788010492544,"pid":10764,"hostname":"ELTECH","filters":{"page":1,"size":5},"count":16,"msg":"Users fetched"}
{"level":30,"time":1788010493171,"pid":10764,"hostname":"ELTECH","filters":{"size":1000},"count":16,"msg":"Users fetched"}
{"level":30,"time":1788010493178,"pid":10764,"hostname":"ELTECH","url":"http://localhost:8081/api/v1/addresses?page=1&size=5&userId=13","filters":{"current":1,"limit":5,"userId":13},"count":1,"msg":"User addresses fetched"}
{"level":30,"time":1788010493189,"pid":10764,"hostname":"ELTECH","id":13,"msg":"User fetched"}
{"level":30,"time":1788010493214,"pid":10764,"hostname":"ELTECH","addressId":19,"msg":"Address fetched"}
{"level":30,"time":1788010499141,"pid":10764,"hostname":"ELTECH","filters":{"page":1,"limit":10},"count":16,"msg":"Users fetched"}
{"level":30,"time":1788010501031,"pid":10764,"hostname":"ELTECH","filters":{"page":1,"size":5},"count":16,"msg":"Users fetched"}
{"level":30,"time":1788010501180,"pid":10764,"hostname":"ELTECH","filters":{"size":1000},"count":16,"msg":"Users fetched"}
{"level":30,"time":1788010505982,"pid":10764,"hostname":"ELTECH","id":15,"msg":"User fetched"}
{"level":30,"time":1788010507320,"pid":10764,"hostname":"ELTECH","url":"http://localhost:8081/api/v1/addresses?page=1&size=5&userId=15","filters":{"current":1,"limit":5,"userId":15},"count":1,"msg":"User addresses fetched"}
{"level":30,"time":1788010511392,"pid":10764,"hostname":"ELTECH","addressId":21,"msg":"Address fetched"}
{"level":30,"time":1788010580758,"pid":10764,"hostname":"ELTECH","filters":{"size":1000},"count":16,"msg":"Users fetched"}
{"level":30,"time":1788010581259,"pid":10764,"hostname":"ELTECH","addressId":21,"msg":"Address updated"}
{"level":30,"time":1788010580825,"pid":10764,"hostname":"ELTECH","filters":{"page":1,"size":5},"count":16,"msg":"Users fetched"}
{"level":30,"time":1788010583525,"pid":10764,"hostname":"ELTECH","filters":{"page":1,"limit":10},"count":16,"msg":"Users fetched"}
{"level":30,"time":1788010583630,"pid":10764,"hostname":"ELTECH","url":"http://localhost:8081/api/v1/addresses?page=1&size=5&userId=15","filters":{"current":1,"limit":5,"userId":15},"count":1,"msg":"User addresses fetched"}
{"level":30,"time":1788010583723,"pid":10764,"hostname":"ELTECH","filters":{"page":1,"limit":10},"count":16,"msg":"Users fetched"}
{"level":30,"time":1788010583976,"pid":10764,"hostname":"ELTECH","addressId":21,"msg":"Address fetched"}
{"level":30,"time":1788010584440,"pid":10764,"hostname":"ELTECH","url":"http://localhost:8081/api/v1/addresses?page=1&size=5&userId=15","filters":{"current":1,"limit":5,"userId":15},"count":1,"msg":"User addresses fetched"}
{"level":30,"time":1788010584470,"pid":10764,"hostname":"ELTECH","filters":{"page":1,"limit":10},"count":16,"msg":"Users fetched"}
{"level":30,"time":1788010587041,"pid":10764,"hostname":"ELTECH","filters":{"page":1,"limit":10},"count":16,"msg":"Users fetched"}
{"level":30,"time":1788010589510,"pid":10764,"hostname":"ELTECH","addressId":21,"msg":"Address fetched"}
{"level":30,"time":1788010594279,"pid":10764,"hostname":"ELTECH","filters":{"page":1,"limit":10},"count":16,"msg":"Users fetched"}
{"level":30,"time":1788010595808,"pid":10764,"hostname":"ELTECH","addressId":21,"msg":"Address updated"}
{"level":30,"time":1788010596493,"pid":10764,"hostname":"ELTECH","filters":{"page":1,"limit":10},"count":16,"msg":"Users fetched"}
{"level":30,"time":1788010596777,"pid":10764,"hostname":"ELTECH","url":"http://localhost:8081/api/v1/addresses?page=1&size=5&userId=15","filters":{"current":1,"limit":5,"userId":15},"count":1,"msg":"User addresses fetched"}
{"level":30,"time":1788010596841,"pid":10764,"hostname":"ELTECH","addressId":21,"msg":"Address fetched"}
{"level":30,"time":1788010597526,"pid":10764,"hostname":"ELTECH","url":"http://localhost:8081/api/v1/addresses?page=1&size=5&userId=15","filters":{"current":1,"limit":5,"userId":15},"count":1,"msg":"User addresses fetched"}
{"level":30,"time":1788010597600,"pid":10764,"hostname":"ELTECH","filters":{"page":1,"limit":10},"count":16,"msg":"Users fetched"}
{"level":30,"time":1788010600908,"pid":10764,"hostname":"ELTECH","filters":{"page":1,"limit":10},"count":16,"msg":"Users fetched"}
{"level":30,"time":1788010610343,"pid":10764,"hostname":"ELTECH","addressId":23,"msg":"Address created"}
{"level":30,"time":1788010611025,"pid":10764,"hostname":"ELTECH","filters":{"page":1,"limit":10},"count":16,"msg":"Users fetched"}
{"level":30,"time":1788010611194,"pid":10764,"hostname":"ELTECH","url":"http://localhost:8081/api/v1/addresses?page=1&size=5&userId=15","filters":{"current":1,"limit":5,"userId":15},"count":2,"msg":"User addresses fetched"}
{"level":30,"time":1788010611794,"pid":10764,"hostname":"ELTECH","url":"http://localhost:8081/api/v1/addresses?page=1&size=5&userId=15","filters":{"current":1,"limit":5,"userId":15},"count":2,"msg":"User addresses fetched"}
{"level":30,"time":1788010611889,"pid":10764,"hostname":"ELTECH","filters":{"page":1,"limit":10},"count":16,"msg":"Users fetched"}
{"level":30,"time":1788010617057,"pid":10764,"hostname":"ELTECH","addressId":23,"msg":"Address deleted"}
{"level":30,"time":1788010617437,"pid":10764,"hostname":"ELTECH","filters":{"page":1,"limit":10},"count":16,"msg":"Users fetched"}
{"level":30,"time":1788010617507,"pid":10764,"hostname":"ELTECH","url":"http://localhost:8081/api/v1/addresses?page=1&size=5&userId=15","filters":{"current":1,"limit":5,"userId":15},"count":1,"msg":"User addresses fetched"}
{"level":30,"time":1788010617722,"pid":10764,"hostname":"ELTECH","url":"http://localhost:8081/api/v1/addresses?page=1&size=5&userId=15","filters":{"current":1,"limit":5,"userId":15},"count":1,"msg":"User addresses fetched"}
{"level":30,"time":1788010638387,"pid":10764,"hostname":"ELTECH","id":13,"msg":"User fetched"}
{"level":30,"time":1788010642736,"pid":10764,"hostname":"ELTECH","filters":{"page":1,"limit":10},"count":16,"msg":"Users fetched"}
{"level":30,"time":1788010731930,"pid":10764,"hostname":"ELTECH","url":"http://localhost:8081/api/v1/addresses?page=1&size=5&userId=13","filters":{"current":1,"limit":5,"userId":13},"count":1,"msg":"User addresses fetched"}
{"level":30,"time":1788010737108,"pid":10764,"hostname":"ELTECH","addressId":19,"msg":"Address fetched"}
{"level":30,"time":1788010744308,"pid":10764,"hostname":"ELTECH","filters":{"page":1,"limit":10},"count":16,"msg":"Users fetched"}
{"level":30,"time":1788010773483,"pid":10764,"hostname":"ELTECH","filters":{"page":1,"limit":10},"count":16,"msg":"Users fetched"}
{"level":30,"time":1788010776848,"pid":10764,"hostname":"ELTECH","filters":{"page":1,"limit":10},"count":16,"msg":"Users fetched"}
{"level":30,"time":1788010794053,"pid":10764,"hostname":"ELTECH","id":13,"msg":"User fetched"}
{"level":30,"time":1788010794063,"pid":10764,"hostname":"ELTECH","filters":{"size":1000},"count":16,"msg":"Users fetched"}
{"level":30,"time":1788010794070,"pid":10764,"hostname":"ELTECH","filters":{"page":1,"size":5},"count":16,"msg":"Users fetched"}
{"level":30,"time":1788010794139,"pid":10764,"hostname":"ELTECH","filters":{"page":1,"limit":10},"count":16,"msg":"Users fetched"}
{"level":30,"time":1788010796617,"pid":10764,"hostname":"ELTECH","filters":{"page":1,"limit":10},"count":16,"msg":"Users fetched"}
{"level":30,"time":1788010834816,"pid":10764,"hostname":"ELTECH","filters":{"page":1,"limit":10},"count":16,"msg":"Users fetched"}
{"level":30,"time":1788010849502,"pid":10764,"hostname":"ELTECH","filters":{"page":1,"limit":10},"count":16,"msg":"Users fetched"}
{"level":30,"time":1788010895159,"pid":10764,"hostname":"ELTECH","filters":{"page":1,"limit":10},"count":16,"msg":"Users fetched"}
{"level":30,"time":1788010913856,"pid":10764,"hostname":"ELTECH","filters":{"page":1,"limit":10},"count":16,"msg":"Users fetched"}
{"level":30,"time":1788010915206,"pid":10764,"hostname":"ELTECH","filters":{"page":1,"limit":10},"count":16,"msg":"Users fetched"}
{"level":30,"time":1788010963275,"pid":10764,"hostname":"ELTECH","addressId":19,"msg":"Address fetched"}
{"level":30,"time":1788010963302,"pid":10764,"hostname":"ELTECH","url":"http://localhost:8081/api/v1/addresses?page=1&size=5&userId=13","filters":{"current":1,"limit":5,"userId":13},"count":1,"msg":"User addresses fetched"}
{"level":30,"time":1788010963312,"pid":10764,"hostname":"ELTECH","filters":{"size":1000},"count":16,"msg":"Users fetched"}
{"level":30,"time":1788010963326,"pid":10764,"hostname":"ELTECH","id":13,"msg":"User fetched"}
{"level":30,"time":1788010963334,"pid":10764,"hostname":"ELTECH","addressId":19,"msg":"Address updated"}
{"level":30,"time":1788010963528,"pid":10764,"hostname":"ELTECH","filters":{"page":1,"size":5},"count":16,"msg":"Users fetched"}
{"level":30,"time":1788010963687,"pid":10764,"hostname":"ELTECH","filters":{"page":1,"limit":10},"count":16,"msg":"Users fetched"}
{"level":30,"time":1788010964076,"pid":10764,"hostname":"ELTECH","filters":{"page":1,"limit":10},"count":16,"msg":"Users fetched"}
{"level":30,"time":1788010964080,"pid":10764,"hostname":"ELTECH","url":"http://localhost:8081/api/v1/addresses?page=1&size=5&userId=13","filters":{"current":1,"limit":5,"userId":13},"count":1,"msg":"User addresses fetched"}
{"level":30,"time":1788010964136,"pid":10764,"hostname":"ELTECH","addressId":19,"msg":"Address fetched"}
{"level":30,"time":1788010964626,"pid":10764,"hostname":"ELTECH","url":"http://localhost:8081/api/v1/addresses?page=1&size=5&userId=13","filters":{"current":1,"limit":5,"userId":13},"count":1,"msg":"User addresses fetched"}
{"level":30,"time":1788010964686,"pid":10764,"hostname":"ELTECH","filters":{"page":1,"limit":10},"count":16,"msg":"Users fetched"}
{"level":30,"time":1788010968176,"pid":10764,"hostname":"ELTECH","filters":{"page":1,"limit":10},"count":16,"msg":"Users fetched"}
{"level":30,"time":1788010971611,"pid":10764,"hostname":"ELTECH","addressId":19,"msg":"Address fetched"}
{"level":30,"time":1788010976952,"pid":10764,"hostname":"ELTECH","filters":{"page":1,"limit":10},"count":16,"msg":"Users fetched"}
{"level":30,"time":1788011003030,"pid":10764,"hostname":"ELTECH","filters":{"page":1,"limit":10},"count":16,"msg":"Users fetched"}
{"level":30,"time":1788011010410,"pid":10764,"hostname":"ELTECH","filters":{"page":1,"limit":10},"count":16,"msg":"Users fetched"}
{"level":30,"time":1788011039872,"pid":10764,"hostname":"ELTECH","filters":{"page":1,"limit":10},"count":16,"msg":"Users fetched"}
{"level":30,"time":1788011041393,"pid":10764,"hostname":"ELTECH","filters":{"page":1,"limit":10},"count":16,"msg":"Users fetched"}
{"level":30,"time":1788011051970,"pid":10764,"hostname":"ELTECH","filters":{"page":1,"limit":10},"count":16,"msg":"Users fetched"}
{"level":30,"time":1788011134434,"pid":10764,"hostname":"ELTECH","addressId":19,"msg":"Address fetched"}
{"level":30,"time":1788011134547,"pid":10764,"hostname":"ELTECH","id":13,"msg":"User fetched"}
{"level":30,"time":1788011134611,"pid":10764,"hostname":"ELTECH","filters":{"size":1000},"count":16,"msg":"Users fetched"}
{"level":30,"time":1788011134617,"pid":10764,"hostname":"ELTECH","filters":{"page":1,"size":5},"count":16,"msg":"Users fetched"}
{"level":30,"time":1788011134646,"pid":10764,"hostname":"ELTECH","filters":{"page":1,"size":5},"count":16,"msg":"Users fetched"}
{"level":30,"time":1788011134699,"pid":10764,"hostname":"ELTECH","addressId":19,"msg":"Address fetched"}
{"level":30,"time":1788011134734,"pid":10764,"hostname":"ELTECH","id":13,"msg":"User fetched"}
{"level":30,"time":1788011134768,"pid":10764,"hostname":"ELTECH","url":"http://localhost:8081/api/v1/addresses?page=1&size=5&userId=13","filters":{"current":1,"limit":5,"userId":13},"count":1,"msg":"User addresses fetched"}
{"level":30,"time":1788011134845,"pid":10764,"hostname":"ELTECH","filters":{"size":1000},"count":16,"msg":"Users fetched"}
{"level":30,"time":1788011134927,"pid":10764,"hostname":"ELTECH","addressId":19,"msg":"Address updated"}
{"level":30,"time":1788011134880,"pid":10764,"hostname":"ELTECH","url":"http://localhost:8081/api/v1/addresses?page=1&size=5&userId=13","filters":{"current":1,"limit":5,"userId":13},"count":1,"msg":"User addresses fetched"}
{"level":30,"time":1788011136417,"pid":10764,"hostname":"ELTECH","filters":{"page":1,"limit":10},"count":16,"msg":"Users fetched"}
{"level":30,"time":1788011137145,"pid":10764,"hostname":"ELTECH","url":"http://localhost:8081/api/v1/addresses?page=1&size=5&userId=13","filters":{"current":1,"limit":5,"userId":13},"count":1,"msg":"User addresses fetched"}
{"level":30,"time":1788011137636,"pid":10764,"hostname":"ELTECH","addressId":19,"msg":"Address fetched"}
{"level":30,"time":1788011138083,"pid":10764,"hostname":"ELTECH","url":"http://localhost:8081/api/v1/addresses?page=1&size=5&userId=13","filters":{"current":1,"limit":5,"userId":13},"count":1,"msg":"User addresses fetched"}
{"level":30,"time":1788011138214,"pid":10764,"hostname":"ELTECH","filters":{"page":1,"limit":10},"count":16,"msg":"Users fetched"}
{"level":30,"time":1788011192526,"pid":10764,"hostname":"ELTECH","addressId":24,"msg":"Address created"}
{"level":30,"time":1788011195250,"pid":10764,"hostname":"ELTECH","filters":{"page":1,"limit":10},"count":16,"msg":"Users fetched"}
{"level":30,"time":1788011195747,"pid":10764,"hostname":"ELTECH","url":"http://localhost:8081/api/v1/addresses?page=1&size=5&userId=13","filters":{"current":1,"limit":5,"userId":13},"count":2,"msg":"User addresses fetched"}
{"level":30,"time":1788011196933,"pid":10764,"hostname":"ELTECH","url":"http://localhost:8081/api/v1/addresses?page=1&size=5&userId=13","filters":{"current":1,"limit":5,"userId":13},"count":2,"msg":"User addresses fetched"}
{"level":30,"time":1788011197138,"pid":10764,"hostname":"ELTECH","filters":{"page":1,"limit":10},"count":16,"msg":"Users fetched"}
{"level":30,"time":1788011201881,"pid":10764,"hostname":"ELTECH","addressId":24,"msg":"Address fetched"}
{"level":30,"time":1788011206280,"pid":10764,"hostname":"ELTECH","filters":{"page":1,"limit":10},"count":16,"msg":"Users fetched"}
{"level":30,"time":1788011904376,"pid":10764,"hostname":"ELTECH","filters":{"page":1,"limit":10},"count":16,"msg":"Users fetched"}
{"level":30,"time":1788011904380,"pid":10764,"hostname":"ELTECH","filters":{"page":1,"limit":10},"count":16,"msg":"Users fetched"}
{"level":30,"time":1788011904544,"pid":10764,"hostname":"ELTECH","filters":{"page":1,"limit":10},"count":16,"msg":"Users fetched"}
{"level":30,"time":1788011913048,"pid":10764,"hostname":"ELTECH","filters":{"page":1,"size":5},"count":16,"msg":"Users fetched"}
{"level":30,"time":1788011913827,"pid":10764,"hostname":"ELTECH","filters":{"size":1000},"count":16,"msg":"Users fetched"}
{"level":30,"time":1788011916300,"pid":10764,"hostname":"ELTECH","filters":{"page":1,"limit":10},"count":16,"msg":"Users fetched"}
{"level":30,"time":1788011922761,"pid":10764,"hostname":"ELTECH","filters":{"page":1,"limit":10},"count":16,"msg":"Users fetched"}
{"level":30,"time":1788011930914,"pid":10764,"hostname":"ELTECH","filters":{"page":1,"limit":10},"count":16,"msg":"Users fetched"}
{"level":30,"time":1788011935392,"pid":10764,"hostname":"ELTECH","filters":{"page":1,"limit":10},"count":16,"msg":"Users fetched"}
{"level":30,"time":1788012384592,"pid":10144,"hostname":"ELTECH","url":"http://localhost:8081/api/v1/addresses?page=1&size=5&userId=2","filters":{"current":1,"limit":5,"userId":2},"count":7,"msg":"User addresses fetched"}
{"level":30,"time":1788012451708,"pid":10144,"hostname":"ELTECH","url":"http://localhost:8081/api/v1/addresses?page=1&size=5&userId=2","filters":{"current":1,"limit":5,"userId":2},"count":7,"msg":"User addresses fetched"}
{"level":30,"time":1788012490336,"pid":10144,"hostname":"ELTECH","url":"http://localhost:8081/api/v1/addresses?page=2&size=5&userId=2","filters":{"current":2,"limit":5,"userId":2},"count":7,"msg":"User addresses fetched"}
{"level":30,"time":1788012504211,"pid":10144,"hostname":"ELTECH","addressId":8,"msg":"Address fetched"}
{"level":30,"time":1788012547292,"pid":10144,"hostname":"ELTECH","url":"http://localhost:8081/api/v1/addresses?page=1&size=5&userId=2","filters":{"current":1,"limit":5,"userId":2},"count":7,"msg":"User addresses fetched"}
{"level":30,"time":1788012623383,"pid":10144,"hostname":"ELTECH","url":"http://localhost:8081/api/v1/addresses?page=1&size=5&userId=2","filters":{"current":1,"limit":5,"userId":2},"count":7,"msg":"User addresses fetched"}
{"level":30,"time":1788012685324,"pid":10144,"hostname":"ELTECH","url":"http://localhost:8081/api/v1/addresses?page=1&size=5&userId=2","filters":{"current":1,"limit":5,"userId":2},"count":7,"msg":"User addresses fetched"}
{"level":30,"time":1788012804672,"pid":10144,"hostname":"ELTECH","url":"http://localhost:8081/api/v1/addresses?page=1&size=5&userId=2","filters":{"current":1,"limit":5,"userId":2},"count":7,"msg":"User addresses fetched"}
{"level":30,"time":1788013106773,"pid":10144,"hostname":"ELTECH","url":"http://localhost:8081/api/v1/addresses?page=1&size=5&userId=2","filters":{"current":1,"limit":5,"userId":2},"count":7,"msg":"User addresses fetched"}
{"level":30,"time":1788013661512,"pid":10144,"hostname":"ELTECH","url":"http://localhost:8081/api/v1/addresses?page=1&size=5&userId=2","filters":{"current":1,"limit":5,"userId":2},"count":7,"msg":"User addresses fetched"}
{"level":30,"time":1788013744707,"pid":10144,"hostname":"ELTECH","url":"http://localhost:8081/api/v1/addresses?page=1&size=5&userId=2","filters":{"current":1,"limit":5,"userId":2},"count":7,"msg":"User addresses fetched"}
{"level":30,"time":1788013882836,"pid":10144,"hostname":"ELTECH","url":"http://localhost:8081/api/v1/addresses?page=1&size=5&userId=2","filters":{"current":1,"limit":5,"userId":2},"count":7,"msg":"User addresses fetched"}
{"level":30,"time":1788013885455,"pid":10144,"hostname":"ELTECH","url":"http://localhost:8081/api/v1/addresses?page=1&size=5&userId=2","filters":{"current":1,"limit":5,"userId":2},"count":7,"msg":"User addresses fetched"}
{"level":30,"time":1788014008168,"pid":10144,"hostname":"ELTECH","url":"http://localhost:8081/api/v1/addresses?page=1&size=5&userId=2","filters":{"current":1,"limit":5,"userId":2},"count":7,"msg":"User addresses fetched"}
{"level":30,"time":1788014023306,"pid":10144,"hostname":"ELTECH","url":"http://localhost:8081/api/v1/addresses?page=2&size=5&userId=2","filters":{"current":2,"limit":5,"userId":2},"count":7,"msg":"User addresses fetched"}
{"level":30,"time":1788014027473,"pid":10144,"hostname":"ELTECH","addressId":3,"msg":"Address fetched"}
{"level":30,"time":1788014051024,"pid":10144,"hostname":"ELTECH","url":"http://localhost:8081/api/v1/addresses?page=1&size=5&userId=2&country=Morocco","filters":{"current":1,"limit":5,"userId":2,"country":"Morocco"},"count":1,"msg":"User addresses fetched"}
{"level":30,"time":1788014054136,"pid":10144,"hostname":"ELTECH","url":"http://localhost:8081/api/v1/addresses?page=1&size=5&userId=2&country=France","filters":{"current":1,"limit":5,"userId":2,"country":"France"},"count":1,"msg":"User addresses fetched"}
{"level":30,"time":1788014056107,"pid":10144,"hostname":"ELTECH","url":"http://localhost:8081/api/v1/addresses?page=1&size=5&userId=2&country=USA","filters":{"current":1,"limit":5,"userId":2,"country":"USA"},"count":1,"msg":"User addresses fetched"}
{"level":30,"time":1788014057994,"pid":10144,"hostname":"ELTECH","url":"http://localhost:8081/api/v1/addresses?page=1&size=5&userId=2&country=USA&city=T%C3%A9touan","filters":{"current":1,"limit":5,"userId":2,"country":"USA","city":"Tétouan"},"count":0,"msg":"User addresses fetched"}
{"level":30,"time":1788014059848,"pid":10144,"hostname":"ELTECH","url":"http://localhost:8081/api/v1/addresses?page=1&size=5&userId=2&country=USA&city=Casablanca","filters":{"current":1,"limit":5,"userId":2,"country":"USA","city":"Casablanca"},"count":0,"msg":"User addresses fetched"}
{"level":30,"time":1788014061617,"pid":10144,"hostname":"ELTECH","url":"http://localhost:8081/api/v1/addresses?page=1&size=5&userId=2&country=USA&city=Paris","filters":{"current":1,"limit":5,"userId":2,"country":"USA","city":"Paris"},"count":0,"msg":"User addresses fetched"}
{"level":30,"time":1788014063842,"pid":10144,"hostname":"ELTECH","url":"http://localhost:8081/api/v1/addresses?page=1&size=5&userId=2&city=Paris","filters":{"current":1,"limit":5,"userId":2,"city":"Paris"},"count":1,"msg":"User addresses fetched"}
{"level":30,"time":1788014067106,"pid":10144,"hostname":"ELTECH","url":"http://localhost:8081/api/v1/addresses?page=1&size=10&userId=2","filters":{"current":1,"limit":10,"userId":2},"count":7,"msg":"User addresses fetched"}
{"level":30,"time":1788014100450,"pid":10144,"hostname":"ELTECH","filters":{"page":1,"limit":10},"count":16,"msg":"Users fetched"}
{"level":30,"time":1788014100732,"pid":10144,"hostname":"ELTECH","filters":{"page":1,"limit":10},"count":16,"msg":"Users fetched"}
{"level":30,"time":1788014104609,"pid":10144,"hostname":"ELTECH","filters":{"page":1,"size":5},"count":16,"msg":"Users fetched"}
{"level":30,"time":1788014104696,"pid":10144,"hostname":"ELTECH","filters":{"page":1,"limit":10},"count":16,"msg":"Users fetched"}
{"level":30,"time":1788014104761,"pid":10144,"hostname":"ELTECH","filters":{"size":1000},"count":16,"msg":"Users fetched"}
{"level":30,"time":1788014136878,"pid":10144,"hostname":"ELTECH","filters":{"page":3,"limit":10},"count":16,"msg":"Users fetched"}
{"level":30,"time":1788014136905,"pid":10144,"hostname":"ELTECH","filters":{"page":3,"size":5},"count":16,"msg":"Users fetched"}
{"level":30,"time":1788014147002,"pid":10144,"hostname":"ELTECH","filters":{"page":3,"limit":10},"count":16,"msg":"Users fetched"}
{"level":30,"time":1788014147655,"pid":10144,"hostname":"ELTECH","id":2,"msg":"User fetched"}
{"level":30,"time":1788014149365,"pid":10144,"hostname":"ELTECH","filters":{"page":3,"limit":10},"count":16,"msg":"Users fetched"}
{"level":30,"time":1788014159619,"pid":10144,"hostname":"ELTECH","url":"http://localhost:8081/api/v1/addresses?page=1&size=5&userId=2","filters":{"current":1,"limit":5,"userId":2},"count":7,"msg":"User addresses fetched"}
{"level":30,"time":1788014162301,"pid":10144,"hostname":"ELTECH","filters":{"page":3,"limit":10},"count":16,"msg":"Users fetched"}
{"level":30,"time":1788014162587,"pid":10144,"hostname":"ELTECH","url":"http://localhost:8081/api/v1/addresses?page=2&size=5&userId=2","filters":{"current":2,"limit":5,"userId":2},"count":7,"msg":"User addresses fetched"}
{"level":30,"time":1788014163711,"pid":10144,"hostname":"ELTECH","filters":{"page":3,"limit":10},"count":16,"msg":"Users fetched"}
{"level":30,"time":1788014202395,"pid":10144,"hostname":"ELTECH","filters":{"page":3,"limit":10},"count":16,"msg":"Users fetched"}
{"level":30,"time":1788014203565,"pid":10144,"hostname":"ELTECH","filters":{"page":3,"limit":10},"count":16,"msg":"Users fetched"}
{"level":30,"time":1788014206730,"pid":10144,"hostname":"ELTECH","url":"http://localhost:8081/api/v1/addresses?page=1&size=1000&userId=2","filters":{"current":1,"limit":1000,"userId":2},"count":7,"msg":"User addresses fetched"}
{"level":30,"time":1788014225868,"pid":10144,"hostname":"ELTECH","filters":{"page":3,"limit":10},"count":16,"msg":"Users fetched"}
{"level":30,"time":1788014268445,"pid":10144,"hostname":"ELTECH","filters":{"size":1000},"count":16,"msg":"Users fetched"}
{"level":30,"time":1788014268454,"pid":10144,"hostname":"ELTECH","filters":{"page":3,"size":5},"count":16,"msg":"Users fetched"}
{"level":30,"time":1788014558843,"pid":10144,"hostname":"ELTECH","filters":{"page":3,"limit":10},"count":16,"msg":"Users fetched"}
{"level":30,"time":1788014569067,"pid":10144,"hostname":"ELTECH","filters":{"page":3,"size":5},"count":16,"msg":"Users fetched"}
{"level":30,"time":1788014569080,"pid":10144,"hostname":"ELTECH","filters":{"page":3,"limit":10},"count":16,"msg":"Users fetched"}
{"level":30,"time":1788014570448,"pid":10144,"hostname":"ELTECH","filters":{"page":3,"size":5},"count":16,"msg":"Users fetched"}
{"level":30,"time":1788014570600,"pid":10144,"hostname":"ELTECH","filters":{"size":1000},"count":16,"msg":"Users fetched"}
{"level":30,"time":1788015357536,"pid":10144,"hostname":"ELTECH","url":"http://localhost:8081/api/v1/addresses?userId=2","filters":{"userId":2},"count":7,"msg":"User addresses fetched"}
{"level":30,"time":1788015571157,"pid":10144,"hostname":"ELTECH","url":"http://localhost:8081/api/v1/addresses?userId=2","filters":{"userId":2},"count":7,"msg":"User addresses fetched"}
{"level":30,"time":1788015619195,"pid":10144,"hostname":"ELTECH","url":"http://localhost:8081/api/v1/addresses?userId=2","filters":{"userId":2},"count":7,"msg":"User addresses fetched"}
{"level":50,"time":1788015640597,"pid":10144,"hostname":"ELTECH","error":"Request failed with status code 400","detail":"Validation failed","instance":"/api/v1/addresses/8","status":400,"title":"Validation error","errorCode":"VALIDATION_ERROR","errors":["userId : ne doit pas être nul"],"msg":"API error"}
{"level":50,"time":1788015640601,"pid":10144,"hostname":"ELTECH","err":{"code":"ERR_BAD_REQUEST","config":{"adapter":["xhr","http","fetch"],"allowAbsoluteUrls":true,"baseURL":"","data":"{\"street\":\"33 Friedrichstraße\",\"postalCode\":\"2005\",\"city\":\"PHOENIX\",\"country\":\"ETATS_UNIS\",\"defaultAddress\":false}","env":{},"headers":{"Accept":"application/json","Accept-Encoding":"gzip, compress, deflate, br","Content-Length":"115","Content-Type":"application/json; charset=utf-8","User-Agent":"axios/1.17.0"},"maxBodyLength":-1,"maxContentLength":-1,"method":"patch","timeout":60000,"transformRequest":[null],"transformResponse":[null],"transitional":{"advertiseZstdAcceptEncoding":false,"clarifyTimeoutError":false,"forcedJSONParsing":true,"legacyInterceptorReqResOrdering":true,"silentJSONParsing":true},"url":"http://localhost:8081/api/v1/addresses/8","xsrfCookieName":"XSRF-TOKEN","xsrfHeaderName":"X-XSRF-TOKEN"},"isAxiosError":true,"message":"Request failed with status code 400","name":"AxiosError","request":{"_closed":false,"_contentLength":"115","_defaultKeepAlive":true,"_ended":true,"_events":{},"_eventsCount":7,"_hasBody":true,"_header":"PATCH /api/v1/addresses/8 HTTP/1.1\r\nAccept: application/json\r\nContent-Type: application/json; charset=utf-8\r\nUser-Agent: axios/1.17.0\r\nContent-Length: 115\r\nAccept-Encoding: gzip, compress, deflate, br\r\nHost: localhost:8081\r\nConnection: keep-alive\r\n\r\n","_headerSent":true,"_keepAliveTimeout":0,"_last":false,"_redirectable":{"_currentRequest":"[Circular]","_currentUrl":"http://localhost:8081/api/v1/addresses/8","_ended":true,"_ending":true,"_events":{"socket":[null,null]},"_eventsCount":4,"_headerFilter":{},"_options":{"agents":{},"beforeRedirects":{},"headers":{"Accept":"application/json","Accept-Encoding":"gzip, compress, deflate, br","Content-Length":"115","Content-Type":"application/json; charset=utf-8","User-Agent":"axios/1.17.0"},"hostname":"localhost","insecureHTTPParser":false,"maxBodyLength":null,"maxRedirects":21,"method":"PATCH","nativeProtocols":{"http:":"[Object]","https:":"[Object]"},"path":"/api/v1/addresses/8","pathname":"/api/v1/addresses/8","port":"8081","protocol":"http:","sensitiveHeaders":[]},"_redirectCount":0,"_redirects":[],"_requestBodyBuffers":[],"_requestBodyLength":115,"_timeout":null,"_writableState":{"bufferedIndex":0,"corked":0,"highWaterMark":16384,"length":0,"pendingcb":0,"writelen":0}},"_removedConnection":false,"_removedContLen":false,"_removedTE":false,"_trailer":"","aborted":false,"agent":{"_events":{},"_eventsCount":2,"defaultPort":80,"freeSockets":{},"keepAlive":true,"keepAliveMsecs":1000,"maxFreeSockets":256,"maxSockets":null,"maxTotalSockets":null,"options":{"keepAlive":true,"noDelay":true,"path":null,"scheduling":"lifo","timeout":5000},"protocol":"http:","requests":{},"scheduling":"lifo","sockets":{"localhost:8081:":["[Object]"]},"totalSocketCount":1},"chunkedEncoding":false,"destroyed":false,"finished":true,"host":"localhost","insecureHTTPParser":false,"maxHeadersCount":null,"maxRequestsOnConnectionReached":false,"method":"PATCH","outputData":[],"outputSize":0,"parser":null,"path":"/api/v1/addresses/8","protocol":"http:","res":{"_consuming":true,"_dumped":false,"_events":{"end":[null,null]},"_eventsCount":4,"_readableState":{"awaitDrainWriters":null,"buffer":[],"bufferIndex":0,"highWaterMark":16384,"length":0,"pipes":[]},"aborted":false,"client":{"_closeAfterHandlingError":false,"_events":{"close":"[Array]","error":"[Array]","timeout":"[Array]"},"_eventsCount":7,"_hadError":false,"_host":"localhost","_httpMessage":"[Circular]","_parent":null,"_pendingData":null,"_pendingEncoding":"","_readableState":{"awaitDrainWriters":null,"buffer":[],"bufferIndex":0,"highWaterMark":16384,"length":0,"pipes":[]},"_server":null,"_sockname":null,"_writableState":{"bufferedIndex":0,"corked":0,"highWaterMark":16384,"length":0,"pendingcb":1,"writelen":0},"allowHalfOpen":false,"autoSelectFamilyAttemptedAddresses":["::1:8081"],"connecting":false,"parser":null,"server":null,"timeout":60000},"complete":true,"httpVersion":"1.1","httpVersionMajor":1,"httpVersionMinor":1,"method":null,"rawHeaders":["X-Content-Type-Options","nosniff","X-XSS-Protection","0","Cache-Control","no-cache, no-store, max-age=0, must-revalidate","Pragma","no-cache","Expires","0","X-Frame-Options","DENY","Content-Type","application/problem+json","Transfer-Encoding","chunked","Date","Sat, 29 Aug 2026 15:00:40 GMT","Connection","close"],"rawTrailers":[],"redirects":[],"req":"[Circular]","responseUrl":"http://localhost:8081/api/v1/addresses/8","socket":{"_closeAfterHandlingError":false,"_events":{"close":"[Array]","error":"[Array]","timeout":"[Array]"},"_eventsCount":7,"_hadError":false,"_host":"localhost","_httpMessage":"[Circular]","_parent":null,"_pendingData":null,"_pendingEncoding":"","_readableState":{"awaitDrainWriters":null,"buffer":[],"bufferIndex":0,"highWaterMark":16384,"length":0,"pipes":[]},"_server":null,"_sockname":null,"_writableState":{"bufferedIndex":0,"corked":0,"highWaterMark":16384,"length":0,"pendingcb":1,"writelen":0},"allowHalfOpen":false,"autoSelectFamilyAttemptedAddresses":["::1:8081"],"connecting":false,"parser":null,"server":null,"timeout":60000},"statusCode":400,"statusMessage":"","upgrade":false,"url":""},"reusedSocket":false,"sendDate":false,"shouldKeepAlive":false,"strictContentLength":false,"upgradeOrConnect":false,"useChunkedEncodingByDefault":true,"writable":true},"response":{"config":{"adapter":["xhr","http","fetch"],"allowAbsoluteUrls":true,"baseURL":"","data":"{\"street\":\"33 Friedrichstraße\",\"postalCode\":\"2005\",\"city\":\"PHOENIX\",\"country\":\"ETATS_UNIS\",\"defaultAddress\":false}","env":{},"headers":{"Accept":"application/json","Accept-Encoding":"gzip, compress, deflate, br","Content-Length":"115","Content-Type":"application/json; charset=utf-8","User-Agent":"axios/1.17.0"},"maxBodyLength":-1,"maxContentLength":-1,"method":"patch","timeout":60000,"transformRequest":[null],"transformResponse":[null],"transitional":{"advertiseZstdAcceptEncoding":false,"clarifyTimeoutError":false,"forcedJSONParsing":true,"legacyInterceptorReqResOrdering":true,"silentJSONParsing":true},"url":"http://localhost:8081/api/v1/addresses/8","xsrfCookieName":"XSRF-TOKEN","xsrfHeaderName":"X-XSRF-TOKEN"},"data":{"detail":"Validation failed","errorCode":"VALIDATION_ERROR","errors":["userId : ne doit pas être nul"],"instance":"/api/v1/addresses/8","status":400,"title":"Validation error"},"headers":{"cache-control":"no-cache, no-store, max-age=0, must-revalidate","connection":"close","content-type":"application/problem+json","date":"Sat, 29 Aug 2026 15:00:40 GMT","expires":"0","pragma":"no-cache","transfer-encoding":"chunked","x-content-type-options":"nosniff","x-frame-options":"DENY","x-xss-protection":"0"},"request":{"_closed":false,"_contentLength":"115","_defaultKeepAlive":true,"_ended":true,"_events":{},"_eventsCount":7,"_hasBody":true,"_header":"PATCH /api/v1/addresses/8 HTTP/1.1\r\nAccept: application/json\r\nContent-Type: application/json; charset=utf-8\r\nUser-Agent: axios/1.17.0\r\nContent-Length: 115\r\nAccept-Encoding: gzip, compress, deflate, br\r\nHost: localhost:8081\r\nConnection: keep-alive\r\n\r\n","_headerSent":true,"_keepAliveTimeout":0,"_last":false,"_redirectable":{"_currentRequest":"[Circular]","_currentUrl":"http://localhost:8081/api/v1/addresses/8","_ended":true,"_ending":true,"_events":{"socket":"[Array]"},"_eventsCount":4,"_headerFilter":{},"_options":{"agents":"[Object]","beforeRedirects":"[Object]","headers":"[Object]","hostname":"localhost","insecureHTTPParser":false,"maxBodyLength":null,"maxRedirects":21,"method":"PATCH","nativeProtocols":"[Object]","path":"/api/v1/addresses/8","pathname":"/api/v1/addresses/8","port":"8081","protocol":"http:","sensitiveHeaders":[]},"_redirectCount":0,"_redirects":[],"_requestBodyBuffers":[],"_requestBodyLength":115,"_timeout":null,"_writableState":{"bufferedIndex":0,"corked":0,"highWaterMark":16384,"length":0,"pendingcb":0,"writelen":0}},"_removedConnection":false,"_removedContLen":false,"_removedTE":false,"_trailer":"","aborted":false,"agent":{"_events":{},"_eventsCount":2,"defaultPort":80,"freeSockets":{},"keepAlive":true,"keepAliveMsecs":1000,"maxFreeSockets":256,"maxSockets":null,"maxTotalSockets":null,"options":{"keepAlive":true,"noDelay":true,"path":null,"scheduling":"lifo","timeout":5000},"protocol":"http:","requests":{},"scheduling":"lifo","sockets":{"localhost:8081:":"[Array]"},"totalSocketCount":1},"chunkedEncoding":false,"destroyed":false,"finished":true,"host":"localhost","insecureHTTPParser":false,"maxHeadersCount":null,"maxRequestsOnConnectionReached":false,"method":"PATCH","outputData":[],"outputSize":0,"parser":null,"path":"/api/v1/addresses/8","protocol":"http:","res":{"_consuming":true,"_dumped":false,"_events":{"end":"[Array]"},"_eventsCount":4,"_readableState":{"awaitDrainWriters":null,"buffer":[],"bufferIndex":0,"highWaterMark":16384,"length":0,"pipes":[]},"aborted":false,"client":{"_closeAfterHandlingError":false,"_events":"[Object]","_eventsCount":7,"_hadError":false,"_host":"localhost","_httpMessage":"[Circular]","_parent":null,"_pendingData":null,"_pendingEncoding":"","_readableState":"[Object]","_server":null,"_sockname":null,"_writableState":"[Object]","allowHalfOpen":false,"autoSelectFamilyAttemptedAddresses":"[Array]","connecting":false,"parser":null,"server":null,"timeout":60000},"complete":true,"httpVersion":"1.1","httpVersionMajor":1,"httpVersionMinor":1,"method":null,"rawHeaders":["X-Content-Type-Options","nosniff","X-XSS-Protection","0","Cache-Control","no-cache, no-store, max-age=0, must-revalidate","Pragma","no-cache","Expires","0","X-Frame-Options","DENY","Content-Type","application/problem+json","Transfer-Encoding","chunked","Date","Sat, 29 Aug 2026 15:00:40 GMT","Connection","close"],"rawTrailers":[],"redirects":[],"req":"[Circular]","responseUrl":"http://localhost:8081/api/v1/addresses/8","socket":{"_closeAfterHandlingError":false,"_events":"[Object]","_eventsCount":7,"_hadError":false,"_host":"localhost","_httpMessage":"[Circular]","_parent":null,"_pendingData":null,"_pendingEncoding":"","_readableState":"[Object]","_server":null,"_sockname":null,"_writableState":"[Object]","allowHalfOpen":false,"autoSelectFamilyAttemptedAddresses":"[Array]","connecting":false,"parser":null,"server":null,"timeout":60000},"statusCode":400,"statusMessage":"","upgrade":false,"url":""},"reusedSocket":false,"sendDate":false,"shouldKeepAlive":false,"strictContentLength":false,"upgradeOrConnect":false,"useChunkedEncodingByDefault":true,"writable":true},"status":400,"statusText":""},"stack":"AxiosError: Request failed with status code 400\n    at settle (webpack-internal:///(action-browser)/./node_modules/axios/lib/core/settle.js:24:12)\n    at IncomingMessage.handleStreamEnd (webpack-internal:///(action-browser)/./node_modules/axios/lib/adapters/http.js:1116:73)\n    at IncomingMessage.emit (node:events:530:35)\n    at endReadableNT (node:internal/streams/readable:1698:12)\n    at process.processTicksAndRejections (node:internal/process/task_queues:90:21)\n    at Axios.request (webpack-internal:///(action-browser)/./node_modules/axios/lib/core/Axios.js:59:41)\n    at process.processTicksAndRejections (node:internal/process/task_queues:105:5)\n    at async updateAddress (webpack-internal:///(action-browser)/./src/lib/addresses/api/services/address.server.ts:113:26)\n    at async updateAddressAction (webpack-internal:///(action-browser)/./src/lib/addresses/api/action.ts:26:20)\n    at async executeActionAndPrepareForRender (D:\\software engineering\\templates\\frontend-template\\tailadmin-dashboard\\node_modules\\next\\dist\\compiled\\next-server\\app-page.runtime.dev.js:64:5248)\n    at async D:\\software engineering\\templates\\frontend-template\\tailadmin-dashboard\\node_modules\\next\\dist\\compiled\\next-server\\app-page.runtime.dev.js:64:1986\n    at async handleAction (D:\\software engineering\\templates\\frontend-template\\tailadmin-dashboard\\node_modules\\next\\dist\\compiled\\next-server\\app-page.runtime.dev.js:62:25687)\n    at async renderToHTMLOrFlightImpl (D:\\software engineering\\templates\\frontend-template\\tailadmin-dashboard\\node_modules\\next\\dist\\compiled\\next-server\\app-page.runtime.dev.js:69:55695)\n    at async doRender (webpack-internal:///(rsc)/./node_modules/next/dist/build/webpack/loaders/next-app-loader/index.js?name=app%2F(website)%2Fdashboard%2F(others-pages)%2Fprofile%2Fpage&page=%2F(website)%2Fdashboard%2F(others-pages)%2Fprofile%2Fpage&appPaths=%2F(website)%2Fdashboard%2F(others-pages)%2Fprofile%2Fpage&allNormalizedAppPaths=&pagePath=private-next-app-dir%2F(website)%2Fdashboard%2F(others-pages)%2Fprofile%2Fpage.tsx&appDir=D%3A%5Csoftware%20engineering%5Ctemplates%5Cfrontend-template%5Ctailadmin-dashboard%5Csrc%5Capp&pageExtensions=tsx&pageExtensions=ts&pageExtensions=jsx&pageExtensions=js&rootDir=D%3A%5Csoftware%20engineering%5Ctemplates%5Cfrontend-template%5Ctailadmin-dashboard&isDev=true&tsconfigPath=&basePath=&assetPrefix=&nextConfigOutput=&preferredRegion=&middlewareConfig=e30%3D&isGlobalNotFoundEnabled=!:655:28)\n    at async AppPageRouteModule.handleResponse (D:\\software engineering\\templates\\frontend-template\\tailadmin-dashboard\\node_modules\\next\\dist\\compiled\\next-server\\app-page.runtime.dev.js:71:66354)\n    at async handleResponse (webpack-internal:///(rsc)/./node_modules/next/dist/build/webpack/loaders/next-app-loader/index.js?name=app%2F(website)%2Fdashboard%2F(others-pages)%2Fprofile%2Fpage&page=%2F(website)%2Fdashboard%2F(others-pages)%2Fprofile%2Fpage&appPaths=%2F(website)%2Fdashboard%2F(others-pages)%2Fprofile%2Fpage&allNormalizedAppPaths=&pagePath=private-next-app-dir%2F(website)%2Fdashboard%2F(others-pages)%2Fprofile%2Fpage.tsx&appDir=D%3A%5Csoftware%20engineering%5Ctemplates%5Cfrontend-template%5Ctailadmin-dashboard%5Csrc%5Capp&pageExtensions=tsx&pageExtensions=ts&pageExtensions=jsx&pageExtensions=js&rootDir=D%3A%5Csoftware%20engineering%5Ctemplates%5Cfrontend-template%5Ctailadmin-dashboard&isDev=true&tsconfigPath=&basePath=&assetPrefix=&nextConfigOutput=&preferredRegion=&middlewareConfig=e30%3D&isGlobalNotFoundEnabled=!:976:32)\n    at async Module.handler (webpack-internal:///(rsc)/./node_modules/next/dist/build/webpack/loaders/next-app-loader/index.js?name=app%2F(website)%2Fdashboard%2F(others-pages)%2Fprofile%2Fpage&page=%2F(website)%2Fdashboard%2F(others-pages)%2Fprofile%2Fpage&appPaths=%2F(website)%2Fdashboard%2F(others-pages)%2Fprofile%2Fpage&allNormalizedAppPaths=&pagePath=private-next-app-dir%2F(website)%2Fdashboard%2F(others-pages)%2Fprofile%2Fpage.tsx&appDir=D%3A%5Csoftware%20engineering%5Ctemplates%5Cfrontend-template%5Ctailadmin-dashboard%5Csrc%5Capp&pageExtensions=tsx&pageExtensions=ts&pageExtensions=jsx&pageExtensions=js&rootDir=D%3A%5Csoftware%20engineering%5Ctemplates%5Cfrontend-template%5Ctailadmin-dashboard&isDev=true&tsconfigPath=&basePath=&assetPrefix=&nextConfigOutput=&preferredRegion=&middlewareConfig=e30%3D&isGlobalNotFoundEnabled=!:1380:20)\n    at async DevServer.renderToResponseWithComponentsImpl (D:\\software engineering\\templates\\frontend-template\\tailadmin-dashboard\\node_modules\\next\\dist\\server\\base-server.js:1462:9)\n    at async DevServer.renderPageComponent (D:\\software engineering\\templates\\frontend-template\\tailadmin-dashboard\\node_modules\\next\\dist\\server\\base-server.js:1514:24)\n    at async DevServer.renderToResponseImpl (D:\\software engineering\\templates\\frontend-template\\tailadmin-dashboard\\node_modules\\next\\dist\\server\\base-server.js:1564:32)\n    at async DevServer.pipeImpl (D:\\software engineering\\templates\\frontend-template\\tailadmin-dashboard\\node_modules\\next\\dist\\server\\base-server.js:1044:25)\n    at async NextNodeServer.handleCatchallRenderRequest (D:\\software engineering\\templates\\frontend-template\\tailadmin-dashboard\\node_modules\\next\\dist\\server\\next-server.js:338:17)\n    at async DevServer.handleRequestImpl (D:\\software engineering\\templates\\frontend-template\\tailadmin-dashboard\\node_modules\\next\\dist\\server\\base-server.js:935:17)\n    at async D:\\software engineering\\templates\\frontend-template\\tailadmin-dashboard\\node_modules\\next\\dist\\server\\dev\\next-dev-server.js:394:20\n    at async Span.traceAsyncFn (D:\\software engineering\\templates\\frontend-template\\tailadmin-dashboard\\node_modules\\next\\dist\\trace\\trace.js:164:20)\n    at async DevServer.handleRequest (D:\\software engineering\\templates\\frontend-template\\tailadmin-dashboard\\node_modules\\next\\dist\\server\\dev\\next-dev-server.js:390:24)\n    at async invokeRender (D:\\software engineering\\templates\\frontend-template\\tailadmin-dashboard\\node_modules\\next\\dist\\server\\lib\\router-server.js:266:21)\n    at async handleRequest (D:\\software engineering\\templates\\frontend-template\\tailadmin-dashboard\\node_modules\\next\\dist\\server\\lib\\router-server.js:465:24)\n    at async requestHandlerImpl (D:\\software engineering\\templates\\frontend-template\\tailadmin-dashboard\\node_modules\\next\\dist\\server\\lib\\router-server.js:514:13)\n    at async Server.requestListener (D:\\software engineering\\templates\\frontend-template\\tailadmin-dashboard\\node_modules\\next\\dist\\server\\lib\\start-server.js:225:13)","status":400,"type":"AxiosError"},"context":"updateAddress","addressId":8,"msg":"API request failed"}
{"level":40,"time":1788015640605,"pid":10144,"hostname":"ELTECH","detail":"Validation failed","instance":"/api/v1/addresses/8","status":400,"title":"Validation error","errorCode":"VALIDATION_ERROR","errors":["userId : ne doit pas être nul"],"msg":"[Axios Error] [updateAddress]"}
{"level":30,"time":1788015640723,"pid":10144,"hostname":"ELTECH","url":"http://localhost:8081/api/v1/addresses?userId=2","filters":{"userId":2},"count":7,"msg":"User addresses fetched"}
{"level":50,"time":1788015695957,"pid":10144,"hostname":"ELTECH","error":"Request failed with status code 400","detail":"Validation failed","instance":"/api/v1/addresses/8","status":400,"title":"Validation error","errorCode":"VALIDATION_ERROR","errors":["userId : ne doit pas être nul"],"msg":"API error"}
{"level":50,"time":1788015695958,"pid":10144,"hostname":"ELTECH","err":{"code":"ERR_BAD_REQUEST","config":{"adapter":["xhr","http","fetch"],"allowAbsoluteUrls":true,"baseURL":"","data":"{\"street\":\"33 Friedrichstraße\",\"postalCode\":\"2005\",\"city\":\"PHOENIX\",\"country\":\"ETATS_UNIS\",\"defaultAddress\":false}","env":{},"headers":{"Accept":"application/json","Accept-Encoding":"gzip, compress, deflate, br","Content-Length":"115","Content-Type":"application/json; charset=utf-8","User-Agent":"axios/1.17.0"},"maxBodyLength":-1,"maxContentLength":-1,"method":"patch","timeout":60000,"transformRequest":[null],"transformResponse":[null],"transitional":{"advertiseZstdAcceptEncoding":false,"clarifyTimeoutError":false,"forcedJSONParsing":true,"legacyInterceptorReqResOrdering":true,"silentJSONParsing":true},"url":"http://localhost:8081/api/v1/addresses/8","xsrfCookieName":"XSRF-TOKEN","xsrfHeaderName":"X-XSRF-TOKEN"},"isAxiosError":true,"message":"Request failed with status code 400","name":"AxiosError","request":{"_closed":false,"_contentLength":"115","_defaultKeepAlive":true,"_ended":true,"_events":{},"_eventsCount":7,"_hasBody":true,"_header":"PATCH /api/v1/addresses/8 HTTP/1.1\r\nAccept: application/json\r\nContent-Type: application/json; charset=utf-8\r\nUser-Agent: axios/1.17.0\r\nContent-Length: 115\r\nAccept-Encoding: gzip, compress, deflate, br\r\nHost: localhost:8081\r\nConnection: keep-alive\r\n\r\n","_headerSent":true,"_keepAliveTimeout":0,"_last":false,"_redirectable":{"_currentRequest":"[Circular]","_currentUrl":"http://localhost:8081/api/v1/addresses/8","_ended":true,"_ending":true,"_events":{"socket":[null,null]},"_eventsCount":4,"_headerFilter":{},"_options":{"agents":{},"beforeRedirects":{},"headers":{"Accept":"application/json","Accept-Encoding":"gzip, compress, deflate, br","Content-Length":"115","Content-Type":"application/json; charset=utf-8","User-Agent":"axios/1.17.0"},"hostname":"localhost","insecureHTTPParser":false,"maxBodyLength":null,"maxRedirects":21,"method":"PATCH","nativeProtocols":{"http:":"[Object]","https:":"[Object]"},"path":"/api/v1/addresses/8","pathname":"/api/v1/addresses/8","port":"8081","protocol":"http:","sensitiveHeaders":[]},"_redirectCount":0,"_redirects":[],"_requestBodyBuffers":[],"_requestBodyLength":115,"_timeout":null,"_writableState":{"bufferedIndex":0,"corked":0,"highWaterMark":16384,"length":0,"pendingcb":0,"writelen":0}},"_removedConnection":false,"_removedContLen":false,"_removedTE":false,"_trailer":"","aborted":false,"agent":{"_events":{},"_eventsCount":2,"defaultPort":80,"freeSockets":{},"keepAlive":true,"keepAliveMsecs":1000,"maxFreeSockets":256,"maxSockets":null,"maxTotalSockets":null,"options":{"keepAlive":true,"noDelay":true,"path":null,"scheduling":"lifo","timeout":5000},"protocol":"http:","requests":{},"scheduling":"lifo","sockets":{"localhost:8081:":["[Object]"]},"totalSocketCount":1},"chunkedEncoding":false,"destroyed":false,"finished":true,"host":"localhost","insecureHTTPParser":false,"maxHeadersCount":null,"maxRequestsOnConnectionReached":false,"method":"PATCH","outputData":[],"outputSize":0,"parser":null,"path":"/api/v1/addresses/8","protocol":"http:","res":{"_consuming":true,"_dumped":false,"_events":{"end":[null,null]},"_eventsCount":4,"_readableState":{"awaitDrainWriters":null,"buffer":[],"bufferIndex":0,"highWaterMark":16384,"length":0,"pipes":[]},"aborted":false,"client":{"_closeAfterHandlingError":false,"_events":{"close":"[Array]","error":"[Array]","timeout":"[Array]"},"_eventsCount":7,"_hadError":false,"_host":"localhost","_httpMessage":"[Circular]","_parent":null,"_pendingData":null,"_pendingEncoding":"","_readableState":{"awaitDrainWriters":null,"buffer":[],"bufferIndex":0,"highWaterMark":16384,"length":0,"pipes":[]},"_server":null,"_sockname":null,"_writableState":{"bufferedIndex":0,"corked":0,"highWaterMark":16384,"length":0,"pendingcb":1,"writelen":0},"allowHalfOpen":false,"autoSelectFamilyAttemptedAddresses":["::1:8081"],"connecting":false,"parser":null,"server":null,"timeout":60000},"complete":true,"httpVersion":"1.1","httpVersionMajor":1,"httpVersionMinor":1,"method":null,"rawHeaders":["X-Content-Type-Options","nosniff","X-XSS-Protection","0","Cache-Control","no-cache, no-store, max-age=0, must-revalidate","Pragma","no-cache","Expires","0","X-Frame-Options","DENY","Content-Type","application/problem+json","Transfer-Encoding","chunked","Date","Sat, 29 Aug 2026 15:01:35 GMT","Connection","close"],"rawTrailers":[],"redirects":[],"req":"[Circular]","responseUrl":"http://localhost:8081/api/v1/addresses/8","socket":{"_closeAfterHandlingError":false,"_events":{"close":"[Array]","error":"[Array]","timeout":"[Array]"},"_eventsCount":7,"_hadError":false,"_host":"localhost","_httpMessage":"[Circular]","_parent":null,"_pendingData":null,"_pendingEncoding":"","_readableState":{"awaitDrainWriters":null,"buffer":[],"bufferIndex":0,"highWaterMark":16384,"length":0,"pipes":[]},"_server":null,"_sockname":null,"_writableState":{"bufferedIndex":0,"corked":0,"highWaterMark":16384,"length":0,"pendingcb":1,"writelen":0},"allowHalfOpen":false,"autoSelectFamilyAttemptedAddresses":["::1:8081"],"connecting":false,"parser":null,"server":null,"timeout":60000},"statusCode":400,"statusMessage":"","upgrade":false,"url":""},"reusedSocket":false,"sendDate":false,"shouldKeepAlive":false,"strictContentLength":false,"upgradeOrConnect":false,"useChunkedEncodingByDefault":true,"writable":true},"response":{"config":{"adapter":["xhr","http","fetch"],"allowAbsoluteUrls":true,"baseURL":"","data":"{\"street\":\"33 Friedrichstraße\",\"postalCode\":\"2005\",\"city\":\"PHOENIX\",\"country\":\"ETATS_UNIS\",\"defaultAddress\":false}","env":{},"headers":{"Accept":"application/json","Accept-Encoding":"gzip, compress, deflate, br","Content-Length":"115","Content-Type":"application/json; charset=utf-8","User-Agent":"axios/1.17.0"},"maxBodyLength":-1,"maxContentLength":-1,"method":"patch","timeout":60000,"transformRequest":[null],"transformResponse":[null],"transitional":{"advertiseZstdAcceptEncoding":false,"clarifyTimeoutError":false,"forcedJSONParsing":true,"legacyInterceptorReqResOrdering":true,"silentJSONParsing":true},"url":"http://localhost:8081/api/v1/addresses/8","xsrfCookieName":"XSRF-TOKEN","xsrfHeaderName":"X-XSRF-TOKEN"},"data":{"detail":"Validation failed","errorCode":"VALIDATION_ERROR","errors":["userId : ne doit pas être nul"],"instance":"/api/v1/addresses/8","status":400,"title":"Validation error"},"headers":{"cache-control":"no-cache, no-store, max-age=0, must-revalidate","connection":"close","content-type":"application/problem+json","date":"Sat, 29 Aug 2026 15:01:35 GMT","expires":"0","pragma":"no-cache","transfer-encoding":"chunked","x-content-type-options":"nosniff","x-frame-options":"DENY","x-xss-protection":"0"},"request":{"_closed":false,"_contentLength":"115","_defaultKeepAlive":true,"_ended":true,"_events":{},"_eventsCount":7,"_hasBody":true,"_header":"PATCH /api/v1/addresses/8 HTTP/1.1\r\nAccept: application/json\r\nContent-Type: application/json; charset=utf-8\r\nUser-Agent: axios/1.17.0\r\nContent-Length: 115\r\nAccept-Encoding: gzip, compress, deflate, br\r\nHost: localhost:8081\r\nConnection: keep-alive\r\n\r\n","_headerSent":true,"_keepAliveTimeout":0,"_last":false,"_redirectable":{"_currentRequest":"[Circular]","_currentUrl":"http://localhost:8081/api/v1/addresses/8","_ended":true,"_ending":true,"_events":{"socket":"[Array]"},"_eventsCount":4,"_headerFilter":{},"_options":{"agents":"[Object]","beforeRedirects":"[Object]","headers":"[Object]","hostname":"localhost","insecureHTTPParser":false,"maxBodyLength":null,"maxRedirects":21,"method":"PATCH","nativeProtocols":"[Object]","path":"/api/v1/addresses/8","pathname":"/api/v1/addresses/8","port":"8081","protocol":"http:","sensitiveHeaders":[]},"_redirectCount":0,"_redirects":[],"_requestBodyBuffers":[],"_requestBodyLength":115,"_timeout":null,"_writableState":{"bufferedIndex":0,"corked":0,"highWaterMark":16384,"length":0,"pendingcb":0,"writelen":0}},"_removedConnection":false,"_removedContLen":false,"_removedTE":false,"_trailer":"","aborted":false,"agent":{"_events":{},"_eventsCount":2,"defaultPort":80,"freeSockets":{},"keepAlive":true,"keepAliveMsecs":1000,"maxFreeSockets":256,"maxSockets":null,"maxTotalSockets":null,"options":{"keepAlive":true,"noDelay":true,"path":null,"scheduling":"lifo","timeout":5000},"protocol":"http:","requests":{},"scheduling":"lifo","sockets":{"localhost:8081:":"[Array]"},"totalSocketCount":1},"chunkedEncoding":false,"destroyed":false,"finished":true,"host":"localhost","insecureHTTPParser":false,"maxHeadersCount":null,"maxRequestsOnConnectionReached":false,"method":"PATCH","outputData":[],"outputSize":0,"parser":null,"path":"/api/v1/addresses/8","protocol":"http:","res":{"_consuming":true,"_dumped":false,"_events":{"end":"[Array]"},"_eventsCount":4,"_readableState":{"awaitDrainWriters":null,"buffer":[],"bufferIndex":0,"highWaterMark":16384,"length":0,"pipes":[]},"aborted":false,"client":{"_closeAfterHandlingError":false,"_events":"[Object]","_eventsCount":7,"_hadError":false,"_host":"localhost","_httpMessage":"[Circular]","_parent":null,"_pendingData":null,"_pendingEncoding":"","_readableState":"[Object]","_server":null,"_sockname":null,"_writableState":"[Object]","allowHalfOpen":false,"autoSelectFamilyAttemptedAddresses":"[Array]","connecting":false,"parser":null,"server":null,"timeout":60000},"complete":true,"httpVersion":"1.1","httpVersionMajor":1,"httpVersionMinor":1,"method":null,"rawHeaders":["X-Content-Type-Options","nosniff","X-XSS-Protection","0","Cache-Control","no-cache, no-store, max-age=0, must-revalidate","Pragma","no-cache","Expires","0","X-Frame-Options","DENY","Content-Type","application/problem+json","Transfer-Encoding","chunked","Date","Sat, 29 Aug 2026 15:01:35 GMT","Connection","close"],"rawTrailers":[],"redirects":[],"req":"[Circular]","responseUrl":"http://localhost:8081/api/v1/addresses/8","socket":{"_closeAfterHandlingError":false,"_events":"[Object]","_eventsCount":7,"_hadError":false,"_host":"localhost","_httpMessage":"[Circular]","_parent":null,"_pendingData":null,"_pendingEncoding":"","_readableState":"[Object]","_server":null,"_sockname":null,"_writableState":"[Object]","allowHalfOpen":false,"autoSelectFamilyAttemptedAddresses":"[Array]","connecting":false,"parser":null,"server":null,"timeout":60000},"statusCode":400,"statusMessage":"","upgrade":false,"url":""},"reusedSocket":false,"sendDate":false,"shouldKeepAlive":false,"strictContentLength":false,"upgradeOrConnect":false,"useChunkedEncodingByDefault":true,"writable":true},"status":400,"statusText":""},"stack":"AxiosError: Request failed with status code 400\n    at settle (webpack-internal:///(action-browser)/./node_modules/axios/lib/core/settle.js:24:12)\n    at IncomingMessage.handleStreamEnd (webpack-internal:///(action-browser)/./node_modules/axios/lib/adapters/http.js:1116:73)\n    at IncomingMessage.emit (node:events:530:35)\n    at endReadableNT (node:internal/streams/readable:1698:12)\n    at process.processTicksAndRejections (node:internal/process/task_queues:90:21)\n    at Axios.request (webpack-internal:///(action-browser)/./node_modules/axios/lib/core/Axios.js:59:41)\n    at process.processTicksAndRejections (node:internal/process/task_queues:105:5)\n    at async updateAddress (webpack-internal:///(action-browser)/./src/lib/addresses/api/services/address.server.ts:113:26)\n    at async updateAddressAction (webpack-internal:///(action-browser)/./src/lib/addresses/api/action.ts:26:20)\n    at async executeActionAndPrepareForRender (D:\\software engineering\\templates\\frontend-template\\tailadmin-dashboard\\node_modules\\next\\dist\\compiled\\next-server\\app-page.runtime.dev.js:64:5248)\n    at async D:\\software engineering\\templates\\frontend-template\\tailadmin-dashboard\\node_modules\\next\\dist\\compiled\\next-server\\app-page.runtime.dev.js:64:1986\n    at async handleAction (D:\\software engineering\\templates\\frontend-template\\tailadmin-dashboard\\node_modules\\next\\dist\\compiled\\next-server\\app-page.runtime.dev.js:62:25687)\n    at async renderToHTMLOrFlightImpl (D:\\software engineering\\templates\\frontend-template\\tailadmin-dashboard\\node_modules\\next\\dist\\compiled\\next-server\\app-page.runtime.dev.js:69:55695)\n    at async doRender (webpack-internal:///(rsc)/./node_modules/next/dist/build/webpack/loaders/next-app-loader/index.js?name=app%2F(website)%2Fdashboard%2F(others-pages)%2Fprofile%2Fpage&page=%2F(website)%2Fdashboard%2F(others-pages)%2Fprofile%2Fpage&appPaths=%2F(website)%2Fdashboard%2F(others-pages)%2Fprofile%2Fpage&allNormalizedAppPaths=&pagePath=private-next-app-dir%2F(website)%2Fdashboard%2F(others-pages)%2Fprofile%2Fpage.tsx&appDir=D%3A%5Csoftware%20engineering%5Ctemplates%5Cfrontend-template%5Ctailadmin-dashboard%5Csrc%5Capp&pageExtensions=tsx&pageExtensions=ts&pageExtensions=jsx&pageExtensions=js&rootDir=D%3A%5Csoftware%20engineering%5Ctemplates%5Cfrontend-template%5Ctailadmin-dashboard&isDev=true&tsconfigPath=&basePath=&assetPrefix=&nextConfigOutput=&preferredRegion=&middlewareConfig=e30%3D&isGlobalNotFoundEnabled=!:655:28)\n    at async AppPageRouteModule.handleResponse (D:\\software engineering\\templates\\frontend-template\\tailadmin-dashboard\\node_modules\\next\\dist\\compiled\\next-server\\app-page.runtime.dev.js:71:66354)\n    at async handleResponse (webpack-internal:///(rsc)/./node_modules/next/dist/build/webpack/loaders/next-app-loader/index.js?name=app%2F(website)%2Fdashboard%2F(others-pages)%2Fprofile%2Fpage&page=%2F(website)%2Fdashboard%2F(others-pages)%2Fprofile%2Fpage&appPaths=%2F(website)%2Fdashboard%2F(others-pages)%2Fprofile%2Fpage&allNormalizedAppPaths=&pagePath=private-next-app-dir%2F(website)%2Fdashboard%2F(others-pages)%2Fprofile%2Fpage.tsx&appDir=D%3A%5Csoftware%20engineering%5Ctemplates%5Cfrontend-template%5Ctailadmin-dashboard%5Csrc%5Capp&pageExtensions=tsx&pageExtensions=ts&pageExtensions=jsx&pageExtensions=js&rootDir=D%3A%5Csoftware%20engineering%5Ctemplates%5Cfrontend-template%5Ctailadmin-dashboard&isDev=true&tsconfigPath=&basePath=&assetPrefix=&nextConfigOutput=&preferredRegion=&middlewareConfig=e30%3D&isGlobalNotFoundEnabled=!:976:32)\n    at async Module.handler (webpack-internal:///(rsc)/./node_modules/next/dist/build/webpack/loaders/next-app-loader/index.js?name=app%2F(website)%2Fdashboard%2F(others-pages)%2Fprofile%2Fpage&page=%2F(website)%2Fdashboard%2F(others-pages)%2Fprofile%2Fpage&appPaths=%2F(website)%2Fdashboard%2F(others-pages)%2Fprofile%2Fpage&allNormalizedAppPaths=&pagePath=private-next-app-dir%2F(website)%2Fdashboard%2F(others-pages)%2Fprofile%2Fpage.tsx&appDir=D%3A%5Csoftware%20engineering%5Ctemplates%5Cfrontend-template%5Ctailadmin-dashboard%5Csrc%5Capp&pageExtensions=tsx&pageExtensions=ts&pageExtensions=jsx&pageExtensions=js&rootDir=D%3A%5Csoftware%20engineering%5Ctemplates%5Cfrontend-template%5Ctailadmin-dashboard&isDev=true&tsconfigPath=&basePath=&assetPrefix=&nextConfigOutput=&preferredRegion=&middlewareConfig=e30%3D&isGlobalNotFoundEnabled=!:1380:20)\n    at async DevServer.renderToResponseWithComponentsImpl (D:\\software engineering\\templates\\frontend-template\\tailadmin-dashboard\\node_modules\\next\\dist\\server\\base-server.js:1462:9)\n    at async DevServer.renderPageComponent (D:\\software engineering\\templates\\frontend-template\\tailadmin-dashboard\\node_modules\\next\\dist\\server\\base-server.js:1514:24)\n    at async DevServer.renderToResponseImpl (D:\\software engineering\\templates\\frontend-template\\tailadmin-dashboard\\node_modules\\next\\dist\\server\\base-server.js:1564:32)\n    at async DevServer.pipeImpl (D:\\software engineering\\templates\\frontend-template\\tailadmin-dashboard\\node_modules\\next\\dist\\server\\base-server.js:1044:25)\n    at async NextNodeServer.handleCatchallRenderRequest (D:\\software engineering\\templates\\frontend-template\\tailadmin-dashboard\\node_modules\\next\\dist\\server\\next-server.js:338:17)\n    at async DevServer.handleRequestImpl (D:\\software engineering\\templates\\frontend-template\\tailadmin-dashboard\\node_modules\\next\\dist\\server\\base-server.js:935:17)\n    at async D:\\software engineering\\templates\\frontend-template\\tailadmin-dashboard\\node_modules\\next\\dist\\server\\dev\\next-dev-server.js:394:20\n    at async Span.traceAsyncFn (D:\\software engineering\\templates\\frontend-template\\tailadmin-dashboard\\node_modules\\next\\dist\\trace\\trace.js:164:20)\n    at async DevServer.handleRequest (D:\\software engineering\\templates\\frontend-template\\tailadmin-dashboard\\node_modules\\next\\dist\\server\\dev\\next-dev-server.js:390:24)\n    at async invokeRender (D:\\software engineering\\templates\\frontend-template\\tailadmin-dashboard\\node_modules\\next\\dist\\server\\lib\\router-server.js:266:21)\n    at async handleRequest (D:\\software engineering\\templates\\frontend-template\\tailadmin-dashboard\\node_modules\\next\\dist\\server\\lib\\router-server.js:465:24)\n    at async requestHandlerImpl (D:\\software engineering\\templates\\frontend-template\\tailadmin-dashboard\\node_modules\\next\\dist\\server\\lib\\router-server.js:514:13)\n    at async Server.requestListener (D:\\software engineering\\templates\\frontend-template\\tailadmin-dashboard\\node_modules\\next\\dist\\server\\lib\\start-server.js:225:13)","status":400,"type":"AxiosError"},"context":"updateAddress","addressId":8,"msg":"API request failed"}
{"level":40,"time":1788015695960,"pid":10144,"hostname":"ELTECH","detail":"Validation failed","instance":"/api/v1/addresses/8","status":400,"title":"Validation error","errorCode":"VALIDATION_ERROR","errors":["userId : ne doit pas être nul"],"msg":"[Axios Error] [updateAddress]"}
{"level":30,"time":1788015696354,"pid":10144,"hostname":"ELTECH","url":"http://localhost:8081/api/v1/addresses?userId=2","filters":{"userId":2},"count":7,"msg":"User addresses fetched"}
{"level":50,"time":1788015697598,"pid":10144,"hostname":"ELTECH","error":"Request failed with status code 400","detail":"Validation failed","instance":"/api/v1/addresses/8","status":400,"title":"Validation error","errorCode":"VALIDATION_ERROR","errors":["userId : ne doit pas être nul"],"msg":"API error"}
{"level":50,"time":1788015697600,"pid":10144,"hostname":"ELTECH","err":{"code":"ERR_BAD_REQUEST","config":{"adapter":["xhr","http","fetch"],"allowAbsoluteUrls":true,"baseURL":"","data":"{\"street\":\"33 Friedrichstraße\",\"postalCode\":\"2005\",\"city\":\"PHOENIX\",\"country\":\"ETATS_UNIS\",\"defaultAddress\":false}","env":{},"headers":{"Accept":"application/json","Accept-Encoding":"gzip, compress, deflate, br","Content-Length":"115","Content-Type":"application/json; charset=utf-8","User-Agent":"axios/1.17.0"},"maxBodyLength":-1,"maxContentLength":-1,"method":"patch","timeout":60000,"transformRequest":[null],"transformResponse":[null],"transitional":{"advertiseZstdAcceptEncoding":false,"clarifyTimeoutError":false,"forcedJSONParsing":true,"legacyInterceptorReqResOrdering":true,"silentJSONParsing":true},"url":"http://localhost:8081/api/v1/addresses/8","xsrfCookieName":"XSRF-TOKEN","xsrfHeaderName":"X-XSRF-TOKEN"},"isAxiosError":true,"message":"Request failed with status code 400","name":"AxiosError","request":{"_closed":false,"_contentLength":"115","_defaultKeepAlive":true,"_ended":true,"_events":{},"_eventsCount":7,"_hasBody":true,"_header":"PATCH /api/v1/addresses/8 HTTP/1.1\r\nAccept: application/json\r\nContent-Type: application/json; charset=utf-8\r\nUser-Agent: axios/1.17.0\r\nContent-Length: 115\r\nAccept-Encoding: gzip, compress, deflate, br\r\nHost: localhost:8081\r\nConnection: keep-alive\r\n\r\n","_headerSent":true,"_keepAliveTimeout":0,"_last":false,"_redirectable":{"_currentRequest":"[Circular]","_currentUrl":"http://localhost:8081/api/v1/addresses/8","_ended":true,"_ending":true,"_events":{"socket":[null,null]},"_eventsCount":4,"_headerFilter":{},"_options":{"agents":{},"beforeRedirects":{},"headers":{"Accept":"application/json","Accept-Encoding":"gzip, compress, deflate, br","Content-Length":"115","Content-Type":"application/json; charset=utf-8","User-Agent":"axios/1.17.0"},"hostname":"localhost","insecureHTTPParser":false,"maxBodyLength":null,"maxRedirects":21,"method":"PATCH","nativeProtocols":{"http:":"[Object]","https:":"[Object]"},"path":"/api/v1/addresses/8","pathname":"/api/v1/addresses/8","port":"8081","protocol":"http:","sensitiveHeaders":[]},"_redirectCount":0,"_redirects":[],"_requestBodyBuffers":[],"_requestBodyLength":115,"_timeout":null,"_writableState":{"bufferedIndex":0,"corked":0,"highWaterMark":16384,"length":0,"pendingcb":0,"writelen":0}},"_removedConnection":false,"_removedContLen":false,"_removedTE":false,"_trailer":"","aborted":false,"agent":{"_events":{},"_eventsCount":2,"defaultPort":80,"freeSockets":{},"keepAlive":true,"keepAliveMsecs":1000,"maxFreeSockets":256,"maxSockets":null,"maxTotalSockets":null,"options":{"keepAlive":true,"noDelay":true,"path":null,"scheduling":"lifo","timeout":5000},"protocol":"http:","requests":{},"scheduling":"lifo","sockets":{"localhost:8081:":["[Object]"]},"totalSocketCount":1},"chunkedEncoding":false,"destroyed":false,"finished":true,"host":"localhost","insecureHTTPParser":false,"maxHeadersCount":null,"maxRequestsOnConnectionReached":false,"method":"PATCH","outputData":[],"outputSize":0,"parser":null,"path":"/api/v1/addresses/8","protocol":"http:","res":{"_consuming":false,"_dumped":false,"_events":{"end":[null,null]},"_eventsCount":4,"_readableState":{"awaitDrainWriters":null,"buffer":[],"bufferIndex":0,"highWaterMark":16384,"length":0,"pipes":[]},"aborted":false,"client":{"_closeAfterHandlingError":false,"_events":{"close":"[Array]","error":"[Array]","timeout":"[Array]"},"_eventsCount":7,"_hadError":false,"_host":"localhost","_httpMessage":"[Circular]","_parent":null,"_pendingData":null,"_pendingEncoding":"","_readableState":{"awaitDrainWriters":null,"buffer":[],"bufferIndex":0,"highWaterMark":16384,"length":0,"pipes":[]},"_server":null,"_sockname":null,"_writableState":{"bufferedIndex":0,"corked":0,"highWaterMark":16384,"length":0,"pendingcb":1,"writelen":0},"allowHalfOpen":false,"autoSelectFamilyAttemptedAddresses":["::1:8081"],"connecting":false,"parser":null,"server":null,"timeout":60000},"complete":true,"httpVersion":"1.1","httpVersionMajor":1,"httpVersionMinor":1,"method":null,"rawHeaders":["X-Content-Type-Options","nosniff","X-XSS-Protection","0","Cache-Control","no-cache, no-store, max-age=0, must-revalidate","Pragma","no-cache","Expires","0","X-Frame-Options","DENY","Content-Type","application/problem+json","Transfer-Encoding","chunked","Date","Sat, 29 Aug 2026 15:01:37 GMT","Connection","close"],"rawTrailers":[],"redirects":[],"req":"[Circular]","responseUrl":"http://localhost:8081/api/v1/addresses/8","socket":{"_closeAfterHandlingError":false,"_events":{"close":"[Array]","error":"[Array]","timeout":"[Array]"},"_eventsCount":7,"_hadError":false,"_host":"localhost","_httpMessage":"[Circular]","_parent":null,"_pendingData":null,"_pendingEncoding":"","_readableState":{"awaitDrainWriters":null,"buffer":[],"bufferIndex":0,"highWaterMark":16384,"length":0,"pipes":[]},"_server":null,"_sockname":null,"_writableState":{"bufferedIndex":0,"corked":0,"highWaterMark":16384,"length":0,"pendingcb":1,"writelen":0},"allowHalfOpen":false,"autoSelectFamilyAttemptedAddresses":["::1:8081"],"connecting":false,"parser":null,"server":null,"timeout":60000},"statusCode":400,"statusMessage":"","upgrade":false,"url":""},"reusedSocket":true,"sendDate":false,"shouldKeepAlive":false,"strictContentLength":false,"upgradeOrConnect":false,"useChunkedEncodingByDefault":true,"writable":true},"response":{"config":{"adapter":["xhr","http","fetch"],"allowAbsoluteUrls":true,"baseURL":"","data":"{\"street\":\"33 Friedrichstraße\",\"postalCode\":\"2005\",\"city\":\"PHOENIX\",\"country\":\"ETATS_UNIS\",\"defaultAddress\":false}","env":{},"headers":{"Accept":"application/json","Accept-Encoding":"gzip, compress, deflate, br","Content-Length":"115","Content-Type":"application/json; charset=utf-8","User-Agent":"axios/1.17.0"},"maxBodyLength":-1,"maxContentLength":-1,"method":"patch","timeout":60000,"transformRequest":[null],"transformResponse":[null],"transitional":{"advertiseZstdAcceptEncoding":false,"clarifyTimeoutError":false,"forcedJSONParsing":true,"legacyInterceptorReqResOrdering":true,"silentJSONParsing":true},"url":"http://localhost:8081/api/v1/addresses/8","xsrfCookieName":"XSRF-TOKEN","xsrfHeaderName":"X-XSRF-TOKEN"},"data":{"detail":"Validation failed","errorCode":"VALIDATION_ERROR","errors":["userId : ne doit pas être nul"],"instance":"/api/v1/addresses/8","status":400,"title":"Validation error"},"headers":{"cache-control":"no-cache, no-store, max-age=0, must-revalidate","connection":"close","content-type":"application/problem+json","date":"Sat, 29 Aug 2026 15:01:37 GMT","expires":"0","pragma":"no-cache","transfer-encoding":"chunked","x-content-type-options":"nosniff","x-frame-options":"DENY","x-xss-protection":"0"},"request":{"_closed":false,"_contentLength":"115","_defaultKeepAlive":true,"_ended":true,"_events":{},"_eventsCount":7,"_hasBody":true,"_header":"PATCH /api/v1/addresses/8 HTTP/1.1\r\nAccept: application/json\r\nContent-Type: application/json; charset=utf-8\r\nUser-Agent: axios/1.17.0\r\nContent-Length: 115\r\nAccept-Encoding: gzip, compress, deflate, br\r\nHost: localhost:8081\r\nConnection: keep-alive\r\n\r\n","_headerSent":true,"_keepAliveTimeout":0,"_last":false,"_redirectable":{"_currentRequest":"[Circular]","_currentUrl":"http://localhost:8081/api/v1/addresses/8","_ended":true,"_ending":true,"_events":{"socket":"[Array]"},"_eventsCount":4,"_headerFilter":{},"_options":{"agents":"[Object]","beforeRedirects":"[Object]","headers":"[Object]","hostname":"localhost","insecureHTTPParser":false,"maxBodyLength":null,"maxRedirects":21,"method":"PATCH","nativeProtocols":"[Object]","path":"/api/v1/addresses/8","pathname":"/api/v1/addresses/8","port":"8081","protocol":"http:","sensitiveHeaders":[]},"_redirectCount":0,"_redirects":[],"_requestBodyBuffers":[],"_requestBodyLength":115,"_timeout":null,"_writableState":{"bufferedIndex":0,"corked":0,"highWaterMark":16384,"length":0,"pendingcb":0,"writelen":0}},"_removedConnection":false,"_removedContLen":false,"_removedTE":false,"_trailer":"","aborted":false,"agent":{"_events":{},"_eventsCount":2,"defaultPort":80,"freeSockets":{},"keepAlive":true,"keepAliveMsecs":1000,"maxFreeSockets":256,"maxSockets":null,"maxTotalSockets":null,"options":{"keepAlive":true,"noDelay":true,"path":null,"scheduling":"lifo","timeout":5000},"protocol":"http:","requests":{},"scheduling":"lifo","sockets":{"localhost:8081:":"[Array]"},"totalSocketCount":1},"chunkedEncoding":false,"destroyed":false,"finished":true,"host":"localhost","insecureHTTPParser":false,"maxHeadersCount":null,"maxRequestsOnConnectionReached":false,"method":"PATCH","outputData":[],"outputSize":0,"parser":null,"path":"/api/v1/addresses/8","protocol":"http:","res":{"_consuming":false,"_dumped":false,"_events":{"end":"[Array]"},"_eventsCount":4,"_readableState":{"awaitDrainWriters":null,"buffer":[],"bufferIndex":0,"highWaterMark":16384,"length":0,"pipes":[]},"aborted":false,"client":{"_closeAfterHandlingError":false,"_events":"[Object]","_eventsCount":7,"_hadError":false,"_host":"localhost","_httpMessage":"[Circular]","_parent":null,"_pendingData":null,"_pendingEncoding":"","_readableState":"[Object]","_server":null,"_sockname":null,"_writableState":"[Object]","allowHalfOpen":false,"autoSelectFamilyAttemptedAddresses":"[Array]","connecting":false,"parser":null,"server":null,"timeout":60000},"complete":true,"httpVersion":"1.1","httpVersionMajor":1,"httpVersionMinor":1,"method":null,"rawHeaders":["X-Content-Type-Options","nosniff","X-XSS-Protection","0","Cache-Control","no-cache, no-store, max-age=0, must-revalidate","Pragma","no-cache","Expires","0","X-Frame-Options","DENY","Content-Type","application/problem+json","Transfer-Encoding","chunked","Date","Sat, 29 Aug 2026 15:01:37 GMT","Connection","close"],"rawTrailers":[],"redirects":[],"req":"[Circular]","responseUrl":"http://localhost:8081/api/v1/addresses/8","socket":{"_closeAfterHandlingError":false,"_events":"[Object]","_eventsCount":7,"_hadError":false,"_host":"localhost","_httpMessage":"[Circular]","_parent":null,"_pendingData":null,"_pendingEncoding":"","_readableState":"[Object]","_server":null,"_sockname":null,"_writableState":"[Object]","allowHalfOpen":false,"autoSelectFamilyAttemptedAddresses":"[Array]","connecting":false,"parser":null,"server":null,"timeout":60000},"statusCode":400,"statusMessage":"","upgrade":false,"url":""},"reusedSocket":true,"sendDate":false,"shouldKeepAlive":false,"strictContentLength":false,"upgradeOrConnect":false,"useChunkedEncodingByDefault":true,"writable":true},"status":400,"statusText":""},"stack":"AxiosError: Request failed with status code 400\n    at settle (webpack-internal:///(action-browser)/./node_modules/axios/lib/core/settle.js:24:12)\n    at IncomingMessage.handleStreamEnd (webpack-internal:///(action-browser)/./node_modules/axios/lib/adapters/http.js:1116:73)\n    at IncomingMessage.emit (node:events:530:35)\n    at endReadableNT (node:internal/streams/readable:1698:12)\n    at process.processTicksAndRejections (node:internal/process/task_queues:90:21)\n    at Axios.request (webpack-internal:///(action-browser)/./node_modules/axios/lib/core/Axios.js:59:41)\n    at process.processTicksAndRejections (node:internal/process/task_queues:105:5)\n    at async updateAddress (webpack-internal:///(action-browser)/./src/lib/addresses/api/services/address.server.ts:113:26)\n    at async updateAddressAction (webpack-internal:///(action-browser)/./src/lib/addresses/api/action.ts:26:20)\n    at async executeActionAndPrepareForRender (D:\\software engineering\\templates\\frontend-template\\tailadmin-dashboard\\node_modules\\next\\dist\\compiled\\next-server\\app-page.runtime.dev.js:64:5248)\n    at async D:\\software engineering\\templates\\frontend-template\\tailadmin-dashboard\\node_modules\\next\\dist\\compiled\\next-server\\app-page.runtime.dev.js:64:1986\n    at async handleAction (D:\\software engineering\\templates\\frontend-template\\tailadmin-dashboard\\node_modules\\next\\dist\\compiled\\next-server\\app-page.runtime.dev.js:62:25687)\n    at async renderToHTMLOrFlightImpl (D:\\software engineering\\templates\\frontend-template\\tailadmin-dashboard\\node_modules\\next\\dist\\compiled\\next-server\\app-page.runtime.dev.js:69:55695)\n    at async doRender (webpack-internal:///(rsc)/./node_modules/next/dist/build/webpack/loaders/next-app-loader/index.js?name=app%2F(website)%2Fdashboard%2F(others-pages)%2Fprofile%2Fpage&page=%2F(website)%2Fdashboard%2F(others-pages)%2Fprofile%2Fpage&appPaths=%2F(website)%2Fdashboard%2F(others-pages)%2Fprofile%2Fpage&allNormalizedAppPaths=&pagePath=private-next-app-dir%2F(website)%2Fdashboard%2F(others-pages)%2Fprofile%2Fpage.tsx&appDir=D%3A%5Csoftware%20engineering%5Ctemplates%5Cfrontend-template%5Ctailadmin-dashboard%5Csrc%5Capp&pageExtensions=tsx&pageExtensions=ts&pageExtensions=jsx&pageExtensions=js&rootDir=D%3A%5Csoftware%20engineering%5Ctemplates%5Cfrontend-template%5Ctailadmin-dashboard&isDev=true&tsconfigPath=&basePath=&assetPrefix=&nextConfigOutput=&preferredRegion=&middlewareConfig=e30%3D&isGlobalNotFoundEnabled=!:655:28)\n    at async AppPageRouteModule.handleResponse (D:\\software engineering\\templates\\frontend-template\\tailadmin-dashboard\\node_modules\\next\\dist\\compiled\\next-server\\app-page.runtime.dev.js:71:66354)\n    at async handleResponse (webpack-internal:///(rsc)/./node_modules/next/dist/build/webpack/loaders/next-app-loader/index.js?name=app%2F(website)%2Fdashboard%2F(others-pages)%2Fprofile%2Fpage&page=%2F(website)%2Fdashboard%2F(others-pages)%2Fprofile%2Fpage&appPaths=%2F(website)%2Fdashboard%2F(others-pages)%2Fprofile%2Fpage&allNormalizedAppPaths=&pagePath=private-next-app-dir%2F(website)%2Fdashboard%2F(others-pages)%2Fprofile%2Fpage.tsx&appDir=D%3A%5Csoftware%20engineering%5Ctemplates%5Cfrontend-template%5Ctailadmin-dashboard%5Csrc%5Capp&pageExtensions=tsx&pageExtensions=ts&pageExtensions=jsx&pageExtensions=js&rootDir=D%3A%5Csoftware%20engineering%5Ctemplates%5Cfrontend-template%5Ctailadmin-dashboard&isDev=true&tsconfigPath=&basePath=&assetPrefix=&nextConfigOutput=&preferredRegion=&middlewareConfig=e30%3D&isGlobalNotFoundEnabled=!:976:32)\n    at async Module.handler (webpack-internal:///(rsc)/./node_modules/next/dist/build/webpack/loaders/next-app-loader/index.js?name=app%2F(website)%2Fdashboard%2F(others-pages)%2Fprofile%2Fpage&page=%2F(website)%2Fdashboard%2F(others-pages)%2Fprofile%2Fpage&appPaths=%2F(website)%2Fdashboard%2F(others-pages)%2Fprofile%2Fpage&allNormalizedAppPaths=&pagePath=private-next-app-dir%2F(website)%2Fdashboard%2F(others-pages)%2Fprofile%2Fpage.tsx&appDir=D%3A%5Csoftware%20engineering%5Ctemplates%5Cfrontend-template%5Ctailadmin-dashboard%5Csrc%5Capp&pageExtensions=tsx&pageExtensions=ts&pageExtensions=jsx&pageExtensions=js&rootDir=D%3A%5Csoftware%20engineering%5Ctemplates%5Cfrontend-template%5Ctailadmin-dashboard&isDev=true&tsconfigPath=&basePath=&assetPrefix=&nextConfigOutput=&preferredRegion=&middlewareConfig=e30%3D&isGlobalNotFoundEnabled=!:1380:20)\n    at async DevServer.renderToResponseWithComponentsImpl (D:\\software engineering\\templates\\frontend-template\\tailadmin-dashboard\\node_modules\\next\\dist\\server\\base-server.js:1462:9)\n    at async DevServer.renderPageComponent (D:\\software engineering\\templates\\frontend-template\\tailadmin-dashboard\\node_modules\\next\\dist\\server\\base-server.js:1514:24)\n    at async DevServer.renderToResponseImpl (D:\\software engineering\\templates\\frontend-template\\tailadmin-dashboard\\node_modules\\next\\dist\\server\\base-server.js:1564:32)\n    at async DevServer.pipeImpl (D:\\software engineering\\templates\\frontend-template\\tailadmin-dashboard\\node_modules\\next\\dist\\server\\base-server.js:1044:25)\n    at async NextNodeServer.handleCatchallRenderRequest (D:\\software engineering\\templates\\frontend-template\\tailadmin-dashboard\\node_modules\\next\\dist\\server\\next-server.js:338:17)\n    at async DevServer.handleRequestImpl (D:\\software engineering\\templates\\frontend-template\\tailadmin-dashboard\\node_modules\\next\\dist\\server\\base-server.js:935:17)\n    at async D:\\software engineering\\templates\\frontend-template\\tailadmin-dashboard\\node_modules\\next\\dist\\server\\dev\\next-dev-server.js:394:20\n    at async Span.traceAsyncFn (D:\\software engineering\\templates\\frontend-template\\tailadmin-dashboard\\node_modules\\next\\dist\\trace\\trace.js:164:20)\n    at async DevServer.handleRequest (D:\\software engineering\\templates\\frontend-template\\tailadmin-dashboard\\node_modules\\next\\dist\\server\\dev\\next-dev-server.js:390:24)\n    at async invokeRender (D:\\software engineering\\templates\\frontend-template\\tailadmin-dashboard\\node_modules\\next\\dist\\server\\lib\\router-server.js:266:21)\n    at async handleRequest (D:\\software engineering\\templates\\frontend-template\\tailadmin-dashboard\\node_modules\\next\\dist\\server\\lib\\router-server.js:465:24)\n    at async requestHandlerImpl (D:\\software engineering\\templates\\frontend-template\\tailadmin-dashboard\\node_modules\\next\\dist\\server\\lib\\router-server.js:514:13)\n    at async Server.requestListener (D:\\software engineering\\templates\\frontend-template\\tailadmin-dashboard\\node_modules\\next\\dist\\server\\lib\\start-server.js:225:13)","status":400,"type":"AxiosError"},"context":"updateAddress","addressId":8,"msg":"API request failed"}
{"level":40,"time":1788015697601,"pid":10144,"hostname":"ELTECH","detail":"Validation failed","instance":"/api/v1/addresses/8","status":400,"title":"Validation error","errorCode":"VALIDATION_ERROR","errors":["userId : ne doit pas être nul"],"msg":"[Axios Error] [updateAddress]"}
{"level":30,"time":1788015697690,"pid":10144,"hostname":"ELTECH","url":"http://localhost:8081/api/v1/addresses?userId=2","filters":{"userId":2},"count":7,"msg":"User addresses fetched"}
{"level":30,"time":1788015702769,"pid":10144,"hostname":"ELTECH","url":"http://localhost:8081/api/v1/addresses?userId=2","filters":{"userId":2},"count":7,"msg":"User addresses fetched"}
{"level":30,"time":1788015728438,"pid":10144,"hostname":"ELTECH","addressId":8,"msg":"Address updated"}
{"level":30,"time":1788015728618,"pid":10144,"hostname":"ELTECH","url":"http://localhost:8081/api/v1/addresses?userId=2","filters":{"userId":2},"count":7,"msg":"User addresses fetched"}
{"level":30,"time":1788015728759,"pid":10144,"hostname":"ELTECH","url":"http://localhost:8081/api/v1/addresses?userId=2","filters":{"userId":2},"count":7,"msg":"User addresses fetched"}
{"level":30,"time":1788015760348,"pid":10144,"hostname":"ELTECH","addressId":8,"msg":"Address updated"}
{"level":30,"time":1788015760536,"pid":10144,"hostname":"ELTECH","url":"http://localhost:8081/api/v1/addresses?userId=2","filters":{"userId":2},"count":7,"msg":"User addresses fetched"}
{"level":30,"time":1788015760769,"pid":10144,"hostname":"ELTECH","url":"http://localhost:8081/api/v1/addresses?userId=2","filters":{"userId":2},"count":7,"msg":"User addresses fetched"}
{"level":30,"time":1788015795034,"pid":10144,"hostname":"ELTECH","url":"http://localhost:8081/api/v1/addresses?page=1&size=5&userId=2","filters":{"current":1,"limit":5,"userId":2},"count":7,"msg":"User addresses fetched"}
{"level":30,"time":1788015798103,"pid":10144,"hostname":"ELTECH","url":"http://localhost:8081/api/v1/addresses?page=2&size=5&userId=2","filters":{"current":2,"limit":5,"userId":2},"count":7,"msg":"User addresses fetched"}
{"level":30,"time":1788015888127,"pid":10144,"hostname":"ELTECH","url":"http://localhost:8081/api/v1/addresses?page=1&size=5&userId=2","filters":{"current":1,"limit":5,"userId":2},"count":7,"msg":"User addresses fetched"}
{"level":30,"time":1788016043904,"pid":10144,"hostname":"ELTECH","url":"http://localhost:8081/api/v1/addresses?page=1&size=5&userId=2","filters":{"current":1,"limit":5,"userId":2},"count":7,"msg":"User addresses fetched"}
{"level":30,"time":1788016062139,"pid":10144,"hostname":"ELTECH","url":"http://localhost:8081/api/v1/addresses?page=2&size=5&userId=2","filters":{"current":2,"limit":5,"userId":2},"count":7,"msg":"User addresses fetched"}
{"level":30,"time":1788016078256,"pid":10144,"hostname":"ELTECH","addressId":8,"msg":"Address fetched"}
{"level":30,"time":1788016081950,"pid":10144,"hostname":"ELTECH","addressId":8,"msg":"Address updated"}
{"level":30,"time":1788016082447,"pid":10144,"hostname":"ELTECH","url":"http://localhost:8081/api/v1/addresses?page=1&size=5&userId=2","filters":{"current":1,"limit":5,"userId":2},"count":7,"msg":"User addresses fetched"}
{"level":30,"time":1788016082599,"pid":10144,"hostname":"ELTECH","addressId":8,"msg":"Address fetched"}
{"level":30,"time":1788016082910,"pid":10144,"hostname":"ELTECH","url":"http://localhost:8081/api/v1/addresses?page=1&size=5&userId=2","filters":{"current":1,"limit":5,"userId":2},"count":7,"msg":"User addresses fetched"}
{"level":30,"time":1788016084894,"pid":10144,"hostname":"ELTECH","url":"http://localhost:8081/api/v1/addresses?page=2&size=5&userId=2","filters":{"current":2,"limit":5,"userId":2},"count":7,"msg":"User addresses fetched"}
{"level":30,"time":1788018971204,"pid":9052,"hostname":"ELTECH","filters":{"size":1000},"count":5,"msg":"Posts fetched"}
{"level":30,"time":1788019031702,"pid":9052,"hostname":"ELTECH","url":"http://localhost:8081/api/v1/addresses?page=1&size=5&userId=2","filters":{"current":1,"limit":5,"userId":2},"count":7,"msg":"User addresses fetched"}
{"level":30,"time":1788024950979,"pid":21908,"hostname":"ELTECH","filters":{"size":1000},"count":16,"msg":"Users fetched"}
{"level":30,"time":1788024953800,"pid":21908,"hostname":"ELTECH","id":1,"msg":"Post fetched"}
{"level":30,"time":1788025076821,"pid":21908,"hostname":"ELTECH","id":1,"msg":"Post fetched"}
{"level":30,"time":1788025090526,"pid":21908,"hostname":"ELTECH","id":1,"msg":"Post fetched"}
{"level":30,"time":1788025238648,"pid":21908,"hostname":"ELTECH","filters":{"page":1,"size":10},"count":16,"msg":"Users fetched"}
{"level":30,"time":1788025238657,"pid":21908,"hostname":"ELTECH","filters":{"page":1,"size":10},"count":5,"msg":"Posts fetched"}
{"level":30,"time":1788025238725,"pid":21908,"hostname":"ELTECH","filters":{"page":1,"size":10},"count":5,"msg":"Posts fetched"}
{"level":30,"time":1788025246510,"pid":21908,"hostname":"ELTECH","filters":{"page":1,"size":5},"count":5,"msg":"Posts fetched"}
{"level":30,"time":1788025246625,"pid":21908,"hostname":"ELTECH","filters":{"size":1000},"count":5,"msg":"Posts fetched"}
{"level":30,"time":1788025257955,"pid":21908,"hostname":"ELTECH","id":1,"msg":"Post fetched"}
{"level":30,"time":1788025274709,"pid":21908,"hostname":"ELTECH","id":4,"msg":"Post fetched"}
{"level":30,"time":1788025284274,"pid":21908,"hostname":"ELTECH","id":2,"msg":"Post fetched"}
{"level":30,"time":1788025521438,"pid":21908,"hostname":"ELTECH","id":2,"msg":"Post fetched"}
{"level":30,"time":1788025527100,"pid":21908,"hostname":"ELTECH","id":2,"msg":"Post fetched"}
{"level":30,"time":1788025555741,"pid":21908,"hostname":"ELTECH","filters":{"size":1000},"count":16,"msg":"Users fetched"}
{"level":30,"time":1788025559413,"pid":21908,"hostname":"ELTECH","filters":{"size":1000},"count":5,"msg":"Posts fetched"}
{"level":30,"time":1788025626552,"pid":21908,"hostname":"ELTECH","filters":{"size":1000},"count":16,"msg":"Users fetched"}
{"level":30,"time":1788025626598,"pid":21908,"hostname":"ELTECH","filters":{"size":1000},"count":5,"msg":"Posts fetched"}
{"level":30,"time":1788025626644,"pid":21908,"hostname":"ELTECH","id":2,"msg":"Post fetched"}
{"level":30,"time":1788025747222,"pid":21908,"hostname":"ELTECH","filters":{"size":1000},"count":16,"msg":"Users fetched"}
{"level":30,"time":1788025747248,"pid":21908,"hostname":"ELTECH","filters":{"size":1000},"count":5,"msg":"Posts fetched"}
{"level":30,"time":1788025747273,"pid":21908,"hostname":"ELTECH","id":2,"msg":"Post fetched"}
{"level":30,"time":1788025843532,"pid":21908,"hostname":"ELTECH","filters":{"size":1000},"count":16,"msg":"Users fetched"}
{"level":30,"time":1788025843556,"pid":21908,"hostname":"ELTECH","id":2,"msg":"Post fetched"}
{"level":30,"time":1788025843583,"pid":21908,"hostname":"ELTECH","filters":{"size":1000},"count":5,"msg":"Posts fetched"}
{"level":30,"time":1788025923083,"pid":21908,"hostname":"ELTECH","filters":{"size":1000},"count":5,"msg":"Posts fetched"}
{"level":30,"time":1788026011083,"pid":21908,"hostname":"ELTECH","id":2,"msg":"Post fetched"}
{"level":30,"time":1788026011097,"pid":21908,"hostname":"ELTECH","filters":{"size":1000},"count":16,"msg":"Users fetched"}
{"level":30,"time":1788026011512,"pid":21908,"hostname":"ELTECH","filters":{"size":1000},"count":5,"msg":"Posts fetched"}
{"level":30,"time":1788026103499,"pid":21908,"hostname":"ELTECH","filters":{"size":1000},"count":5,"msg":"Posts fetched"}
{"level":30,"time":1788026174581,"pid":21884,"hostname":"ELTECH","filters":{"size":1000},"count":16,"msg":"Users fetched"}
{"level":30,"time":1788026174607,"pid":21884,"hostname":"ELTECH","id":2,"msg":"Post fetched"}
{"level":30,"time":1788026174623,"pid":21884,"hostname":"ELTECH","filters":{"size":1000},"count":5,"msg":"Posts fetched"}
{"level":30,"time":1788026184153,"pid":21884,"hostname":"ELTECH","filters":{"size":1000},"count":5,"msg":"Posts fetched"}
{"level":30,"time":1788026215177,"pid":21884,"hostname":"ELTECH","filters":{"page":1,"size":10},"count":16,"msg":"Users fetched"}
{"level":30,"time":1788026215225,"pid":21884,"hostname":"ELTECH","filters":{"page":1,"size":5},"count":16,"msg":"Users fetched"}
{"level":30,"time":1788026215259,"pid":21884,"hostname":"ELTECH","filters":{"size":1000},"count":16,"msg":"Users fetched"}
{"level":30,"time":1788026216989,"pid":21884,"hostname":"ELTECH","filters":{"page":2,"size":10},"count":16,"msg":"Users fetched"}
{"level":30,"time":1788026217007,"pid":21884,"hostname":"ELTECH","filters":{"page":2,"size":5},"count":16,"msg":"Users fetched"}
{"level":30,"time":1788026219614,"pid":21884,"hostname":"ELTECH","id":11,"msg":"User fetched"}
{"level":30,"time":1788026220613,"pid":21884,"hostname":"ELTECH","url":"http://localhost:8081/api/v1/addresses?page=1&size=5&userId=11","filters":{"current":1,"limit":5,"userId":11},"count":1,"msg":"User addresses fetched"}
{"level":30,"time":1788026238376,"pid":21884,"hostname":"ELTECH","filters":{"page":1,"size":10},"count":5,"msg":"Posts fetched"}
{"level":30,"time":1788026238411,"pid":21884,"hostname":"ELTECH","filters":{"page":1,"size":5},"count":5,"msg":"Posts fetched"}
{"level":30,"time":1788026240654,"pid":21884,"hostname":"ELTECH","id":5,"msg":"Post fetched"}
{"level":30,"time":1788026431126,"pid":22388,"hostname":"ELTECH","filters":{"size":1000},"count":5,"msg":"Posts fetched"}
{"level":30,"time":1788026431205,"pid":22388,"hostname":"ELTECH","filters":{"page":1,"size":5},"count":5,"msg":"Posts fetched"}
{"level":30,"time":1788026431353,"pid":22388,"hostname":"ELTECH","id":5,"msg":"Post fetched"}
{"level":30,"time":1788026431373,"pid":22388,"hostname":"ELTECH","filters":{"page":1,"size":10},"count":5,"msg":"Posts fetched"}
{"level":30,"time":1788026435799,"pid":22388,"hostname":"ELTECH","filters":{"page":1,"size":5},"count":5,"msg":"Posts fetched"}
{"level":30,"time":1788026436502,"pid":22388,"hostname":"ELTECH","filters":{"size":1000},"count":5,"msg":"Posts fetched"}
{"level":30,"time":1788026472204,"pid":22388,"hostname":"ELTECH","filters":{"size":1000},"count":5,"msg":"Posts fetched"}
{"level":30,"time":1788026498969,"pid":22388,"hostname":"ELTECH","filters":{"page":1,"size":10},"count":5,"msg":"Posts fetched"}
{"level":30,"time":1788026499456,"pid":22388,"hostname":"ELTECH","filters":{"page":1,"size":5},"count":5,"msg":"Posts fetched"}
{"level":30,"time":1788026499520,"pid":22388,"hostname":"ELTECH","filters":{"size":1000},"count":5,"msg":"Posts fetched"}
{"level":30,"time":1788026518836,"pid":22388,"hostname":"ELTECH","id":4,"msg":"Post fetched"}
{"level":30,"time":1788026551725,"pid":22388,"hostname":"ELTECH","filters":{"size":1000},"count":16,"msg":"Users fetched"}
{"level":30,"time":1788026605808,"pid":22388,"hostname":"ELTECH","filters":{"size":1000},"count":5,"msg":"Posts fetched"}
{"level":30,"time":1788026605827,"pid":22388,"hostname":"ELTECH","id":4,"msg":"Post fetched"}
{"level":30,"time":1788026642021,"pid":22388,"hostname":"ELTECH","filters":{"size":1000},"count":16,"msg":"Users fetched"}
{"level":30,"time":1788026683470,"pid":22388,"hostname":"ELTECH","filters":{"size":1000},"count":5,"msg":"Posts fetched"}
{"level":30,"time":1788026683500,"pid":22388,"hostname":"ELTECH","id":4,"msg":"Post fetched"}
{"level":30,"time":1788026704387,"pid":22388,"hostname":"ELTECH","filters":{"size":1000},"count":16,"msg":"Users fetched"}
{"level":30,"time":1788026747638,"pid":22388,"hostname":"ELTECH","filters":{"size":1000},"count":5,"msg":"Posts fetched"}
{"level":30,"time":1788026747664,"pid":22388,"hostname":"ELTECH","id":4,"msg":"Post fetched"}
{"level":30,"time":1788026755299,"pid":22388,"hostname":"ELTECH","filters":{"size":1000},"count":5,"msg":"Posts fetched"}
{"level":30,"time":1788026784794,"pid":22388,"hostname":"ELTECH","filters":{"size":1000},"count":16,"msg":"Users fetched"}
{"level":30,"time":1788026810184,"pid":6064,"hostname":"ELTECH","id":4,"msg":"Post fetched"}
{"level":30,"time":1788026810229,"pid":6064,"hostname":"ELTECH","filters":{"size":1000},"count":5,"msg":"Posts fetched"}
{"level":30,"time":1788027343082,"pid":6064,"hostname":"ELTECH","filters":{"size":1000},"count":16,"msg":"Users fetched"}
{"level":30,"time":1788027343133,"pid":6064,"hostname":"ELTECH","filters":{"size":1000},"count":5,"msg":"Posts fetched"}
{"level":30,"time":1788027352698,"pid":6064,"hostname":"ELTECH","filters":{"page":1,"size":10},"count":5,"msg":"Posts fetched"}
{"level":30,"time":1788027352772,"pid":6064,"hostname":"ELTECH","filters":{"page":1,"size":5},"count":5,"msg":"Posts fetched"}
{"level":30,"time":1788027380703,"pid":6064,"hostname":"ELTECH","filters":{"page":1,"size":10},"count":5,"msg":"Posts fetched"}
{"level":30,"time":1788027387856,"pid":6064,"hostname":"ELTECH","id":5,"msg":"Post fetched"}
{"level":30,"time":1788027865987,"pid":6064,"hostname":"ELTECH","filters":{"size":1000},"count":16,"msg":"Users fetched"}
{"level":30,"time":1788027866056,"pid":6064,"hostname":"ELTECH","filters":{"size":1000},"count":5,"msg":"Posts fetched"}
{"level":30,"time":1788027983382,"pid":6064,"hostname":"ELTECH","filters":{"page":1,"size":10},"count":5,"msg":"Posts fetched"}
{"level":30,"time":1788027983410,"pid":6064,"hostname":"ELTECH","filters":{"page":1,"size":5},"count":5,"msg":"Posts fetched"}
{"level":30,"time":1788027983635,"pid":6064,"hostname":"ELTECH","filters":{"size":1000},"count":5,"msg":"Posts fetched"}
{"level":30,"time":1788027984352,"pid":6064,"hostname":"ELTECH","filters":{"size":1000},"count":16,"msg":"Users fetched"}
{"level":30,"time":1788027997745,"pid":6064,"hostname":"ELTECH","filters":{"page":1,"size":10},"count":5,"msg":"Posts fetched"}
{"level":30,"time":1788028004621,"pid":6064,"hostname":"ELTECH","id":5,"msg":"Post fetched"}
{"level":30,"time":1788028007260,"pid":6064,"hostname":"ELTECH","filters":{"page":1,"size":10},"count":5,"msg":"Posts fetched"}
{"level":30,"time":1788028009033,"pid":6064,"hostname":"ELTECH","id":4,"msg":"Post fetched"}
{"level":30,"time":1788028013043,"pid":6064,"hostname":"ELTECH","filters":{"page":1,"size":10},"count":5,"msg":"Posts fetched"}
{"level":30,"time":1788028018167,"pid":6064,"hostname":"ELTECH","id":2,"msg":"Post fetched"}
{"level":30,"time":1788028046098,"pid":6064,"hostname":"ELTECH","filters":{"size":1000},"count":16,"msg":"Users fetched"}
{"level":30,"time":1788028046118,"pid":6064,"hostname":"ELTECH","filters":{"size":1000},"count":5,"msg":"Posts fetched"}
{"level":30,"time":1788028066551,"pid":6064,"hostname":"ELTECH","filters":{"page":1,"size":10},"count":5,"msg":"Posts fetched"}
{"level":30,"time":1788028066632,"pid":6064,"hostname":"ELTECH","filters":{"page":1,"size":5},"count":5,"msg":"Posts fetched"}
{"level":30,"time":1788028070709,"pid":6064,"hostname":"ELTECH","id":5,"msg":"Post fetched"}
{"level":30,"time":1788028099385,"pid":6064,"hostname":"ELTECH","filters":{"page":1,"size":10},"count":5,"msg":"Posts fetched"}
{"level":30,"time":1788028109837,"pid":6064,"hostname":"ELTECH","filters":{"size":1000},"count":16,"msg":"Users fetched"}
{"level":30,"time":1788028109867,"pid":6064,"hostname":"ELTECH","filters":{"size":1000},"count":5,"msg":"Posts fetched"}
{"level":30,"time":1788028112228,"pid":6064,"hostname":"ELTECH","filters":{"page":1,"size":10},"count":5,"msg":"Posts fetched"}
{"level":30,"time":1788028119846,"pid":6064,"hostname":"ELTECH","id":3,"msg":"Post fetched"}
{"level":30,"time":1788028138207,"pid":6064,"hostname":"ELTECH","filters":{"page":1,"size":10},"count":5,"msg":"Posts fetched"}
{"level":30,"time":1788028138272,"pid":6064,"hostname":"ELTECH","filters":{"page":1,"size":5},"count":5,"msg":"Posts fetched"}
{"level":30,"time":1788028161273,"pid":6064,"hostname":"ELTECH","filters":{"page":1,"size":10},"count":5,"msg":"Posts fetched"}
{"level":30,"time":1788028170491,"pid":6064,"hostname":"ELTECH","id":2,"msg":"Post fetched"}
{"level":30,"time":1788028171314,"pid":6064,"hostname":"ELTECH","filters":{"size":1000},"count":16,"msg":"Users fetched"}
{"level":30,"time":1788028171345,"pid":6064,"hostname":"ELTECH","filters":{"size":1000},"count":5,"msg":"Posts fetched"}
{"level":30,"time":1788028428106,"pid":6064,"hostname":"ELTECH","filters":{"size":1000},"count":16,"msg":"Users fetched"}
{"level":30,"time":1788028428113,"pid":6064,"hostname":"ELTECH","id":2,"msg":"Post fetched"}
{"level":30,"time":1788028428219,"pid":6064,"hostname":"ELTECH","filters":{"size":1000},"count":5,"msg":"Posts fetched"}
{"level":30,"time":1788028443988,"pid":6064,"hostname":"ELTECH","url":"http://localhost:8081/api/v1/addresses?userId=2","filters":{"userId":2},"count":7,"msg":"User addresses fetched"}
{"level":30,"time":1788028445118,"pid":6064,"hostname":"ELTECH","url":"http://localhost:8081/api/v1/addresses?page=1&size=5&userId=2","filters":{"current":1,"limit":5,"userId":2},"count":7,"msg":"User addresses fetched"}
{"level":30,"time":1788028931646,"pid":6064,"hostname":"ELTECH","url":"http://localhost:8081/api/v1/addresses?page=1&size=5&userId=2","filters":{"current":1,"limit":5,"userId":2},"count":7,"msg":"User addresses fetched"}
{"level":30,"time":1788028942369,"pid":6064,"hostname":"ELTECH","url":"http://localhost:8081/api/v1/addresses?userId=2","filters":{"userId":2},"count":7,"msg":"User addresses fetched"}
{"level":30,"time":1788029687958,"pid":6064,"hostname":"ELTECH","url":"http://localhost:8081/api/v1/addresses?page=1&size=5&userId=2","filters":{"current":1,"limit":5,"userId":2},"count":7,"msg":"User addresses fetched"}
{"level":30,"time":1788029867968,"pid":6064,"hostname":"ELTECH","url":"http://localhost:8081/api/v1/addresses?page=1&size=5&userId=2","filters":{"current":1,"limit":5,"userId":2},"count":7,"msg":"User addresses fetched"}
{"level":30,"time":1788030878813,"pid":6064,"hostname":"ELTECH","url":"http://localhost:8081/api/v1/addresses?page=1&size=5&userId=2","filters":{"current":1,"limit":5,"userId":2},"count":7,"msg":"User addresses fetched"}
{"level":30,"time":1788030890942,"pid":6064,"hostname":"ELTECH","url":"http://localhost:8081/api/v1/addresses?userId=2","filters":{"userId":2},"count":7,"msg":"User addresses fetched"}
{"level":30,"time":1788030913100,"pid":6064,"hostname":"ELTECH","filters":{"page":1,"size":10},"count":16,"msg":"Users fetched"}
{"level":30,"time":1788030913117,"pid":6064,"hostname":"ELTECH","filters":{"page":1,"size":5},"count":16,"msg":"Users fetched"}
{"level":30,"time":1788030913169,"pid":6064,"hostname":"ELTECH","filters":{"size":1000},"count":16,"msg":"Users fetched"}
{"level":30,"time":1788030919377,"pid":6064,"hostname":"ELTECH","id":16,"msg":"User fetched"}
{"level":30,"time":1788030920451,"pid":6064,"hostname":"ELTECH","url":"http://localhost:8081/api/v1/addresses?page=1&size=5&userId=16","filters":{"current":1,"limit":5,"userId":16},"count":1,"msg":"User addresses fetched"}
{"level":30,"time":1788030923233,"pid":6064,"hostname":"ELTECH","filters":{"page":3,"size":10},"count":16,"msg":"Users fetched"}
{"level":30,"time":1788030923251,"pid":6064,"hostname":"ELTECH","filters":{"page":3,"size":5},"count":16,"msg":"Users fetched"}
{"level":30,"time":1788030924991,"pid":6064,"hostname":"ELTECH","id":2,"msg":"User fetched"}
{"level":30,"time":1788030939470,"pid":6064,"hostname":"ELTECH","filters":{"page":1,"size":10},"count":5,"msg":"Posts fetched"}
{"level":30,"time":1788030939483,"pid":6064,"hostname":"ELTECH","filters":{"page":1,"size":5},"count":5,"msg":"Posts fetched"}
{"level":30,"time":1788030939532,"pid":6064,"hostname":"ELTECH","filters":{"size":1000},"count":5,"msg":"Posts fetched"}
{"level":30,"time":1788030944773,"pid":6064,"hostname":"ELTECH","id":5,"msg":"Post fetched"}
{"level":30,"time":1788030952944,"pid":6064,"hostname":"ELTECH","filters":{"page":1,"size":10},"count":5,"msg":"Posts fetched"}
{"level":30,"time":1788030957300,"pid":6064,"hostname":"ELTECH","id":2,"msg":"Post fetched"}
{"level":30,"time":1788030970798,"pid":6064,"hostname":"ELTECH","filters":{"page":1,"size":10},"count":16,"msg":"Users fetched"}
{"level":30,"time":1788030974252,"pid":6064,"hostname":"ELTECH","filters":{"size":1000},"count":16,"msg":"Users fetched"}
{"level":30,"time":1788031004329,"pid":6064,"hostname":"ELTECH","filters":{"size":1000},"count":5,"msg":"Posts fetched"}
{"level":30,"time":1788031087568,"pid":6064,"hostname":"ELTECH","filters":{"size":1000},"count":16,"msg":"Users fetched"}
{"level":30,"time":1788031087588,"pid":6064,"hostname":"ELTECH","filters":{"size":1000},"count":5,"msg":"Posts fetched"}
{"level":30,"time":1788031093998,"pid":6064,"hostname":"ELTECH","filters":{"page":1,"size":10},"count":16,"msg":"Users fetched"}
{"level":30,"time":1788031094112,"pid":6064,"hostname":"ELTECH","filters":{"page":1,"size":5},"count":16,"msg":"Users fetched"}
{"level":30,"time":1788031099567,"pid":6064,"hostname":"ELTECH","filters":{"page":3,"size":10},"count":16,"msg":"Users fetched"}
{"level":30,"time":1788031099699,"pid":6064,"hostname":"ELTECH","filters":{"page":3,"size":5},"count":16,"msg":"Users fetched"}
{"level":30,"time":1788031102773,"pid":6064,"hostname":"ELTECH","id":2,"msg":"User fetched"}
{"level":30,"time":1788031104017,"pid":6064,"hostname":"ELTECH","url":"http://localhost:8081/api/v1/addresses?page=1&size=5&userId=2","filters":{"current":1,"limit":5,"userId":2},"count":7,"msg":"User addresses fetched"}
{"level":30,"time":1788031247956,"pid":6064,"hostname":"ELTECH","filters":{"size":1000},"count":16,"msg":"Users fetched"}
{"level":30,"time":1788031247962,"pid":6064,"hostname":"ELTECH","filters":{"page":3,"size":5},"count":16,"msg":"Users fetched"}
{"level":30,"time":1788031257547,"pid":6064,"hostname":"ELTECH","filters":{"size":1000},"count":5,"msg":"Posts fetched"}
{"level":30,"time":1788031520426,"pid":6064,"hostname":"ELTECH","filters":{"size":1000},"count":16,"msg":"Users fetched"}
{"level":30,"time":1788031520432,"pid":6064,"hostname":"ELTECH","filters":{"size":1000},"count":5,"msg":"Posts fetched"}
{"level":30,"time":1788031522808,"pid":6064,"hostname":"ELTECH","filters":{"page":1,"size":10},"count":16,"msg":"Users fetched"}
{"level":30,"time":1788031522827,"pid":6064,"hostname":"ELTECH","filters":{"page":1,"size":5},"count":16,"msg":"Users fetched"}
{"level":30,"time":1788031541151,"pid":6064,"hostname":"ELTECH","filters":{"page":1,"size":10},"count":5,"msg":"Posts fetched"}
{"level":30,"time":1788031541175,"pid":6064,"hostname":"ELTECH","filters":{"page":1,"size":5},"count":5,"msg":"Posts fetched"}
{"level":30,"time":1788031562811,"pid":6064,"hostname":"ELTECH","filters":{"page":1,"size":10},"count":5,"msg":"Posts fetched"}
{"level":30,"time":1788031562887,"pid":6064,"hostname":"ELTECH","filters":{"page":1,"size":5,"search":"m"},"count":2,"msg":"Posts fetched"}
{"level":30,"time":1788031563020,"pid":6064,"hostname":"ELTECH","filters":{"page":1,"size":5,"search":"i"},"count":5,"msg":"Posts fetched"}
{"level":30,"time":1788031563026,"pid":6064,"hostname":"ELTECH","filters":{"page":1,"size":10},"count":5,"msg":"Posts fetched"}
{"level":30,"time":1788031563417,"pid":6064,"hostname":"ELTECH","filters":{"page":1,"size":5,"search":"ic"},"count":4,"msg":"Posts fetched"}
{"level":30,"time":1788031563429,"pid":6064,"hostname":"ELTECH","filters":{"page":1,"size":10},"count":5,"msg":"Posts fetched"}
{"level":30,"time":1788031563918,"pid":6064,"hostname":"ELTECH","filters":{"page":1,"size":10},"count":5,"msg":"Posts fetched"}
{"level":30,"time":1788031564048,"pid":6064,"hostname":"ELTECH","filters":{"page":1,"size":10},"count":5,"msg":"Posts fetched"}
{"level":30,"time":1788031564211,"pid":6064,"hostname":"ELTECH","filters":{"page":1,"size":10},"count":5,"msg":"Posts fetched"}
{"level":30,"time":1788031564363,"pid":6064,"hostname":"ELTECH","filters":{"page":1,"size":5,"search":"mi"},"count":1,"msg":"Posts fetched"}
{"level":30,"time":1788031564395,"pid":6064,"hostname":"ELTECH","filters":{"page":1,"size":10},"count":5,"msg":"Posts fetched"}
{"level":30,"time":1788031564477,"pid":6064,"hostname":"ELTECH","filters":{"page":1,"size":5,"search":"mic"},"count":1,"msg":"Posts fetched"}
{"level":30,"time":1788031564510,"pid":6064,"hostname":"ELTECH","filters":{"page":1,"size":10},"count":5,"msg":"Posts fetched"}
{"level":30,"time":1788031588986,"pid":6064,"hostname":"ELTECH","filters":{"size":1000},"count":5,"msg":"Posts fetched"}
{"level":30,"time":1788031653972,"pid":6064,"hostname":"ELTECH","filters":{"page":1,"size":5,"search":"mic"},"count":1,"msg":"Posts fetched"}
{"level":30,"time":1788031653983,"pid":6064,"hostname":"ELTECH","filters":{"size":1000},"count":5,"msg":"Posts fetched"}
{"level":30,"time":1788031766824,"pid":6064,"hostname":"ELTECH","filters":{"page":1,"size":5,"search":"mic"},"count":1,"msg":"Posts fetched"}
{"level":30,"time":1788031766856,"pid":6064,"hostname":"ELTECH","filters":{"size":1000},"count":5,"msg":"Posts fetched"}
{"level":30,"time":1788031835834,"pid":6064,"hostname":"ELTECH","filters":{"page":1,"size":5,"search":"mic"},"count":1,"msg":"Posts fetched"}
{"level":30,"time":1788031835863,"pid":6064,"hostname":"ELTECH","filters":{"size":1000},"count":5,"msg":"Posts fetched"}
{"level":30,"time":1788032250889,"pid":6064,"hostname":"ELTECH","filters":{"page":1,"size":10},"count":16,"msg":"Users fetched"}
{"level":30,"time":1788032250898,"pid":6064,"hostname":"ELTECH","filters":{"page":1,"size":5},"count":16,"msg":"Users fetched"}
{"level":30,"time":1788032250939,"pid":6064,"hostname":"ELTECH","filters":{"size":1000},"count":16,"msg":"Users fetched"}
{"level":30,"time":1788032253843,"pid":6064,"hostname":"ELTECH","filters":{"page":1,"size":10},"count":5,"msg":"Posts fetched"}
{"level":30,"time":1788032253867,"pid":6064,"hostname":"ELTECH","filters":{"page":1,"size":5},"count":5,"msg":"Posts fetched"}
{"level":30,"time":1788032253988,"pid":6064,"hostname":"ELTECH","filters":{"size":1000},"count":5,"msg":"Posts fetched"}
{"level":30,"time":1788032681287,"pid":6064,"hostname":"ELTECH","filters":{"size":1000},"count":16,"msg":"Users fetched"}
{"level":30,"time":1788032681290,"pid":6064,"hostname":"ELTECH","filters":{"size":1000},"count":5,"msg":"Posts fetched"}
{"level":30,"time":1788098305154,"pid":11252,"hostname":"ELTECH","filters":{"size":1000},"count":5,"msg":"Posts fetched"}
{"level":30,"time":1788098347537,"pid":26380,"hostname":"ELTECH","filters":{"size":1000},"count":5,"msg":"Posts fetched"}
{"level":30,"time":1788098347548,"pid":26380,"hostname":"ELTECH","filters":{"size":1000},"count":16,"msg":"Users fetched"}
{"level":30,"time":1788098349903,"pid":26380,"hostname":"ELTECH","filters":{"size":1000},"count":16,"msg":"Users fetched"}
{"level":30,"time":1788098353901,"pid":26380,"hostname":"ELTECH","msg":"Request to safe URL http://localhost:8081/api/v1/auth/login, skipping token interceptor"}
{"level":30,"time":1788098354264,"pid":26380,"hostname":"ELTECH","id":2,"email":"visitor@gmail.com","msg":"User signed in"}
{"level":30,"time":1788098361230,"pid":26380,"hostname":"ELTECH","filters":{"page":1,"size":10},"count":16,"msg":"Users fetched"}
{"level":30,"time":1788098361265,"pid":26380,"hostname":"ELTECH","filters":{"page":1,"size":5},"count":16,"msg":"Users fetched"}
{"level":30,"time":1788098362345,"pid":26380,"hostname":"ELTECH","filters":{"page":1,"size":10},"count":5,"msg":"Posts fetched"}
{"level":30,"time":1788098362388,"pid":26380,"hostname":"ELTECH","filters":{"page":1,"size":5},"count":5,"msg":"Posts fetched"}
{"level":30,"time":1788098362464,"pid":26380,"hostname":"ELTECH","filters":{"size":1000},"count":5,"msg":"Posts fetched"}
{"level":30,"time":1788098369454,"pid":26380,"hostname":"ELTECH","filters":{"page":1,"size":10},"count":5,"msg":"Posts fetched"}
{"level":30,"time":1788098371659,"pid":26380,"hostname":"ELTECH","filters":{"page":1,"size":10},"count":16,"msg":"Users fetched"}
{"level":30,"time":1788098374270,"pid":26380,"hostname":"ELTECH","id":16,"msg":"User fetched"}
{"level":30,"time":1788098375208,"pid":26380,"hostname":"ELTECH","url":"http://localhost:8081/api/v1/addresses?page=1&size=5&userId=16","filters":{"current":1,"limit":5,"userId":16},"count":1,"msg":"User addresses fetched"}
{"level":30,"time":1788098381305,"pid":26380,"hostname":"ELTECH","addressId":22,"msg":"Address fetched"}
{"level":30,"time":1788098383661,"pid":26380,"hostname":"ELTECH","addressId":22,"msg":"Address updated"}
{"level":30,"time":1788098384619,"pid":26380,"hostname":"ELTECH","filters":{"page":1,"size":10},"count":16,"msg":"Users fetched"}
{"level":30,"time":1788098384634,"pid":26380,"hostname":"ELTECH","addressId":22,"msg":"Address fetched"}
{"level":30,"time":1788098384651,"pid":26380,"hostname":"ELTECH","url":"http://localhost:8081/api/v1/addresses?page=1&size=5&userId=16","filters":{"current":1,"limit":5,"userId":16},"count":1,"msg":"User addresses fetched"}
{"level":30,"time":1788098385017,"pid":26380,"hostname":"ELTECH","filters":{"page":1,"size":10},"count":16,"msg":"Users fetched"}
{"level":30,"time":1788098385013,"pid":26380,"hostname":"ELTECH","url":"http://localhost:8081/api/v1/addresses?page=1&size=5&userId=16","filters":{"current":1,"limit":5,"userId":16},"count":1,"msg":"User addresses fetched"}
{"level":30,"time":1788098385027,"pid":26380,"hostname":"ELTECH","addressId":22,"msg":"Address fetched"}
{"level":30,"time":1788098388421,"pid":26380,"hostname":"ELTECH","filters":{"page":1,"size":10},"count":5,"msg":"Posts fetched"}
{"level":30,"time":1788098390434,"pid":26380,"hostname":"ELTECH","id":5,"msg":"Post fetched"}
{"level":30,"time":1788098393043,"pid":26380,"hostname":"ELTECH","filters":{"page":1,"size":10},"count":5,"msg":"Posts fetched"}
{"level":30,"time":1788098396797,"pid":26380,"hostname":"ELTECH","id":2,"msg":"Post fetched"}
{"level":30,"time":1788098413545,"pid":26380,"hostname":"ELTECH","filters":{"size":1000},"count":16,"msg":"Users fetched"}
{"level":30,"time":1788098418324,"pid":26380,"hostname":"ELTECH","filters":{"page":1,"size":10},"count":16,"msg":"Users fetched"}
{"level":30,"time":1788098420585,"pid":26380,"hostname":"ELTECH","url":"http://localhost:8081/api/v1/addresses?userId=2","filters":{"userId":2},"count":7,"msg":"User addresses fetched"}
{"level":30,"time":1788098421856,"pid":26380,"hostname":"ELTECH","url":"http://localhost:8081/api/v1/addresses?page=1&size=5&userId=2","filters":{"current":1,"limit":5,"userId":2},"count":7,"msg":"User addresses fetched"}
{"level":30,"time":1788098424202,"pid":26380,"hostname":"ELTECH","addressId":8,"msg":"Address fetched"}
{"level":30,"time":1788098426947,"pid":26380,"hostname":"ELTECH","addressId":8,"msg":"Address updated"}
{"level":30,"time":1788098427031,"pid":26380,"hostname":"ELTECH","addressId":8,"msg":"Address fetched"}
{"level":30,"time":1788098427037,"pid":26380,"hostname":"ELTECH","url":"http://localhost:8081/api/v1/addresses?page=1&size=5&userId=2","filters":{"current":1,"limit":5,"userId":2},"count":7,"msg":"User addresses fetched"}
{"level":30,"time":1788098427109,"pid":26380,"hostname":"ELTECH","url":"http://localhost:8081/api/v1/addresses?page=1&size=5&userId=2","filters":{"current":1,"limit":5,"userId":2},"count":7,"msg":"User addresses fetched"}
{"level":30,"time":1788098427112,"pid":26380,"hostname":"ELTECH","addressId":8,"msg":"Address fetched"}
{"level":30,"time":1788098428826,"pid":26380,"hostname":"ELTECH","url":"http://localhost:8081/api/v1/addresses?userId=2","filters":{"userId":2},"count":7,"msg":"User addresses fetched"}
{"level":30,"time":1788098432566,"pid":26380,"hostname":"ELTECH","filters":{"size":1000},"count":5,"msg":"Posts fetched"}
{"level":30,"time":1788098441264,"pid":26380,"hostname":"ELTECH","id":21,"content":"oui","msg":"Comment created successfully"}
{"level":50,"time":1788172001278,"pid":31668,"hostname":"ELTECH","error":"","msg":"API error"}
{"level":50,"time":1788172001281,"pid":31668,"hostname":"ELTECH","status":500,"error":"Internal Server Error","message":"","msg":"[API Error] [getPosts]"}
{"level":50,"time":1788172005435,"pid":31668,"hostname":"ELTECH","error":"","msg":"API error"}
{"level":50,"time":1788172005437,"pid":31668,"hostname":"ELTECH","status":500,"error":"Internal Server Error","message":"","msg":"[API Error] [getComments]"}
{"level":50,"time":1788172008289,"pid":31668,"hostname":"ELTECH","error":"","msg":"API error"}
{"level":50,"time":1788172008291,"pid":31668,"hostname":"ELTECH","status":500,"error":"Internal Server Error","message":"","msg":"[API Error] [getPosts]"}
{"level":50,"time":1788172008427,"pid":31668,"hostname":"ELTECH","error":"","msg":"API error"}
{"level":50,"time":1788172008427,"pid":31668,"hostname":"ELTECH","status":500,"error":"Internal Server Error","message":"","msg":"[API Error] [getComments]"}
{"level":30,"time":1788172026117,"pid":31668,"hostname":"ELTECH","filters":{"size":1000},"count":0,"msg":"Posts fetched"}
{"level":30,"time":1788172029273,"pid":31668,"hostname":"ELTECH","filters":{"size":1000},"count":5,"msg":"Posts fetched"}
{"level":30,"time":1788172140588,"pid":31668,"hostname":"ELTECH","filters":{"size":1000},"count":5,"msg":"Posts fetched"}
{"level":30,"time":1788172237986,"pid":31668,"hostname":"ELTECH","filters":{"size":1000},"count":5,"msg":"Posts fetched"}
{"level":30,"time":1788172239871,"pid":31668,"hostname":"ELTECH","filters":{"size":1000},"count":5,"msg":"Posts fetched"}
{"level":30,"time":1788172241525,"pid":31668,"hostname":"ELTECH","filters":{"size":1000},"count":5,"msg":"Posts fetched"}
{"level":30,"time":1788172443765,"pid":31668,"hostname":"ELTECH","filters":{"size":1000},"count":5,"msg":"Posts fetched"}
{"level":30,"time":1788172924769,"pid":31668,"hostname":"ELTECH","filters":{"size":1000},"count":5,"msg":"Posts fetched"}
{"level":30,"time":1788172928008,"pid":31668,"hostname":"ELTECH","filters":{"size":1000},"count":5,"msg":"Posts fetched"}
{"level":30,"time":1788172982363,"pid":31668,"hostname":"ELTECH","filters":{"size":1000},"count":5,"msg":"Posts fetched"}
{"level":30,"time":1788172984118,"pid":31668,"hostname":"ELTECH","filters":{"size":1000},"count":5,"msg":"Posts fetched"}
{"level":30,"time":1788173046708,"pid":31668,"hostname":"ELTECH","filters":{"size":1000},"count":5,"msg":"Posts fetched"}
{"level":30,"time":1788173052896,"pid":31668,"hostname":"ELTECH","filters":{"size":1000},"count":16,"msg":"Users fetched"}
{"level":30,"time":1788173066159,"pid":31668,"hostname":"ELTECH","id":6,"msg":"Post created"}
{"level":30,"time":1788173066587,"pid":31668,"hostname":"ELTECH","filters":{"size":1000},"count":6,"msg":"Posts fetched"}
{"level":30,"time":1788173139831,"pid":31668,"hostname":"ELTECH","filters":{"size":1000},"count":6,"msg":"Posts fetched"}
{"level":30,"time":1788173214135,"pid":31668,"hostname":"ELTECH","filters":{"size":1000},"count":6,"msg":"Posts fetched"}
{"level":30,"time":1788173244324,"pid":31668,"hostname":"ELTECH","filters":{"size":1000},"count":6,"msg":"Posts fetched"}
{"level":30,"time":1788173246572,"pid":31668,"hostname":"ELTECH","filters":{"size":1000},"count":6,"msg":"Posts fetched"}
{"level":30,"time":1788173333313,"pid":31668,"hostname":"ELTECH","filters":{"size":1000},"count":6,"msg":"Posts fetched"}
{"level":30,"time":1788173334012,"pid":31668,"hostname":"ELTECH","filters":{"size":1000},"count":6,"msg":"Posts fetched"}
{"level":30,"time":1788173336080,"pid":31668,"hostname":"ELTECH","filters":{"size":1000},"count":6,"msg":"Posts fetched"}
{"level":30,"time":1788173390603,"pid":31668,"hostname":"ELTECH","filters":{"size":1000},"count":6,"msg":"Posts fetched"}
{"level":30,"time":1788173390743,"pid":31668,"hostname":"ELTECH","filters":{"size":1000},"count":6,"msg":"Posts fetched"}
{"level":30,"time":1788173400200,"pid":31668,"hostname":"ELTECH","filters":{"size":1000},"count":6,"msg":"Posts fetched"}
{"level":30,"time":1788173402830,"pid":31668,"hostname":"ELTECH","filters":{"size":1000},"count":6,"msg":"Posts fetched"}
{"level":30,"time":1788173432749,"pid":31668,"hostname":"ELTECH","filters":{"size":1000},"count":6,"msg":"Posts fetched"}
{"level":30,"time":1788173432940,"pid":31668,"hostname":"ELTECH","filters":{"size":1000},"count":6,"msg":"Posts fetched"}
{"level":30,"time":1788173434785,"pid":31668,"hostname":"ELTECH","filters":{"size":1000},"count":6,"msg":"Posts fetched"}
{"level":30,"time":1788173635744,"pid":31668,"hostname":"ELTECH","filters":{"size":1000},"count":6,"msg":"Posts fetched"}
{"level":30,"time":1788173794490,"pid":31668,"hostname":"ELTECH","filters":{"size":1000},"count":6,"msg":"Posts fetched"}
{"level":30,"time":1788173794558,"pid":31668,"hostname":"ELTECH","filters":{"size":1000},"count":6,"msg":"Posts fetched"}
{"level":30,"time":1788173796362,"pid":31668,"hostname":"ELTECH","filters":{"size":1000},"count":6,"msg":"Posts fetched"}
{"level":30,"time":1788173933884,"pid":31668,"hostname":"ELTECH","filters":{"size":1000},"count":6,"msg":"Posts fetched"}
{"level":30,"time":1788174067098,"pid":31668,"hostname":"ELTECH","filters":{"size":1000},"count":6,"msg":"Posts fetched"}
{"level":30,"time":1788174069179,"pid":31668,"hostname":"ELTECH","filters":{"size":1000},"count":6,"msg":"Posts fetched"}
{"level":30,"time":1788174234736,"pid":31668,"hostname":"ELTECH","filters":{"size":1000},"count":6,"msg":"Posts fetched"}
{"level":30,"time":1788183748066,"pid":6384,"hostname":"ELTECH","filters":{"size":1000},"count":6,"msg":"Posts fetched"}
{"level":30,"time":1788184660800,"pid":6384,"hostname":"ELTECH","filters":{"size":1000},"count":6,"msg":"Posts fetched"}
{"level":30,"time":1788184822862,"pid":22532,"hostname":"ELTECH","filters":{"size":1000},"count":6,"msg":"Posts fetched"}
{"level":30,"time":1788184826125,"pid":22532,"hostname":"ELTECH","filters":{"size":1000},"count":6,"msg":"Posts fetched"}
{"level":30,"time":1788184837721,"pid":22532,"hostname":"ELTECH","filters":{"size":1000},"count":6,"msg":"Posts fetched"}
{"level":30,"time":1788184843958,"pid":22532,"hostname":"ELTECH","filters":{"page":1,"size":5},"count":16,"msg":"Users fetched"}
{"level":30,"time":1788184844021,"pid":22532,"hostname":"ELTECH","filters":{"size":1000},"count":16,"msg":"Users fetched"}
{"level":30,"time":1788184846340,"pid":22532,"hostname":"ELTECH","filters":{"page":2,"size":5},"count":16,"msg":"Users fetched"}
{"level":30,"time":1788184847110,"pid":22532,"hostname":"ELTECH","filters":{"page":3,"size":5},"count":16,"msg":"Users fetched"}
{"level":30,"time":1788184847644,"pid":22532,"hostname":"ELTECH","filters":{"page":4,"size":5},"count":16,"msg":"Users fetched"}
{"level":30,"time":1788184852835,"pid":22532,"hostname":"ELTECH","id":2,"msg":"User fetched"}
{"level":30,"time":1788184854012,"pid":22532,"hostname":"ELTECH","url":"http://localhost:8081/api/v1/addresses?page=1&size=5&userId=2","filters":{"current":1,"limit":5,"userId":2},"count":7,"msg":"User addresses fetched"}
{"level":30,"time":1788184856449,"pid":22532,"hostname":"ELTECH","addressId":8,"msg":"Address fetched"}
{"level":30,"time":1788184859525,"pid":22532,"hostname":"ELTECH","addressId":8,"msg":"Address updated"}
{"level":30,"time":1788184859718,"pid":22532,"hostname":"ELTECH","addressId":8,"msg":"Address fetched"}
{"level":30,"time":1788184859726,"pid":22532,"hostname":"ELTECH","url":"http://localhost:8081/api/v1/addresses?page=1&size=5&userId=2","filters":{"current":1,"limit":5,"userId":2},"count":7,"msg":"User addresses fetched"}
{"level":30,"time":1788184859870,"pid":22532,"hostname":"ELTECH","url":"http://localhost:8081/api/v1/addresses?page=1&size=5&userId=2","filters":{"current":1,"limit":5,"userId":2},"count":7,"msg":"User addresses fetched"}
{"level":30,"time":1788184859891,"pid":22532,"hostname":"ELTECH","addressId":8,"msg":"Address fetched"}
{"level":30,"time":1788184868746,"pid":22532,"hostname":"ELTECH","url":"http://localhost:8081/api/v1/addresses?userId=2","filters":{"userId":2},"count":7,"msg":"User addresses fetched"}
{"level":30,"time":1788184878589,"pid":22532,"hostname":"ELTECH","url":"http://localhost:8081/api/v1/addresses?page=2&size=5&userId=2","filters":{"current":2,"limit":5,"userId":2},"count":7,"msg":"User addresses fetched"}
{"level":30,"time":1788184908322,"pid":22532,"hostname":"ELTECH","filters":{"page":3,"size":5},"count":16,"msg":"Users fetched"}
{"level":30,"time":1788184909005,"pid":22532,"hostname":"ELTECH","filters":{"page":4,"size":5},"count":16,"msg":"Users fetched"}
{"level":30,"time":1788184911008,"pid":22532,"hostname":"ELTECH","filters":{"page":1,"size":5},"count":6,"msg":"Posts fetched"}
{"level":30,"time":1788184911096,"pid":22532,"hostname":"ELTECH","filters":{"size":1000},"count":6,"msg":"Posts fetched"}
{"level":30,"time":1788184913099,"pid":22532,"hostname":"ELTECH","filters":{"page":2,"size":5},"count":6,"msg":"Posts fetched"}
{"level":30,"time":1788184921324,"pid":22532,"hostname":"ELTECH","id":2,"msg":"Post fetched"}
{"level":30,"time":1788184927192,"pid":22532,"hostname":"ELTECH","filters":{"size":1000},"count":16,"msg":"Users fetched"}
{"level":30,"time":1788185011581,"pid":22532,"hostname":"ELTECH","filters":{"size":1000},"count":16,"msg":"Users fetched"}
{"level":30,"time":1788185011603,"pid":22532,"hostname":"ELTECH","id":2,"msg":"Post fetched"}
{"level":30,"time":1788185011640,"pid":22532,"hostname":"ELTECH","filters":{"size":1000},"count":6,"msg":"Posts fetched"}
{"level":30,"time":1788185080830,"pid":22532,"hostname":"ELTECH","filters":{"size":1000},"count":16,"msg":"Users fetched"}
{"level":30,"time":1788185080866,"pid":22532,"hostname":"ELTECH","filters":{"size":1000},"count":6,"msg":"Posts fetched"}
{"level":30,"time":1788185089486,"pid":22532,"hostname":"ELTECH","filters":{"page":1,"size":5},"count":6,"msg":"Posts fetched"}
{"level":30,"time":1788185094518,"pid":22532,"hostname":"ELTECH","id":6,"msg":"Post fetched"}
{"level":30,"time":1788185105791,"pid":22532,"hostname":"ELTECH","id":6,"msg":"Post updated"}
{"level":30,"time":1788185106003,"pid":22532,"hostname":"ELTECH","id":6,"msg":"Post fetched"}
{"level":30,"time":1788185106087,"pid":22532,"hostname":"ELTECH","filters":{"size":1000},"count":6,"msg":"Posts fetched"}
{"level":30,"time":1788185106138,"pid":22532,"hostname":"ELTECH","filters":{"page":1,"size":5},"count":6,"msg":"Posts fetched"}
{"level":30,"time":1788185133316,"pid":22532,"hostname":"ELTECH","filters":{"size":1000},"count":6,"msg":"Posts fetched"}
{"level":30,"time":1788185138778,"pid":22532,"hostname":"ELTECH","id":6,"msg":"Post deleted"}
{"level":30,"time":1788185138854,"pid":22532,"hostname":"ELTECH","filters":{"size":1000},"count":5,"msg":"Posts fetched"}
{"level":30,"time":1788185140460,"pid":22532,"hostname":"ELTECH","filters":{"size":1000},"count":16,"msg":"Users fetched"}
{"level":30,"time":1788185165059,"pid":22532,"hostname":"ELTECH","id":21,"content":"je valide","msg":"Comment created successfully"}
{"level":30,"time":1788185186161,"pid":22532,"hostname":"ELTECH","filters":{"size":1000},"count":5,"msg":"Posts fetched"}
{"level":30,"time":1788185380416,"pid":18204,"hostname":"ELTECH","filters":{"size":1000},"count":5,"msg":"Posts fetched"}
{"level":30,"time":1788185384647,"pid":18204,"hostname":"ELTECH","filters":{"size":1000},"count":16,"msg":"Users fetched"}
{"level":30,"time":1788185431809,"pid":18204,"hostname":"ELTECH","filters":{"size":1000},"count":5,"msg":"Posts fetched"}
{"level":30,"time":1788185433702,"pid":18204,"hostname":"ELTECH","filters":{"size":1000},"count":5,"msg":"Posts fetched"}
{"level":30,"time":1788185436323,"pid":18204,"hostname":"ELTECH","filters":{"size":1000},"count":16,"msg":"Users fetched"}
{"level":30,"time":1788185444484,"pid":18204,"hostname":"ELTECH","id":22,"content":"parfaite","msg":"Comment created successfully"}
{"level":30,"time":1788185480885,"pid":18204,"hostname":"ELTECH","id":23,"content":"uopi","msg":"Comment created successfully"}
{"level":30,"time":1788185489582,"pid":18204,"hostname":"ELTECH","filters":{"page":1,"size":5},"count":5,"msg":"Posts fetched"}
{"level":30,"time":1788185504248,"pid":18204,"hostname":"ELTECH","id":5,"msg":"Post fetched"}
{"level":30,"time":1788185508446,"pid":18204,"hostname":"ELTECH","filters":{"size":1000},"count":16,"msg":"Users fetched"}
{"level":30,"time":1788185508545,"pid":18204,"hostname":"ELTECH","filters":{"size":1000},"count":5,"msg":"Posts fetched"}
{"level":30,"time":1788185523483,"pid":18204,"hostname":"ELTECH","id":24,"content":"yes","msg":"Comment created successfully"}
{"level":30,"time":1788185555813,"pid":18204,"hostname":"ELTECH","id":25,"content":"yes","msg":"Comment created successfully"}
{"level":30,"time":1788185740656,"pid":18204,"hostname":"ELTECH","filters":{"size":1000},"count":16,"msg":"Users fetched"}
{"level":30,"time":1788185740676,"pid":18204,"hostname":"ELTECH","filters":{"size":1000},"count":5,"msg":"Posts fetched"}
{"level":30,"time":1788185787223,"pid":18204,"hostname":"ELTECH","filters":{"page":1,"size":5},"count":16,"msg":"Users fetched"}
{"level":30,"time":1788185804481,"pid":18204,"hostname":"ELTECH","id":16,"msg":"User fetched"}
{"level":30,"time":1788185816258,"pid":18204,"hostname":"ELTECH","url":"http://localhost:8081/api/v1/addresses?page=1&size=5&userId=16","filters":{"current":1,"limit":5,"userId":16},"count":1,"msg":"User addresses fetched"}
{"level":30,"time":1788191165957,"pid":18204,"hostname":"ELTECH","filters":{"size":1000},"count":16,"msg":"Users fetched"}
{"level":30,"time":1788191166021,"pid":18204,"hostname":"ELTECH","filters":{"page":1,"size":5},"count":16,"msg":"Users fetched"}
{"level":30,"time":1788191171497,"pid":18204,"hostname":"ELTECH","filters":{"page":1,"size":5},"count":16,"msg":"Users fetched"}
{"level":30,"time":1788191171762,"pid":18204,"hostname":"ELTECH","filters":{"size":1000},"count":16,"msg":"Users fetched"}
{"level":30,"time":1788191230922,"pid":18204,"hostname":"ELTECH","filters":{"page":1,"size":5},"count":5,"msg":"Posts fetched"}
{"level":30,"time":1788191231118,"pid":18204,"hostname":"ELTECH","filters":{"size":1000},"count":5,"msg":"Posts fetched"}
{"level":30,"time":1788191251874,"pid":18204,"hostname":"ELTECH","id":5,"msg":"Post fetched"}
{"level":30,"time":1788191264540,"pid":18204,"hostname":"ELTECH","filters":{"size":1000},"count":16,"msg":"Users fetched"}
{"level":30,"time":1788191483394,"pid":18204,"hostname":"ELTECH","id":5,"msg":"Post fetched"}
{"level":30,"time":1788191484881,"pid":18204,"hostname":"ELTECH","id":5,"msg":"Post fetched"}
{"level":30,"time":1788191492327,"pid":18204,"hostname":"ELTECH","filters":{"size":1000},"count":16,"msg":"Users fetched"}
{"level":30,"time":1788191492375,"pid":18204,"hostname":"ELTECH","filters":{"size":1000},"count":5,"msg":"Posts fetched"}
{"level":30,"time":1788191498610,"pid":18204,"hostname":"ELTECH","filters":{"size":1000},"count":16,"msg":"Users fetched"}
{"level":30,"time":1788191498672,"pid":18204,"hostname":"ELTECH","filters":{"size":1000},"count":5,"msg":"Posts fetched"}
{"level":30,"time":1788191555210,"pid":18204,"hostname":"ELTECH","id":5,"msg":"Post fetched"}
{"level":30,"time":1788191555220,"pid":18204,"hostname":"ELTECH","filters":{"size":1000},"count":16,"msg":"Users fetched"}
{"level":30,"time":1788191555240,"pid":18204,"hostname":"ELTECH","filters":{"size":1000},"count":5,"msg":"Posts fetched"}
{"level":30,"time":1788191559371,"pid":18204,"hostname":"ELTECH","filters":{"size":1000},"count":16,"msg":"Users fetched"}
{"level":30,"time":1788191559379,"pid":18204,"hostname":"ELTECH","filters":{"size":1000},"count":5,"msg":"Posts fetched"}
{"level":30,"time":1788191623120,"pid":18204,"hostname":"ELTECH","filters":{"size":1000},"count":16,"msg":"Users fetched"}
{"level":30,"time":1788191623168,"pid":18204,"hostname":"ELTECH","filters":{"size":1000},"count":5,"msg":"Posts fetched"}
{"level":30,"time":1788191623172,"pid":18204,"hostname":"ELTECH","id":5,"msg":"Post fetched"}
{"level":30,"time":1788191628818,"pid":18204,"hostname":"ELTECH","filters":{"size":1000},"count":16,"msg":"Users fetched"}
{"level":30,"time":1788191628832,"pid":18204,"hostname":"ELTECH","filters":{"size":1000},"count":5,"msg":"Posts fetched"}
{"level":30,"time":1788191716043,"pid":18204,"hostname":"ELTECH","filters":{"page":1,"size":5},"count":5,"msg":"Posts fetched"}
{"level":30,"time":1788191716195,"pid":18204,"hostname":"ELTECH","filters":{"size":1000},"count":5,"msg":"Posts fetched"}
{"level":30,"time":1788191725028,"pid":18204,"hostname":"ELTECH","id":1,"msg":"Post fetched"}
{"level":30,"time":1788191806195,"pid":18204,"hostname":"ELTECH","id":1,"msg":"Post fetched"}
{"level":30,"time":1788192138597,"pid":18204,"hostname":"ELTECH","filters":{"size":1000},"count":16,"msg":"Users fetched"}
{"level":30,"time":1788192138609,"pid":18204,"hostname":"ELTECH","filters":{"size":1000},"count":5,"msg":"Posts fetched"}
{"level":30,"time":1788192138630,"pid":18204,"hostname":"ELTECH","id":5,"msg":"Post fetched"}
{"level":30,"time":1788192139788,"pid":18204,"hostname":"ELTECH","id":1,"msg":"Post fetched"}
{"level":30,"time":1788192623774,"pid":18204,"hostname":"ELTECH","id":1,"msg":"Post fetched"}
{"level":30,"time":1788192624745,"pid":18204,"hostname":"ELTECH","filters":{"size":1000},"count":16,"msg":"Users fetched"}
{"level":30,"time":1788192624751,"pid":18204,"hostname":"ELTECH","id":5,"msg":"Post fetched"}
{"level":30,"time":1788192624758,"pid":18204,"hostname":"ELTECH","filters":{"size":1000},"count":5,"msg":"Posts fetched"}
{"level":30,"time":1788192863602,"pid":18204,"hostname":"ELTECH","id":1,"msg":"Post fetched"}
{"level":30,"time":1788192863615,"pid":18204,"hostname":"ELTECH","id":5,"msg":"Post fetched"}
{"level":30,"time":1788192875368,"pid":18204,"hostname":"ELTECH","id":1,"msg":"Post fetched"}
{"level":30,"time":1788192875385,"pid":18204,"hostname":"ELTECH","id":5,"msg":"Post fetched"}
{"level":30,"time":1788192897455,"pid":18204,"hostname":"ELTECH","id":1,"msg":"Post fetched"}
{"level":30,"time":1788192897476,"pid":18204,"hostname":"ELTECH","id":5,"msg":"Post fetched"}
{"level":30,"time":1788192967084,"pid":18204,"hostname":"ELTECH","filters":{"size":1000},"count":16,"msg":"Users fetched"}
{"level":30,"time":1788192968913,"pid":18204,"hostname":"ELTECH","filters":{"size":1000},"count":5,"msg":"Posts fetched"}
{"level":30,"time":1788192998477,"pid":18204,"hostname":"ELTECH","id":5,"msg":"Post fetched"}
{"level":30,"time":1788193184404,"pid":18204,"hostname":"ELTECH","id":5,"msg":"Post fetched"}
{"level":30,"time":1788193184830,"pid":18204,"hostname":"ELTECH","id":1,"msg":"Post fetched"}
{"level":30,"time":1788193242849,"pid":18204,"hostname":"ELTECH","filters":{"page":1,"size":5},"count":5,"msg":"Posts fetched"}
{"level":30,"time":1788193243086,"pid":18204,"hostname":"ELTECH","filters":{"size":1000},"count":5,"msg":"Posts fetched"}
{"level":30,"time":1788193254378,"pid":18204,"hostname":"ELTECH","id":5,"msg":"Post fetched"}
{"level":30,"time":1788193254398,"pid":18204,"hostname":"ELTECH","filters":{"size":1000},"count":16,"msg":"Users fetched"}
{"level":30,"time":1788193312319,"pid":18204,"hostname":"ELTECH","filters":{"size":1000},"count":5,"msg":"Posts fetched"}
{"level":30,"time":1788193312325,"pid":18204,"hostname":"ELTECH","filters":{"page":1,"size":5},"count":5,"msg":"Posts fetched"}
{"level":30,"time":1788193378638,"pid":18204,"hostname":"ELTECH","filters":{"size":1000},"count":16,"msg":"Users fetched"}
{"level":30,"time":1788193378673,"pid":18204,"hostname":"ELTECH","filters":{"size":1000},"count":5,"msg":"Posts fetched"}
{"level":30,"time":1788193378793,"pid":18204,"hostname":"ELTECH","filters":{"page":1,"size":5},"count":16,"msg":"Users fetched"}
{"level":30,"time":1788193441585,"pid":18204,"hostname":"ELTECH","filters":{"page":1,"size":5},"count":16,"msg":"Users fetched"}
{"level":30,"time":1788193441732,"pid":18204,"hostname":"ELTECH","filters":{"size":1000},"count":16,"msg":"Users fetched"}
{"level":30,"time":1788193447676,"pid":18204,"hostname":"ELTECH","id":1,"msg":"Post fetched"}
{"level":30,"time":1788193460294,"pid":18204,"hostname":"ELTECH","filters":{"page":1,"size":5},"count":5,"msg":"Posts fetched"}
{"level":30,"time":1788193460370,"pid":18204,"hostname":"ELTECH","filters":{"size":1000},"count":5,"msg":"Posts fetched"}
{"level":30,"time":1788193540202,"pid":18204,"hostname":"ELTECH","filters":{"page":1,"size":5},"count":16,"msg":"Users fetched"}
{"level":30,"time":1788193541135,"pid":18204,"hostname":"ELTECH","filters":{"size":1000},"count":16,"msg":"Users fetched"}
{"level":30,"time":1788193545875,"pid":18204,"hostname":"ELTECH","id":1,"msg":"Post fetched"}
{"level":30,"time":1788193552118,"pid":18204,"hostname":"ELTECH","filters":{"page":1,"size":5},"count":16,"msg":"Users fetched"}
{"level":30,"time":1788193552506,"pid":18204,"hostname":"ELTECH","filters":{"size":1000},"count":16,"msg":"Users fetched"}
{"level":30,"time":1788193585295,"pid":18204,"hostname":"ELTECH","filters":{"page":1,"size":5},"count":16,"msg":"Users fetched"}
{"level":30,"time":1788193593855,"pid":18204,"hostname":"ELTECH","id":1,"msg":"Post fetched"}
{"level":30,"time":1788193593864,"pid":18204,"hostname":"ELTECH","filters":{"size":1000},"count":16,"msg":"Users fetched"}
{"level":30,"time":1788193651076,"pid":18204,"hostname":"ELTECH","id":16,"msg":"User fetched"}
{"level":30,"time":1788193663186,"pid":18204,"hostname":"ELTECH","url":"http://localhost:8081/api/v1/addresses?page=1&size=5&userId=16","filters":{"current":1,"limit":5,"userId":16},"count":1,"msg":"User addresses fetched"}
{"level":30,"time":1788193675521,"pid":18204,"hostname":"ELTECH","filters":{"page":1,"size":5},"count":5,"msg":"Posts fetched"}
{"level":30,"time":1788193675610,"pid":18204,"hostname":"ELTECH","filters":{"size":1000},"count":5,"msg":"Posts fetched"}
{"level":30,"time":1788193684743,"pid":18204,"hostname":"ELTECH","id":5,"msg":"Post fetched"}
{"level":30,"time":1788193711406,"pid":18204,"hostname":"ELTECH","filters":{"size":1000},"count":16,"msg":"Users fetched"}
{"level":30,"time":1788193741953,"pid":18204,"hostname":"ELTECH","filters":{"size":1000},"count":5,"msg":"Posts fetched"}
{"level":30,"time":1788193741960,"pid":18204,"hostname":"ELTECH","filters":{"page":1,"size":5},"count":5,"msg":"Posts fetched"}
{"level":30,"time":1788193763597,"pid":18204,"hostname":"ELTECH","id":5,"msg":"Post fetched"}
{"level":30,"time":1788193787805,"pid":18204,"hostname":"ELTECH","filters":{"size":1000},"count":16,"msg":"Users fetched"}
{"level":30,"time":1788193824564,"pid":18204,"hostname":"ELTECH","filters":{"size":1000},"count":5,"msg":"Posts fetched"}
{"level":30,"time":1788193865561,"pid":18204,"hostname":"ELTECH","filters":{"size":1000},"count":16,"msg":"Users fetched"}
{"level":30,"time":1788193865586,"pid":18204,"hostname":"ELTECH","id":5,"msg":"Post fetched"}
{"level":30,"time":1788193887994,"pid":18204,"hostname":"ELTECH","filters":{"size":1000},"count":5,"msg":"Posts fetched"}
{"level":30,"time":1788193907402,"pid":18204,"hostname":"ELTECH","id":1,"msg":"Post fetched"}
{"level":30,"time":1788193931781,"pid":18204,"hostname":"ELTECH","filters":{"size":1000},"count":16,"msg":"Users fetched"}
{"level":30,"time":1788193931809,"pid":18204,"hostname":"ELTECH","id":5,"msg":"Post fetched"}
{"level":30,"time":1788193981399,"pid":18204,"hostname":"ELTECH","filters":{"size":1000},"count":5,"msg":"Posts fetched"}
{"level":30,"time":1788194004716,"pid":18204,"hostname":"ELTECH","filters":{"size":1000},"count":16,"msg":"Users fetched"}
{"level":30,"time":1788194004767,"pid":18204,"hostname":"ELTECH","id":5,"msg":"Post fetched"}
{"level":30,"time":1788195584912,"pid":18204,"hostname":"ELTECH","id":1,"msg":"Post fetched"}
{"level":30,"time":1788195589134,"pid":18204,"hostname":"ELTECH","filters":{"size":1000},"count":16,"msg":"Users fetched"}
{"level":30,"time":1788195591480,"pid":18204,"hostname":"ELTECH","filters":{"size":1000},"count":5,"msg":"Posts fetched"}
{"level":30,"time":1788195637408,"pid":18204,"hostname":"ELTECH","filters":{"page":1,"size":5},"count":5,"msg":"Posts fetched"}
{"level":30,"time":1788195641502,"pid":18204,"hostname":"ELTECH","id":5,"msg":"Post fetched"}
{"level":30,"time":1788195698297,"pid":18204,"hostname":"ELTECH","filters":{"size":1000},"count":16,"msg":"Users fetched"}
{"level":30,"time":1788195698349,"pid":18204,"hostname":"ELTECH","filters":{"size":1000},"count":5,"msg":"Posts fetched"}
{"level":30,"time":1788195709854,"pid":18204,"hostname":"ELTECH","id":5,"msg":"Post fetched"}
{"level":30,"time":1788195800669,"pid":18204,"hostname":"ELTECH","filters":{"size":1000},"count":16,"msg":"Users fetched"}
{"level":30,"time":1788195800694,"pid":18204,"hostname":"ELTECH","filters":{"size":1000},"count":5,"msg":"Posts fetched"}
{"level":30,"time":1788195826080,"pid":18204,"hostname":"ELTECH","id":5,"msg":"Post fetched"}
{"level":30,"time":1788195874802,"pid":18204,"hostname":"ELTECH","filters":{"size":1000},"count":16,"msg":"Users fetched"}
{"level":30,"time":1788195874831,"pid":18204,"hostname":"ELTECH","filters":{"size":1000},"count":5,"msg":"Posts fetched"}
{"level":30,"time":1788195898585,"pid":18204,"hostname":"ELTECH","id":5,"msg":"Post fetched"}
{"level":30,"time":1788195947027,"pid":18204,"hostname":"ELTECH","filters":{"size":1000},"count":16,"msg":"Users fetched"}
{"level":30,"time":1788195947048,"pid":18204,"hostname":"ELTECH","filters":{"size":1000},"count":5,"msg":"Posts fetched"}
{"level":30,"time":1788196035020,"pid":18204,"hostname":"ELTECH","filters":{"size":1000},"count":16,"msg":"Users fetched"}
{"level":30,"time":1788196035037,"pid":18204,"hostname":"ELTECH","filters":{"size":1000},"count":5,"msg":"Posts fetched"}
{"level":30,"time":1788196125236,"pid":18204,"hostname":"ELTECH","filters":{"size":1000},"count":5,"msg":"Posts fetched"}
{"level":30,"time":1788196125242,"pid":18204,"hostname":"ELTECH","filters":{"size":1000},"count":16,"msg":"Users fetched"}
{"level":30,"time":1788196187981,"pid":18204,"hostname":"ELTECH","id":1,"msg":"Post fetched"}
{"level":30,"time":1788196188399,"pid":18204,"hostname":"ELTECH","filters":{"size":1000},"count":5,"msg":"Posts fetched"}
{"level":30,"time":1788196188890,"pid":18204,"hostname":"ELTECH","filters":{"size":1000},"count":5,"msg":"Posts fetched"}
{"level":30,"time":1788196193423,"pid":18204,"hostname":"ELTECH","filters":{"size":1000},"count":5,"msg":"Posts fetched"}
{"level":30,"time":1788196194922,"pid":18204,"hostname":"ELTECH","id":1,"msg":"Post fetched"}
{"level":30,"time":1788196215963,"pid":18204,"hostname":"ELTECH","filters":{"size":1000},"count":16,"msg":"Users fetched"}
{"level":30,"time":1788196336140,"pid":18204,"hostname":"ELTECH","filters":{"size":1000},"count":5,"msg":"Posts fetched"}
{"level":30,"time":1788196394015,"pid":18204,"hostname":"ELTECH","filters":{"size":1000},"count":5,"msg":"Posts fetched"}
{"level":30,"time":1788196442782,"pid":18204,"hostname":"ELTECH","filters":{"size":1000},"count":5,"msg":"Posts fetched"}
{"level":30,"time":1788196455934,"pid":18204,"hostname":"ELTECH","id":1,"msg":"Post fetched"}
{"level":30,"time":1788196460364,"pid":18204,"hostname":"ELTECH","filters":{"size":1000},"count":5,"msg":"Posts fetched"}
{"level":30,"time":1788196464515,"pid":18204,"hostname":"ELTECH","id":1,"msg":"Post fetched"}
{"level":30,"time":1788196630692,"pid":18204,"hostname":"ELTECH","filters":{"size":1000},"count":5,"msg":"Posts fetched"}
{"level":30,"time":1788197293171,"pid":18204,"hostname":"ELTECH","filters":{"size":1000},"count":5,"msg":"Posts fetched"}
{"level":30,"time":1788197297060,"pid":18204,"hostname":"ELTECH","filters":{"size":1000},"count":5,"msg":"Posts fetched"}
{"level":30,"time":1788197304448,"pid":18204,"hostname":"ELTECH","id":1,"msg":"Post fetched"}
{"level":30,"time":1788197725720,"pid":18204,"hostname":"ELTECH","filters":{"size":1000},"count":5,"msg":"Posts fetched"}
{"level":30,"time":1788197772005,"pid":18204,"hostname":"ELTECH","filters":{"page":1,"size":5},"count":16,"msg":"Users fetched"}
{"level":30,"time":1788197772064,"pid":18204,"hostname":"ELTECH","filters":{"size":1000},"count":16,"msg":"Users fetched"}
{"level":30,"time":1788197778881,"pid":18204,"hostname":"ELTECH","filters":{"page":3,"size":5},"count":16,"msg":"Users fetched"}
{"level":30,"time":1788197786818,"pid":18204,"hostname":"ELTECH","id":2,"msg":"User fetched"}
{"level":30,"time":1788197793719,"pid":18204,"hostname":"ELTECH","url":"http://localhost:8081/api/v1/addresses?page=1&size=5&userId=2","filters":{"current":1,"limit":5,"userId":2},"count":7,"msg":"User addresses fetched"}
{"level":30,"time":1788197803589,"pid":18204,"hostname":"ELTECH","addressId":7,"msg":"Address fetched"}
{"level":30,"time":1788197899483,"pid":18204,"hostname":"ELTECH","filters":{"size":1000},"count":16,"msg":"Users fetched"}
{"level":30,"time":1788197899494,"pid":18204,"hostname":"ELTECH","filters":{"page":3,"size":5},"count":16,"msg":"Users fetched"}
{"level":30,"time":1788197920968,"pid":18204,"hostname":"ELTECH","filters":{"page":1,"size":5},"count":5,"msg":"Posts fetched"}
{"level":30,"time":1788197921140,"pid":18204,"hostname":"ELTECH","filters":{"size":1000},"count":5,"msg":"Posts fetched"}
{"level":30,"time":1788197933453,"pid":18204,"hostname":"ELTECH","id":5,"msg":"Post fetched"}
{"level":30,"time":1788198076075,"pid":18204,"hostname":"ELTECH","filters":{"size":1000},"count":5,"msg":"Posts fetched"}
{"level":30,"time":1788198076083,"pid":18204,"hostname":"ELTECH","filters":{"page":1,"size":5},"count":5,"msg":"Posts fetched"}
{"level":30,"time":1788198101644,"pid":18204,"hostname":"ELTECH","filters":{"page":1,"size":5},"count":16,"msg":"Users fetched"}
{"level":30,"time":1788198101735,"pid":18204,"hostname":"ELTECH","filters":{"size":1000},"count":16,"msg":"Users fetched"}
{"level":30,"time":1788198114108,"pid":18204,"hostname":"ELTECH","id":16,"msg":"User fetched"}
